Row ID,Order Priority,Discount,Unit Price,Shipping Cost,Customer ID,Customer Name,Ship Mode,Customer Segment,Product Category,Product Sub-Category,Product Container,Product Name,Product Base Margin,Country,Region,State,City,Postal Code,Order Date,Ship Date,Profit,Quantity,Sales,Order ID,Line Key,Base Margin Imputed,Order ID Shared,Returned,Manager,Ship Days,Order Month,Order Month Name,Order Week,Order Weekday,Order Quarter,Gross Sales,Discount Amount,Profit Margin,Is Loss,Margin Gap,Discount Band,Order Size Band,Ship Speed,Priority Rank,State Code
20847,High,0.01,2.84,0.93,3,Bonnie Potter,Express Air,Corporate,Office Supplies,Pens & Art Supplies,Wrap Bag,SANFORD Liquid Accent™ Tank-Style Highlighters,0.54,United States,West,Washington,Anacortes,98221,2015-01-07,2015-01-08,4.56,4,13.01,88522,1,False,False,False,William,1,2015-01-01,Jan,2,Wednesday,Q1,11.36,0.11359999999999999,0.35049961568024596,False,-0.18950038431975408,1-3%,<100,Same/next day,2,WA
20228,Not Specified,0.02,500.98,26.0,5,Ronnie Proctor,Delivery Truck,Home Office,Furniture,Chairs & Chairmats,Jumbo Drum,Global Troy™ Executive Leather Low-Back Tilter,0.6,United States,West,California,San Gabriel,91776,2015-06-13,2015-06-15,4390.3665,12,6362.85,90193,2,False,False,False,William,2,2015-06-01,Jun,24,Saturday,Q2,6011.76,120.2352,0.69,False,0.08999999999999997,1-3%,2k-10k,2-3 days,5,CA
21776,Critical,0.06,9.48,7.29,11,Marcus Dunlap,Regular Air,Home Office,Furniture,Office Furnishings,Small Pack,"DAX Two-Tone Rosewood/Black Document Frame, Desktop, 5 x 7",0.45,United States,East,New Jersey,Roselle,07203,2015-02-15,2015-02-17,-53.8096,22,211.15,90192,3,False,False,False,Erin,2,2015-02-01,Feb,7,Sunday,Q1,208.56,12.5136,-0.25484063461993844,True,-0.7048406346199385,4-6%,100-500,2-3 days,1,NJ
24844,Medium,0.09,78.69,19.99,14,Gwendolyn F Tyson,Regular Air,Small Business,Furniture,Office Furnishings,Small Box,Howard Miller 12-3/4 Diameter Accuwave DS ™ Wall Clock,0.43,United States,Central,Minnesota,Prior Lake,55372,2015-05-12,2015-05-14,803.4705,16,1164.45,86838,4,False,False,False,Chris,2,2015-05-01,May,20,Tuesday,Q2,1259.04,113.3136,0.69,False,0.25999999999999995,7-9%,500-2k,2-3 days,3,MN
24846,Medium,0.08,3.28,2.31,14,Gwendolyn F Tyson,Regular Air,Small Business,Office Supplies,Pens & Art Supplies,Wrap Bag,Newell 321,0.56,United States,Central,Minnesota,Prior Lake,55372,2015-05-12,2015-05-13,-24.03,7,22.23,86838,5,False,False,False,Chris,1,2015-05-01,May,20,Tuesday,Q2,22.959999999999997,1.8367999999999998,-1.0809716599190284,True,-1.6409716599190285,7-9%,<100,Same/next day,3,MN
24847,Medium,0.05,3.28,4.2,14,Gwendolyn F Tyson,Regular Air,Small Business,Office Supplies,Pens & Art Supplies,Wrap Bag,Newell 351,0.56,United States,Central,Minnesota,Prior Lake,55372,2015-05-12,2015-05-13,-37.03,4,13.99,86838,6,False,False,False,Chris,1,2015-05-01,May,20,Tuesday,Q2,13.12,0.656,-2.646890636168692,True,-3.206890636168692,4-6%,<100,Same/next day,3,MN
24848,Medium,0.05,3.58,1.63,14,Gwendolyn F Tyson,Regular Air,Small Business,Office Supplies,Rubber Bands,Wrap Bag,"OIC Colored Binder Clips, Assorted Sizes",0.36,United States,Central,Minnesota,Prior Lake,55372,2015-05-12,2015-05-13,-0.71,4,14.26,86838,7,False,False,False,Chris,1,2015-05-01,May,20,Tuesday,Q2,14.32,0.7160000000000001,-0.04978962131837307,True,-0.40978962131837304,4-6%,<100,Same/next day,3,MN
18181,Critical,0.0,4.42,4.99,15,Timothy Reese,Regular Air,Small Business,Office Supplies,Envelopes,Small Box,Grip Seal Envelopes,0.38,United States,East,New York,Smithtown,11787,2015-04-08,2015-04-09,-59.82,7,33.47,86837,8,False,False,False,Erin,1,2015-04-01,Apr,15,Wednesday,Q2,30.939999999999998,0.0,-1.7872721840454138,True,-2.1672721840454137,0%,<100,Same/next day,1,NY
20925,Medium,0.01,35.94,6.66,15,Timothy Reese,Regular Air,Small Business,Office Supplies,Envelopes,Small Box,"Tyvek ® Top-Opening Peel & Seel ® Envelopes, Gray",0.4,United States,East,New York,Smithtown,11787,2015-05-28,2015-05-28,261.87569999999994,10,379.53,86839,9,False,False,False,Erin,0,2015-05-01,May,22,Thursday,Q2,359.4,3.594,0.6899999999999998,False,0.2899999999999998,1-3%,100-500,Same/next day,3,NY
26267,High,0.04,2.98,1.58,16,Sarah Ramsey,Regular Air,Small Business,Office Supplies,Rubber Bands,Wrap Bag,Staples Gold Paper Clips,0.39,United States,East,New York,Syracuse,13210,2015-02-12,2015-02-15,2.63,6,18.8,86836,10,False,False,False,Erin,3,2015-02-01,Feb,7,Thursday,Q1,17.88,0.7152,0.1398936170212766,False,-0.25010638297872345,4-6%,<100,2-3 days,2,NY
26268,High,0.05,115.99,2.5,16,Sarah Ramsey,Regular Air,Small Business,Technology,Telephones and Communication,Small Box,StarTAC 7797,0.55,United States,East,New York,Syracuse,13210,2015-02-12,2015-02-14,652.7330999999999,10,945.99,86836,11,False,False,False,Erin,2,2015-02-01,Feb,7,Thursday,Q1,1159.8999999999999,57.995,0.69,False,0.1399999999999999,4-6%,500-2k,2-3 days,2,NY
23890,High,0.05,26.48,6.93,18,Laurie Hanna,Regular Air,Small Business,Furniture,Office Furnishings,Small Box,DAX Natural Wood-Tone Poster Frame,0.49,United States,West,Montana,Helena,59601,2015-05-15,2015-05-16,314.4813,17,455.77,90031,12,False,False,False,William,1,2015-05-01,May,20,Friday,Q2,450.16,22.508000000000003,0.69,False,0.19999999999999996,4-6%,100-500,Same/next day,2,MT
24063,Not Specified,0.07,12.99,9.44,19,Jim Rodgers,Regular Air,Small Business,Technology,Office Machines,Medium Box,Hewlett Packard 6S Scientific Calculator,0.39,United States,West,Montana,Missoula,59801,2015-05-21,2015-05-23,-114.63990000000001,18,231.79,90032,13,False,False,False,William,2,2015-05-01,May,21,Thursday,Q2,233.82,16.3674,-0.4945851848656112,True,-0.8845851848656112,7-9%,100-500,2-3 days,5,MT
5890,High,0.05,26.48,6.93,21,Tony Wilkins Winters,Regular Air,Small Business,Furniture,Office Furnishings,Small Box,DAX Natural Wood-Tone Poster Frame,0.49,United States,East,New York,New York City,10012,2015-05-15,2015-05-16,384.38,70,1876.69,41793,14,False,False,False,Erin,1,2015-05-01,May,20,Friday,Q2,1853.6000000000001,92.68,0.20481805732433167,False,-0.2851819426756683,4-6%,500-2k,Same/next day,2,NY
6062,Not Specified,0.08,5.0,3.39,21,Tony Wilkins Winters,Regular Air,Small Business,Office Supplies,Rubber Bands,Wrap Bag,Advantus Plastic Paper Clips,0.37,United States,East,New York,New York City,10012,2015-05-21,2015-05-22,-17.49,58,293.06,42949,15,False,False,False,Erin,1,2015-05-01,May,21,Thursday,Q2,290.0,23.2,-0.05968061147887804,True,-0.42968061147887804,7-9%,100-500,Same/next day,5,NY
6063,Not Specified,0.07,12.99,9.44,21,Tony Wilkins Winters,Regular Air,Small Business,Technology,Office Machines,Medium Box,Hewlett Packard 6S Scientific Calculator,0.39,United States,East,New York,New York City,10012,2015-05-21,2015-05-23,-114.63990000000001,71,914.29,42949,16,False,False,False,Erin,2,2015-05-01,May,21,Thursday,Q2,922.29,64.5603,-0.12538680287436155,True,-0.5153868028743616,7-9%,500-2k,2-3 days,5,NY
20631,High,0.06,55.48,14.3,24,Edna Thomas,Regular Air,Corporate,Office Supplies,Paper,Small Box,Xerox 194,0.37,United States,West,California,Laguna Niguel,92677,2015-01-28,2015-01-29,-28.2968,1,67.49,87651,17,False,False,False,William,1,2015-01-01,Jan,5,Wednesday,Q1,55.48,3.3287999999999998,-0.41927396651355764,True,-0.7892739665135576,4-6%,<100,Same/next day,2,CA
20632,High,0.02,1.68,1.57,24,Edna Thomas,Regular Air,Corporate,Office Supplies,Pens & Art Supplies,Wrap Bag,Newell 323,0.59,United States,West,California,Laguna Niguel,92677,2015-01-28,2015-01-30,-5.3072,1,2.25,87651,18,False,False,False,William,2,2015-01-01,Jan,5,Wednesday,Q1,1.68,0.0336,-2.3587555555555557,True,-2.9487555555555556,1-3%,<100,2-3 days,2,CA
23967,Not Specified,0.04,4.14,6.6,27,Guy Gallagher,Regular Air,Corporate,Furniture,Office Furnishings,Small Box,Eldon Image Series Black Desk Accessories,0.49,United States,West,California,Lakewood,90712,2015-05-02,2015-05-04,8.894000000000005,12,54.78,87652,19,False,False,False,William,2,2015-05-01,May,18,Saturday,Q2,49.67999999999999,1.9871999999999999,0.1623585250091275,False,-0.3276414749908725,4-6%,<100,2-3 days,5,CA
23509,High,0.08,34.99,7.73,32,Matthew Berman,Regular Air,Corporate,Office Supplies,Pens & Art Supplies,Small Box,Hunt Boston® Vacuum Mount KS Pencil Sharpener,0.59,United States,West,Oregon,Grants Pass,97526,2015-02-22,2015-02-23,144.69,13,424.68,89199,20,False,False,False,William,1,2015-02-01,Feb,8,Sunday,Q1,454.87,36.3896,0.34070358858434585,False,-0.24929641141565412,7-9%,100-500,Same/next day,2,OR
23612,High,0.01,17.98,8.51,32,Matthew Berman,Regular Air,Corporate,Technology,Office Machines,Medium Box,Canon P1-DHIII Palm Printing Calculator,0.4,United States,West,Oregon,Grants Pass,97526,2015-03-27,2015-03-28,-35.8788,2,40.17,89200,21,False,False,False,William,1,2015-03-01,Mar,13,Friday,Q1,35.96,0.35960000000000003,-0.8931740104555638,True,-1.2931740104555638,1-3%,<100,Same/next day,2,OR
23278,Medium,0.09,125.99,7.69,32,Matthew Berman,Express Air,Corporate,Technology,Telephones and Communication,Small Box,StarTAC 3000,0.59,United States,West,Oregon,Grants Pass,97526,2015-01-20,2015-01-22,209.997,8,783.55,89202,22,False,False,False,William,2,2015-01-01,Jan,4,Tuesday,Q1,1007.92,90.71279999999999,0.2680071469593517,False,-0.3219928530406483,7-9%,500-2k,2-3 days,3,OR
19355,Low,0.06,205.99,8.99,32,Matthew Berman,Regular Air,Corporate,Technology,Telephones and Communication,Small Box,TimeportP7382,0.56,United States,West,Oregon,Grants Pass,97526,2015-03-12,2015-03-19,3568.096,22,3838.14,89203,23,False,False,False,William,7,2015-03-01,Mar,11,Thursday,Q1,4531.780000000001,271.90680000000003,0.9296419619920065,False,0.3696419619920065,4-6%,2k-10k,4-7 days,4,OR
23654,Not Specified,0.03,4.24,5.41,33,Ricky Hensley,Regular Air,Corporate,Office Supplies,Binders and Binder Accessories,Small Box,Storex DuraTech Recycled Plastic Frosted Binders,0.35,United States,West,Oregon,Gresham,97030,2015-06-15,2015-06-17,-84.4376,13,58.68,89201,24,False,False,False,William,2,2015-06-01,Jun,25,Monday,Q2,55.120000000000005,1.6536000000000002,-1.4389502385821404,True,-1.7889502385821405,1-3%,<100,2-3 days,5,OR
23655,Not Specified,0.04,2.94,0.7,33,Ricky Hensley,Regular Air,Corporate,Office Supplies,Pens & Art Supplies,Wrap Bag,Newell 338,0.58,United States,West,Oregon,Gresham,97030,2015-06-15,2015-06-16,24.312,18,53.1,89201,25,False,False,False,William,1,2015-06-01,Jun,25,Monday,Q2,52.92,2.1168,0.4578531073446328,False,-0.12214689265536716,4-6%,<100,Same/next day,5,OR
25933,High,0.0,99.99,19.99,43,Theodore Moran,Regular Air,Consumer,Technology,Office Machines,Small Box,AT&T 2230 Dual Handset Phone With Caller ID/Call Waiting,0.52,United States,West,Washington,Redmond,98052,2015-05-10,2015-05-11,25.913820000000015,6,647.07,91454,26,False,False,False,William,1,2015-05-01,May,19,Sunday,Q2,599.9399999999999,0.0,0.04004793917195978,False,-0.47995206082804026,0%,500-2k,Same/next day,2,WA
18551,Not Specified,0.0,115.99,2.5,52,Lorraine Kelly,Regular Air,Corporate,Technology,Telephones and Communication,Small Box,6160,0.57,United States,West,Washington,Puyallup,98373,2015-03-10,2015-03-10,162.666,6,627.04,88426,27,False,True,False,William,0,2015-03-01,Mar,11,Tuesday,Q1,695.9399999999999,0.0,0.25941885685123756,False,-0.3105811431487624,0%,500-2k,Same/next day,5,WA
22117,Critical,0.07,3502.14,8.73,53,Sidney Russell Austin,Delivery Truck,Corporate,Technology,Office Machines,Jumbo Box,Okidata Pacemark 4410N Wide Format Dot Matrix Printer,0.57,United States,West,Washington,Redmond,98052,2015-01-28,2015-01-30,-6923.5992,1,3267.55,88425,28,False,False,False,William,2,2015-01-01,Jan,5,Wednesday,Q1,3502.14,245.14980000000003,-2.1188961760340312,True,-2.688896176034031,7-9%,2k-10k,2-3 days,1,WA
18552,Not Specified,0.02,5.98,5.79,53,Sidney Russell Austin,Regular Air,Corporate,Office Supplies,Paper,Small Box,Xerox 1903,0.36,United States,West,Washington,Redmond,98052,2015-03-10,2015-03-11,-67.49,17,110.19,88426,29,False,True,False,William,1,2015-03-01,Mar,11,Tuesday,Q1,101.66000000000001,2.0332000000000003,-0.61248752155368,True,-0.97248752155368,1-3%,100-500,Same/next day,5,WA
20697,Medium,0.06,3.8,1.49,56,Randall Montgomery,Regular Air,Consumer,Office Supplies,Binders and Binder Accessories,Small Box,Durable Pressboard Binders,0.38,United States,East,New York,Tonawanda,14150,2015-04-20,2015-04-21,19.6282,20,73.55,88075,30,False,False,False,Erin,1,2015-04-01,Apr,17,Monday,Q2,76.0,4.56,0.26686879673691366,False,-0.11313120326308634,4-6%,<100,Same/next day,3,NY
20698,Medium,0.06,1.76,0.7,56,Randall Montgomery,Regular Air,Consumer,Office Supplies,Pens & Art Supplies,Wrap Bag,Newell 310,0.56,United States,East,New York,Tonawanda,14150,2015-04-20,2015-04-21,-1.6524,17,29.57,88075,31,False,False,False,Erin,1,2015-04-01,Apr,17,Monday,Q2,29.92,1.7952000000000001,-0.055880960432871156,True,-0.6158809604328712,4-6%,<100,Same/next day,3,NY
22890,High,0.02,5.98,5.15,62,Pam Gilbert,Regular Air,Corporate,Office Supplies,Paper,Small Box,Xerox 193,0.36,United States,Central,Texas,Round Rock,78664,2015-05-09,2015-05-11,2.1400000000000023,3,22.85,87407,32,False,False,False,Chris,2,2015-05-01,May,19,Saturday,Q2,17.94,0.3588,0.0936542669584246,False,-0.2663457330415754,1-3%,<100,2-3 days,2,TX
25354,High,0.04,29.14,4.86,62,Pam Gilbert,Regular Air,Corporate,Office Supplies,Paper,Wrap Bag,"Snap-A-Way® Black Print Carbonless Speed Message, No Reply Area, Duplicate",0.38,United States,Central,Texas,Round Rock,78664,2015-06-12,2015-06-14,349.40909999999997,17,506.39,87408,33,False,False,False,Chris,2,2015-06-01,Jun,24,Friday,Q2,495.38,19.8152,0.69,False,0.30999999999999994,4-6%,500-2k,2-3 days,2,TX
21017,Not Specified,0.0,3.69,0.5,64,Lynn Morrow,Regular Air,Small Business,Office Supplies,Labels,Small Box,Avery 501,0.38,United States,South,Virginia,Salem,24153,2015-03-02,2015-03-04,-37.5291,1,4.0,87406,34,False,False,False,Sam,2,2015-03-01,Mar,10,Monday,Q1,3.69,0.0,-9.382275,True,-9.762275,0%,<100,2-3 days,5,VA
21019,Not Specified,0.02,175.99,4.99,64,Lynn Morrow,Express Air,Small Business,Technology,Telephones and Communication,Small Box,5165,0.59,United States,South,Virginia,Salem,24153,2015-03-02,2015-03-02,101.49,4,589.8,87406,35,False,False,False,Sam,0,2015-03-01,Mar,10,Monday,Q1,703.96,14.0792,0.17207527975584944,False,-0.4179247202441505,1-3%,500-2k,Same/next day,5,VA
23274,Low,0.05,155.06,7.07,67,Ellen McCormick,Regular Air,Corporate,Office Supplies,Storage & Organization,Small Box,"Dual Level, Single-Width Filing Carts",0.59,United States,West,California,Napa,94559,2015-01-02,2015-01-09,845.6639999999999,8,1225.6,87946,36,False,False,False,William,7,2015-01-01,Jan,1,Friday,Q1,1240.48,62.024,0.69,False,0.09999999999999998,4-6%,500-2k,4-7 days,4,CA
5272,Low,0.0,291.73,48.8,68,Scott Bunn,Delivery Truck,Corporate,Furniture,Chairs & Chairmats,Jumbo Drum,Hon 4070 Series Pagoda™ Armless Upholstered Stacking Chairs,0.56,United States,East,New York,New York City,10177,2015-01-02,2015-01-02,-308.928,4,1239.06,37537,37,False,False,False,Erin,0,2015-01-01,Jan,1,Friday,Q1,1166.92,0.0,-0.24932448791826062,True,-0.8093244879182606,0%,500-2k,Same/next day,4,NY
5273,Low,0.07,100.98,45.0,68,Scott Bunn,Delivery Truck,Corporate,Furniture,Chairs & Chairmats,Jumbo Drum,Hon Valutask™ Swivel Chairs,0.69,United States,East,New York,New York City,10177,2015-01-02,2015-01-04,-1679.7599999999998,43,4083.19,37537,38,False,False,False,Erin,2,2015-01-01,Jan,1,Friday,Q1,4342.14,303.94980000000004,-0.4113842363446226,True,-1.1013842363446225,7-9%,2k-10k,2-3 days,4,NY
5274,Low,0.05,155.06,7.07,68,Scott Bunn,Regular Air,Corporate,Office Supplies,Storage & Organization,Small Box,"Dual Level, Single-Width Filing Carts",0.59,United States,East,New York,New York City,10177,2015-01-02,2015-01-09,575.3960000000001,32,4902.38,37537,39,False,False,False,Erin,7,2015-01-01,Jan,1,Friday,Q1,4961.92,248.096,0.11737074645376329,False,-0.4726292535462367,4-6%,2k-10k,4-7 days,4,NY
7786,High,0.09,122.99,70.2,68,Scott Bunn,Delivery Truck,Corporate,Furniture,Chairs & Chairmats,Jumbo Drum,"Global High-Back Leather Tilter, Burgundy",0.74,United States,East,New York,New York City,10177,2015-02-02,2015-02-04,-2426.55,49,5718.85,55713,40,False,False,False,Erin,2,2015-02-01,Feb,6,Monday,Q1,6026.509999999999,542.3858999999999,-0.4243073345165549,True,-1.1643073345165549,7-9%,2k-10k,2-3 days,2,NY
25786,High,0.09,122.99,70.2,70,Annette Boone,Delivery Truck,Corporate,Furniture,Chairs & Chairmats,Jumbo Drum,"Global High-Back Leather Tilter, Burgundy",0.74,United States,East,Vermont,Burlington,05401,2015-02-02,2015-02-04,-2426.55,12,1400.53,87947,41,False,False,False,Erin,2,2015-02-01,Feb,6,Monday,Q1,1475.8799999999999,132.8292,-1.732594089380449,True,-2.472594089380449,7-9%,500-2k,2-3 days,2,VT
18281,High,0.04,296.18,54.12,83,Edgar Stone,Delivery Truck,Corporate,Furniture,Tables,Jumbo Box,Hon 94000 Series Round Tables,0.76,United States,East,Ohio,Canton,44708,2015-03-15,2015-03-15,-715.7782060000003,6,1821.89,87365,42,False,False,False,Erin,0,2015-03-01,Mar,11,Sunday,Q1,1777.08,71.0832,-0.3928767411863506,True,-1.1528767411863505,4-6%,500-2k,Same/next day,2,OH
23639,Not Specified,0.0,8.09,7.96,84,Helen Stein,Regular Air,Consumer,Furniture,Office Furnishings,Small Box,"6"" Cubicle Wall Clock, Black",0.49,United States,East,Ohio,Cincinnati,45231,2015-02-02,2015-02-03,-144.56,11,90.98,87364,43,False,False,False,Erin,1,2015-02-01,Feb,6,Monday,Q1,88.99,0.0,-1.5889206418993185,True,-2.0789206418993187,0%,<100,Same/next day,5,OH
23880,High,0.08,896.99,19.99,84,Helen Stein,Regular Air,Corporate,Office Supplies,Binders and Binder Accessories,Small Box,GBC DocuBind TL300 Electric Binding System,0.38,United States,East,Ohio,Cincinnati,45231,2015-03-30,2015-04-02,7402.32,13,10728.0,87366,44,False,False,False,Erin,3,2015-03-01,Mar,14,Monday,Q1,11660.87,932.8696000000001,0.69,False,0.30999999999999994,7-9%,10k+,2-3 days,2,OH
24663,Low,0.05,161.55,19.99,87,Norman Shields,Regular Air,Corporate,Office Supplies,Storage & Organization,Small Box,Fellowes Super Stor/Drawer® Files,0.66,United States,West,California,Vacaville,95687,2015-06-03,2015-06-08,1892.424,19,3127.69,90596,45,False,False,False,William,5,2015-06-01,Jun,23,Wednesday,Q2,3069.4500000000003,153.47250000000003,0.6050548487861649,False,-0.05494515121383514,4-6%,2k-10k,4-7 days,4,CA
23841,High,0.09,4.91,0.5,87,Norman Shields,Regular Air,Corporate,Office Supplies,Labels,Small Box,Avery 493,0.36,United States,West,California,Vacaville,95687,2015-03-22,2015-03-23,28.8558,9,41.82,90597,46,False,False,False,William,1,2015-03-01,Mar,12,Sunday,Q1,44.19,3.9770999999999996,0.69,False,0.32999999999999996,7-9%,<100,Same/next day,2,CA
23842,High,0.01,296.18,54.12,87,Norman Shields,Delivery Truck,Corporate,Furniture,Tables,Jumbo Box,Hon 94000 Series Round Tables,0.76,United States,West,California,Vacaville,95687,2015-03-22,2015-03-25,173.48,9,2875.72,90597,47,False,False,False,William,3,2015-03-01,Mar,12,Sunday,Q1,2665.62,26.6562,0.06032576189615123,False,-0.6996742381038488,1-3%,2k-10k,2-3 days,2,CA
23071,High,0.07,19.84,4.1,91,Wallace Werner,Regular Air,Home Office,Office Supplies,Pens & Art Supplies,Wrap Bag,Prismacolor Color Pencil Set,0.44,United States,West,California,Vallejo,94591,2015-05-17,2015-05-18,117.852,9,170.8,87175,48,False,True,False,William,1,2015-05-01,May,20,Sunday,Q2,178.56,12.499200000000002,0.69,False,0.24999999999999994,7-9%,100-500,Same/next day,2,CA
19877,Medium,0.05,5.18,2.04,91,Wallace Werner,Regular Air,Home Office,Office Supplies,Paper,Wrap Bag,Array® Memo Cubes,0.36,United States,West,California,Vallejo,94591,2015-02-18,2015-02-20,34.010400000000004,10,53.54,87176,49,False,False,False,William,2,2015-02-01,Feb,8,Wednesday,Q1,51.8,2.59,0.6352334703025776,False,0.2752334703025776,4-6%,<100,2-3 days,3,CA
19611,Medium,0.06,175.99,8.99,91,Wallace Werner,Regular Air,Corporate,Technology,Telephones and Communication,Small Box,2180,0.57,United States,West,California,Vallejo,94591,2015-03-04,2015-03-06,2031.507,23,3363.53,87177,50,False,False,False,William,2,2015-03-01,Mar,10,Wednesday,Q1,4047.7700000000004,242.86620000000002,0.603980639387786,False,0.03398063938778606,4-6%,2k-10k,2-3 days,3,CA
23069,High,0.07,8.34,1.43,92,Victoria Baker Hoover,Regular Air,Home Office,Office Supplies,Paper,Wrap Bag,"REDIFORM Incoming/Outgoing Call Register, 11"" X 8 1/2"", 100 Messages",0.35,United States,South,Louisiana,Terrytown,70056,2015-05-17,2015-05-19,-190.67999999999998,16,132.08,87175,51,False,True,False,Sam,2,2015-05-01,May,20,Sunday,Q2,133.44,9.340800000000002,-1.4436705027256205,True,-1.7936705027256203,7-9%,100-500,2-3 days,2,LA
23070,High,0.09,4.98,6.07,92,Victoria Baker Hoover,Regular Air,Home Office,Office Supplies,Paper,Small Box,Xerox 1897,0.36,United States,South,Louisiana,Terrytown,70056,2015-05-17,2015-05-18,325.398,9,45.34,87175,52,False,True,False,Sam,1,2015-05-01,May,20,Sunday,Q2,44.82000000000001,4.0338,7.176841640935157,False,6.816841640935157,7-9%,<100,Same/next day,2,LA
23203,Medium,0.04,12.98,3.14,92,Victoria Baker Hoover,Express Air,Corporate,Office Supplies,"Scissors, Rulers and Trimmers",Small Pack,"Acme® 8"" Straight Scissors",0.6,United States,South,Louisiana,Terrytown,70056,2015-06-07,2015-06-09,22.817999999999998,16,216.04,87178,53,False,False,False,Sam,2,2015-06-01,Jun,23,Sunday,Q2,207.68,8.3072,0.1056193297537493,False,-0.49438067024625065,4-6%,100-500,2-3 days,3,LA
6243,Not Specified,0.04,160.98,30.0,94,Eddie House Mueller,Delivery Truck,Home Office,Furniture,Chairs & Chairmats,Jumbo Drum,Office Star - Mid Back Dual function Ergonomic High Back Chair with 2-Way Adjustable Arms,0.62,United States,Central,Illinois,Chicago,60601,2015-05-03,2015-05-05,116.1,37,6276.34,44231,54,False,False,False,Chris,2,2015-05-01,May,18,Sunday,Q2,5956.259999999999,238.25039999999998,0.01849804185241717,False,-0.6015019581475828,4-6%,2k-10k,2-3 days,5,IL
6244,Not Specified,0.01,17.98,4.0,94,Eddie House Mueller,Regular Air,Home Office,Technology,Computer Peripherals,Small Box,"Belkin 107-key enhanced keyboard, USB/PS/2 interface",0.79,United States,Central,Illinois,Chicago,60601,2015-05-03,2015-05-05,-87.96,146,2664.4,44231,55,False,False,False,Chris,2,2015-05-01,May,18,Sunday,Q2,2625.08,26.250799999999998,-0.03301306110193664,True,-0.8230130611019367,1-3%,2k-10k,2-3 days,5,IL
24243,Not Specified,0.04,160.98,30.0,97,Max McKenna,Delivery Truck,Home Office,Furniture,Chairs & Chairmats,Jumbo Drum,Office Star - Mid Back Dual function Ergonomic High Back Chair with 2-Way Adjustable Arms,0.62,United States,Central,Kansas,Manhattan,66502,2015-05-03,2015-05-05,255.42000000000002,9,1526.68,87306,56,False,False,False,Chris,2,2015-05-01,May,18,Sunday,Q2,1448.82,57.952799999999996,0.16730421568370582,False,-0.4526957843162942,4-6%,500-2k,2-3 days,5,KS
24245,Not Specified,0.06,115.99,8.99,97,Max McKenna,Regular Air,Home Office,Technology,Telephones and Communication,Small Box,5185,0.58,United States,Central,Kansas,Manhattan,66502,2015-05-03,2015-05-04,685.6146,20,1952.56,87306,57,False,False,False,Chris,1,2015-05-01,May,18,Sunday,Q2,2319.7999999999997,139.188,0.3511362518949482,False,-0.22886374810505178,4-6%,500-2k,Same/next day,5,KS
18494,Medium,0.1,19.98,4.0,101,Claudia Boyle,Regular Air,Consumer,Technology,Computer Peripherals,Small Box,Belkin 105-Key Black Keyboard,0.68,United States,East,Maine,Biddeford,04005,2015-06-22,2015-06-24,-16.2,16,303.59,88205,58,False,True,False,Erin,2,2015-06-01,Jun,26,Monday,Q2,319.68,31.968000000000004,-0.05336144141770151,True,-0.7333614414177015,10%+,100-500,2-3 days,3,ME
6014,Medium,0.04,300.98,54.92,102,Caroline Johnston,Delivery Truck,Consumer,Furniture,Bookcases,Jumbo Box,"Atlantic Metals Mobile 5-Shelf Bookcases, Custom Colors",0.55,United States,East,Massachusetts,Boston,02129,2015-04-06,2015-04-07,2023.75,31,9459.94,42599,59,False,False,False,Erin,1,2015-04-01,Apr,15,Monday,Q2,9330.380000000001,373.21520000000004,0.21392841815064365,False,-0.33607158184935637,4-6%,2k-10k,Same/next day,3,MA
494,Medium,0.1,19.98,4.0,102,Caroline Johnston,Regular Air,Consumer,Technology,Computer Peripherals,Small Box,Belkin 105-Key Black Keyboard,0.68,United States,East,Massachusetts,Boston,02129,2015-06-22,2015-06-24,-20.25,65,1233.32,3397,60,False,False,False,Erin,2,2015-06-01,Jun,26,Monday,Q2,1298.7,129.87,-0.01641909642266403,True,-0.6964190964226641,10%+,500-2k,2-3 days,3,MA
495,Medium,0.09,2.88,1.49,102,Caroline Johnston,Regular Air,Consumer,Office Supplies,Binders and Binder Accessories,Small Box,Avery Durable Binders,0.36,United States,East,Massachusetts,Boston,02129,2015-06-22,2015-06-23,-3.381,17,47.31,3397,61,False,False,False,Erin,1,2015-06-01,Jun,26,Monday,Q2,48.96,4.4064,-0.07146480659480024,True,-0.43146480659480024,7-9%,<100,Same/next day,3,MA
24014,Medium,0.04,300.98,54.92,107,Lois Hamilton,Delivery Truck,Consumer,Furniture,Bookcases,Jumbo Box,"Atlantic Metals Mobile 5-Shelf Bookcases, Custom Colors",0.55,United States,East,New Hampshire,Dover,03820,2015-04-06,2015-04-07,1684.4762999999998,8,2441.27,88204,62,False,False,False,Erin,1,2015-04-01,Apr,15,Monday,Q2,2407.84,96.31360000000001,0.69,False,0.1399999999999999,4-6%,2k-10k,Same/next day,3,NH
18495,Medium,0.09,2.88,1.49,109,Tom McFarland,Regular Air,Consumer,Office Supplies,Binders and Binder Accessories,Small Box,Avery Durable Binders,0.36,United States,East,New Jersey,Lodi,07644,2015-06-22,2015-06-23,-2.7047999999999996,4,11.13,88205,63,False,True,False,Erin,1,2015-06-01,Jun,26,Monday,Q2,11.52,1.0368,-0.24301886792452826,True,-0.6030188679245283,7-9%,<100,Same/next day,3,NJ
19074,High,0.03,4.26,1.2,114,Ron Newton,Regular Air,Home Office,Office Supplies,Pens & Art Supplies,Wrap Bag,"Dixon Prang® Watercolor Pencils, 10-Color Set with Brush",0.44,United States,West,Oregon,Lake Oswego,97035,2015-01-03,2015-01-04,18.658,7,29.5,89583,64,False,False,False,William,1,2015-01-01,Jan,1,Saturday,Q1,29.82,0.8946,0.6324745762711865,False,0.19247457627118653,1-3%,<100,Same/next day,2,OR
19950,Medium,0.01,4.91,0.5,114,Ron Newton,Regular Air,Home Office,Office Supplies,Labels,Small Box,Avery 493,0.36,United States,West,Oregon,Lake Oswego,97035,2015-04-04,2015-04-06,40.247699999999995,12,58.33,89584,65,False,False,False,William,2,2015-04-01,Apr,14,Saturday,Q2,58.92,0.5892000000000001,0.69,False,0.32999999999999996,1-3%,<100,2-3 days,3,OR
19951,Medium,0.09,4.0,1.3,114,Ron Newton,Express Air,Home Office,Office Supplies,Paper,Wrap Bag,EcoTones® Memo Sheets,0.37,United States,West,Oregon,Lake Oswego,97035,2015-04-04,2015-04-06,14.0898,5,20.42,89584,66,False,False,False,William,2,2015-04-01,Apr,14,Saturday,Q2,20.0,1.7999999999999998,0.69,False,0.31999999999999995,7-9%,<100,2-3 days,3,OR
26241,Low,0.07,2.12,1.99,115,Dwight M Carr,Regular Air,Home Office,Technology,Computer Peripherals,Small Pack,Fuji Slim Jewel Case CD-R,0.55,United States,West,Oregon,Mcminnville,97128,2015-04-09,2015-04-11,-55.84,12,26.07,89585,67,False,False,False,William,2,2015-04-01,Apr,15,Thursday,Q2,25.44,1.7808000000000002,-2.14192558496356,True,-2.6919255849635597,7-9%,<100,2-3 days,4,OR
1074,High,0.03,4.26,1.2,117,Linda Weiss,Regular Air,Home Office,Office Supplies,Pens & Art Supplies,Wrap Bag,"Dixon Prang® Watercolor Pencils, 10-Color Set with Brush",0.44,United States,West,Washington,Seattle,98103,2015-01-03,2015-01-04,9.82,29,122.23,7909,68,False,False,False,William,1,2015-01-01,Jan,1,Saturday,Q1,123.53999999999999,3.7061999999999995,0.08034034197823775,False,-0.35965965802176225,1-3%,100-500,Same/next day,2,WA
1950,Medium,0.01,4.91,0.5,117,Linda Weiss,Regular Air,Home Office,Office Supplies,Labels,Small Box,Avery 493,0.36,United States,West,Washington,Seattle,98103,2015-04-04,2015-04-06,112.06,47,228.46,13959,69,False,False,True,William,2,2015-04-01,Apr,14,Saturday,Q2,230.77,2.3077,0.49050161953952554,False,0.13050161953952555,1-3%,100-500,2-3 days,3,WA
1951,Medium,0.09,4.0,1.3,117,Linda Weiss,Express Air,Home Office,Office Supplies,Paper,Wrap Bag,EcoTones® Memo Sheets,0.37,United States,West,Washington,Seattle,98103,2015-04-04,2015-04-06,16.79,19,77.61,13959,70,False,False,True,William,2,2015-04-01,Apr,14,Saturday,Q2,76.0,6.84,0.21633810076021132,False,-0.15366189923978868,7-9%,<100,2-3 days,3,WA
8241,Low,0.07,2.12,1.99,117,Linda Weiss,Regular Air,Home Office,Technology,Computer Peripherals,Small Pack,Fuji Slim Jewel Case CD-R,0.55,United States,West,Washington,Seattle,98103,2015-04-09,2015-04-11,-55.84,46,99.94,58914,71,False,False,False,William,2,2015-04-01,Apr,15,Thursday,Q2,97.52000000000001,6.826400000000001,-0.5587352411446869,True,-1.108735241144687,7-9%,<100,2-3 days,4,WA
20688,High,0.05,6.3,0.5,120,Helen H Murphy,Regular Air,Corporate,Office Supplies,Labels,Small Box,Avery 51,0.39,United States,West,Utah,Layton,84041,2015-01-12,2015-01-13,41.296499999999995,10,59.85,86520,72,False,False,False,William,1,2015-01-01,Jan,3,Monday,Q1,63.0,3.1500000000000004,0.69,False,0.29999999999999993,4-6%,<100,Same/next day,2,UT
20689,High,0.09,205.99,3.0,120,Helen H Murphy,Express Air,Corporate,Technology,Telephones and Communication,Small Box,6185,0.58,United States,West,Utah,Layton,84041,2015-01-12,2015-01-14,1179.0237,10,1708.73,86520,73,False,False,False,William,2,2015-01-01,Jan,3,Monday,Q1,2059.9,185.391,0.69,False,0.10999999999999999,7-9%,500-2k,2-3 days,2,UT
19942,Critical,0.06,8.57,6.14,123,Shawn Stern,Regular Air,Home Office,Office Supplies,"Scissors, Rulers and Trimmers",Small Pack,Acme® Office Executive Series Stainless Steel Trimmers,0.59,United States,South,Virginia,Tysons Corner,22102,2015-04-09,2015-04-10,105.678,11,94.97,90669,74,False,False,False,Sam,1,2015-04-01,Apr,15,Thursday,Q2,94.27000000000001,5.6562,1.1127513951774244,False,0.5227513951774244,4-6%,<100,Same/next day,1,VA
24319,Not Specified,0.02,1.74,4.08,129,Kara Allison,Regular Air,Small Business,Furniture,Office Furnishings,Small Pack,"Eldon Regeneration Recycled Desk Accessories, Smoke",0.53,United States,Central,Illinois,Alton,62002,2015-01-27,2015-01-28,-37.39,5,10.23,86693,75,False,False,False,Chris,1,2015-01-01,Jan,5,Tuesday,Q1,8.7,0.174,-3.654936461388074,True,-4.184936461388074,1-3%,<100,Same/next day,5,IL
18161,Not Specified,0.07,15.74,1.39,129,Kara Allison,Regular Air,Small Business,Office Supplies,Envelopes,Small Box,"#10-4 1/8"" x 9 1/2"" Premium Diagonal Seam Envelopes",0.4,United States,Central,Illinois,Alton,62002,2015-05-25,2015-05-26,149.88869999999997,14,217.23,86694,76,False,False,False,Chris,1,2015-05-01,May,22,Monday,Q2,220.36,15.425200000000002,0.69,False,0.2899999999999999,7-9%,100-500,Same/next day,5,IL
25762,Critical,0.04,18.97,9.54,136,Dale Gillespie,Regular Air,Small Business,Office Supplies,Paper,Small Box,Xerox 1939,0.37,United States,West,California,Petaluma,94952,2015-05-16,2015-05-17,3.0400000000000027,5,101.74,88534,77,False,False,False,William,1,2015-05-01,May,20,Saturday,Q2,94.85,3.794,0.02988008649498725,False,-0.34011991350501275,4-6%,100-500,Same/next day,1,CA
25764,Critical,0.09,10.98,3.37,136,Dale Gillespie,Regular Air,Small Business,Office Supplies,"Scissors, Rulers and Trimmers",Small Pack,Fiskars® Softgrip Scissors,0.57,United States,West,California,Petaluma,94952,2015-05-16,2015-05-17,2.7060000000000013,8,84.52,88534,78,False,False,False,William,1,2015-05-01,May,20,Saturday,Q2,87.84,7.9056,0.03201609086606722,False,-0.5379839091339327,7-9%,<100,Same/next day,1,CA
24803,Critical,0.03,22.84,11.54,142,Brooke Weeks Taylor,Regular Air,Small Business,Office Supplies,Paper,Small Box,Xerox 1964,0.39,United States,East,Connecticut,Ansonia,06401,2015-06-02,2015-06-03,91.95599999999999,13,312.59,91087,79,False,True,False,Erin,1,2015-06-01,Jun,23,Tuesday,Q2,296.92,8.9076,0.2941744777504079,False,-0.09582552224959212,1-3%,100-500,Same/next day,1,CT
24805,Critical,0.05,10.98,3.37,144,Marguerite Moss,Regular Air,Small Business,Office Supplies,"Scissors, Rulers and Trimmers",Small Pack,Fiskars® Softgrip Scissors,0.57,United States,East,Massachusetts,Yarmouth,02664,2015-06-02,2015-06-03,-2.544,6,64.4,91087,80,False,True,False,Erin,1,2015-06-01,Jun,23,Tuesday,Q2,65.88,3.294,-0.03950310559006211,True,-0.609503105590062,4-6%,<100,Same/next day,1,MA
24849,Medium,0.06,7.04,2.17,145,Rhonda Ivey,Regular Air,Small Business,Office Supplies,Paper,Wrap Bag,"Wirebound Message Books, 2 7/8"" x 5"", 3 Forms per Page",0.38,United States,East,Pennsylvania,West Mifflin,15122,2015-01-15,2015-01-17,2.4852,2,14.65,91086,81,False,False,False,Erin,2,2015-01-01,Jan,3,Thursday,Q1,14.08,0.8448,0.1696382252559727,False,-0.2103617747440273,4-6%,<100,2-3 days,3,PA
25582,Low,0.07,154.13,69.0,145,Rhonda Ivey,Express Air,Home Office,Furniture,Tables,Large Box,Laminate Occasional Tables,0.68,United States,East,Pennsylvania,West Mifflin,15122,2015-03-16,2015-03-16,-634.7341000000001,3,453.62,91089,82,False,False,False,Erin,0,2015-03-01,Mar,12,Monday,Q1,462.39,32.3673,-1.3992639213438565,True,-2.0792639213438564,7-9%,100-500,Same/next day,4,PA
23365,Not Specified,0.01,45.98,4.8,146,Yvonne Fox,Regular Air,Small Business,Furniture,Office Furnishings,Wrap Bag,Tenex B1-RE Series Chair Mats for Low Pile Carpets,0.68,United States,Central,Texas,Watauga,76148,2015-03-12,2015-03-13,133.5771,4,193.59,91088,83,False,False,False,Chris,1,2015-03-01,Mar,11,Thursday,Q1,183.92,1.8392,0.69,False,0.009999999999999898,1-3%,100-500,Same/next day,5,TX
22907,Medium,0.06,180.98,26.2,146,Yvonne Fox,Delivery Truck,Corporate,Furniture,Chairs & Chairmats,Jumbo Drum,Global Ergonomic Managers Chair,0.59,United States,Central,Texas,Watauga,76148,2015-04-23,2015-04-24,251.40839999999997,5,929.57,91090,84,False,False,False,Chris,1,2015-04-01,Apr,17,Thursday,Q2,904.9,54.294,0.27045666275804936,False,-0.3195433372419506,4-6%,500-2k,Same/next day,3,TX
19058,Critical,0.09,32.98,5.5,151,Geoffrey Zhu,Regular Air,Home Office,Technology,Computer Peripherals,Small Box,PC Concepts 116 Key Quantum 3000 Keyboard,0.75,United States,South,Tennessee,Kingsport,37664,2015-01-22,2015-01-23,-20.258000000000003,2,62.46,89521,85,False,False,False,Sam,1,2015-01-01,Jan,4,Thursday,Q1,65.96,5.936399999999999,-0.32433557476785146,True,-1.0743355747678516,7-9%,<100,Same/next day,1,TN
20679,High,0.09,5.98,2.5,151,Geoffrey Zhu,Regular Air,Home Office,Office Supplies,Envelopes,Small Box,Wausau Papers Astrobrights® Colored Envelopes,0.36,United States,South,Tennessee,Kingsport,37664,2015-04-20,2015-04-22,13.895999999999999,5,28.11,89523,86,False,False,False,Sam,2,2015-04-01,Apr,17,Monday,Q2,29.900000000000002,2.6910000000000003,0.4943436499466382,False,0.13434364994663822,7-9%,<100,2-3 days,2,TN
21103,Critical,0.09,2.88,0.7,152,Kent Kerr,Regular Air,Consumer,Office Supplies,Pens & Art Supplies,Wrap Bag,Newell 335,0.56,United States,South,Tennessee,Knoxville,37918,2015-01-15,2015-01-16,-172.71800000000002,2,5.5,89520,87,False,False,False,Sam,1,2015-01-01,Jan,3,Thursday,Q1,5.76,0.5184,-31.403272727272732,True,-31.96327272727273,7-9%,<100,Same/next day,1,TN
22243,Low,0.01,79.52,48.2,152,Kent Kerr,Regular Air,Home Office,Furniture,Office Furnishings,Medium Box,Eldon Cleatmat Plus™ Chair Mats for High Pile Carpets,0.74,United States,South,Tennessee,Knoxville,37918,2015-04-19,2015-04-26,-40.684,8,667.84,89522,88,False,False,False,Sam,7,2015-04-01,Apr,16,Sunday,Q2,636.16,6.3616,-0.060918782942022034,True,-0.800918782942022,1-3%,500-2k,4-7 days,4,TN
21767,High,0.01,65.99,8.99,152,Kent Kerr,Regular Air,Consumer,Technology,Telephones and Communication,Small Box,StarTAC Analog,0.6,United States,South,Tennessee,Knoxville,37918,2015-03-29,2015-04-01,97.86,5,292.23,89524,89,False,False,False,Sam,3,2015-03-01,Mar,13,Sunday,Q1,329.95,3.2995,0.33487321630222766,False,-0.2651267836977723,1-3%,100-500,2-3 days,2,TN
22470,Low,0.1,39.98,4.0,152,Kent Kerr,Regular Air,Small Business,Technology,Computer Peripherals,Small Box,Microsoft Natural Keyboard Elite,0.7,United States,South,Tennessee,Knoxville,37918,2015-06-18,2015-06-22,360.24,21,772.56,89525,90,False,False,False,Sam,4,2015-06-01,Jun,25,Thursday,Q2,839.5799999999999,83.958,0.4662938800869836,False,-0.23370611991301637,10%+,500-2k,4-7 days,4,TN
22329,Critical,0.01,95.99,4.9,156,Diana Xu,Regular Air,Corporate,Technology,Telephones and Communication,Small Box,T60,0.56,United States,West,Colorado,Fort Collins,80525,2015-05-14,2015-05-15,713.88,13,1050.08,87671,91,False,False,False,William,1,2015-05-01,May,20,Thursday,Q2,1247.87,12.4787,0.679833917415816,False,0.11983391741581595,1-3%,500-2k,Same/next day,1,CO
20324,High,0.03,10.89,4.5,156,Diana Xu,Regular Air,Corporate,Office Supplies,Appliances,Small Box,Belkin 6 Outlet Metallic Surge Strip,0.59,United States,West,Colorado,Fort Collins,80525,2015-01-25,2015-01-26,-18.64,3,33.82,87672,92,False,False,False,William,1,2015-01-01,Jan,4,Sunday,Q1,32.67,0.9801,-0.5511531638083974,True,-1.1411531638083974,1-3%,<100,Same/next day,2,CO
26102,Medium,0.05,100.98,35.84,164,Robin Kramer Vaughn,Delivery Truck,Home Office,Furniture,Bookcases,Jumbo Box,"Bush Westfield Collection Bookcases, Fully Assembled",0.62,United States,West,Washington,Richland,99352,2015-01-02,2015-01-04,-111.4,7,715.55,89961,93,False,False,False,William,2,2015-01-01,Jan,1,Friday,Q1,706.86,35.343,-0.15568443854377753,True,-0.7756844385437776,4-6%,500-2k,2-3 days,3,WA
26103,Medium,0.02,4.98,5.49,164,Robin Kramer Vaughn,Regular Air,Home Office,Office Supplies,Paper,Small Box,Xerox 1952,0.38,United States,West,Washington,Richland,99352,2015-01-02,2015-01-03,-77.03,9,45.63,89961,94,False,False,False,William,1,2015-01-01,Jan,1,Friday,Q1,44.82000000000001,0.8964000000000002,-1.6881437650668418,True,-2.068143765066842,1-3%,<100,Same/next day,3,WA
21040,Low,0.08,399.98,12.06,166,Vicki Hauser,Delivery Truck,Consumer,Technology,Office Machines,Jumbo Box,Okidata ML320 Series Turbo Dot Matrix Printers,0.56,United States,South,Tennessee,Lebanon,37087,2015-01-11,2015-01-18,28.5141,5,1839.91,89426,95,False,False,False,Sam,7,2015-01-01,Jan,2,Sunday,Q1,1999.9,159.99200000000002,0.015497551510671717,False,-0.5445024484893284,7-9%,500-2k,4-7 days,4,TN
19315,Low,0.08,43.22,16.71,169,Janice Cole,Regular Air,Corporate,Technology,Computer Peripherals,Small Box,"Fellowes Mobile Numeric Keypad, Graphite",0.66,United States,South,Louisiana,Baton Rouge,70802,2015-01-03,2015-01-05,280.27458,3,130.62,87463,96,False,False,False,Sam,2,2015-01-01,Jan,1,Saturday,Q1,129.66,10.3728,2.145724850711989,False,1.4857248507119887,7-9%,100-500,2-3 days,4,LA
19316,Low,0.05,574.74,24.49,169,Janice Cole,Regular Air,Corporate,Technology,Office Machines,Large Box,Polycom ViaVideo™ Desktop Video Communications Unit,0.37,United States,South,Louisiana,Baton Rouge,70802,2015-01-03,2015-01-10,-112.4263,12,6945.16,87463,97,False,False,False,Sam,7,2015-01-01,Jan,1,Saturday,Q1,6896.88,344.84400000000005,-0.016187719217411838,True,-0.38618771921741185,4-6%,2k-10k,4-7 days,4,LA
19317,Low,0.04,10.14,2.27,169,Janice Cole,Regular Air,Corporate,Office Supplies,Paper,Wrap Bag,"Staples Wirebound Steno Books, 6"" x 9"", 12/Pack",0.36,United States,South,Louisiana,Baton Rouge,70802,2015-01-03,2015-01-07,24.924,3,30.94,87463,98,False,False,False,Sam,4,2015-01-01,Jan,1,Saturday,Q1,30.42,1.2168,0.8055591467356172,False,0.44555914673561725,4-6%,<100,4-7 days,4,LA
19314,Critical,0.05,1.88,1.49,171,Christina Matthews,Regular Air,Corporate,Office Supplies,Binders and Binder Accessories,Small Box,Staples® General Use 3-Ring Binders,0.37,United States,East,New Jersey,Fort Lee,07024,2015-04-13,2015-04-15,-2.9094999999999995,1,3.42,87464,99,False,False,False,Erin,2,2015-04-01,Apr,16,Monday,Q2,1.88,0.094,-0.8507309941520467,True,-1.2207309941520466,4-6%,<100,2-3 days,1,NJ
5361,Critical,0.02,49.99,19.99,181,Wesley Waller,Regular Air,Small Business,Technology,Computer Peripherals,Small Box,Zoom V.92 USB External Faxmodem,0.41,United States,West,California,San Francisco,94122,2015-02-21,2015-02-21,-76.89,18,901.81,38087,100,False,False,False,William,0,2015-02-01,Feb,8,Saturday,Q1,899.82,17.9964,-0.08526186225479869,True,-0.4952618622547987,1-3%,500-2k,Same/next day,1,CA
522,High,0.07,1.68,1.57,181,Wesley Waller,Regular Air,Corporate,Office Supplies,Pens & Art Supplies,Wrap Bag,Newell 323,0.59,United States,West,California,San Francisco,94122,2015-05-22,2015-05-23,-35.75,116,186.59,3585,101,False,False,False,William,1,2015-05-01,May,21,Friday,Q2,194.88,13.6416,-0.1915965485824535,True,-0.7815965485824534,7-9%,100-500,Same/next day,2,CA
23361,Critical,0.02,49.99,19.99,184,Phillip Holmes,Regular Air,Small Business,Technology,Computer Peripherals,Small Box,Zoom V.92 USB External Faxmodem,0.41,United States,East,Massachusetts,Arlington,02474,2015-02-21,2015-02-21,-76.89,5,250.5,88360,102,False,False,False,Erin,0,2015-02-01,Feb,8,Saturday,Q1,249.95000000000002,4.9990000000000006,-0.30694610778443115,True,-0.7169461077844311,1-3%,100-500,Same/next day,1,MA
18521,High,0.07,10.06,2.06,188,Alex Harrell,Regular Air,Corporate,Office Supplies,Paper,Wrap Bag,Riverleaf Stik-Withit® Designer Note Cubes®,0.39,United States,Central,Texas,Gainesville,76240,2015-05-22,2015-05-22,152.6556,23,221.24,88361,103,False,False,False,Chris,0,2015-05-01,May,21,Friday,Q2,231.38000000000002,16.196600000000004,0.69,False,0.29999999999999993,7-9%,100-500,Same/next day,2,TX
18522,High,0.07,1.68,1.57,188,Alex Harrell,Regular Air,Corporate,Office Supplies,Pens & Art Supplies,Wrap Bag,Newell 323,0.59,United States,Central,Texas,Gainesville,76240,2015-05-22,2015-05-23,7.150000000000006,29,46.65,88361,104,False,False,False,Chris,1,2015-05-01,May,21,Friday,Q2,48.72,3.4104,0.15326902465166142,False,-0.43673097534833855,7-9%,<100,Same/next day,2,TX
18817,High,0.1,58.1,1.49,190,Lloyd Norris,Regular Air,Corporate,Office Supplies,Binders and Binder Accessories,Small Box,Avery Arch Ring Binders,0.38,United States,Central,Illinois,Arlington Heights,60004,2015-02-12,2015-02-13,113.6499,3,164.71,89092,105,False,True,False,Chris,1,2015-02-01,Feb,7,Thursday,Q1,174.3,17.430000000000003,0.69,False,0.30999999999999994,10%+,100-500,Same/next day,2,IL
18818,High,0.01,80.48,4.5,191,Gerald Kearney,Regular Air,Corporate,Office Supplies,Appliances,Small Box,APC 7 Outlet Network SurgeArrest Surge Protector,0.55,United States,Central,Illinois,Aurora,60505,2015-02-12,2015-02-15,-35.4744,1,79.68,89092,106,False,True,False,Chris,3,2015-02-01,Feb,7,Thursday,Q1,80.48,0.8048000000000001,-0.445210843373494,True,-0.9952108433734941,1-3%,<100,2-3 days,2,IL
20520,Not Specified,0.05,3.8,1.49,191,Gerald Kearney,Regular Air,Corporate,Office Supplies,Binders and Binder Accessories,Small Box,Durable Pressboard Binders,0.38,United States,Central,Illinois,Aurora,60505,2015-04-09,2015-04-11,14.466999999999999,14,53.26,89093,107,False,False,False,Chris,2,2015-04-01,Apr,15,Thursday,Q2,53.199999999999996,2.66,0.2716297408937289,False,-0.10837025910627113,4-6%,<100,2-3 days,5,IL
20521,Not Specified,0.09,30.73,4.0,191,Gerald Kearney,Regular Air,Corporate,Technology,Computer Peripherals,Small Box,Fellowes 17-key keypad for PS/2 interface,0.75,United States,Central,Illinois,Aurora,60505,2015-04-09,2015-04-09,-99.9864,7,203.49,89093,108,False,False,False,Chris,0,2015-04-01,Apr,15,Thursday,Q2,215.11,19.3599,-0.4913578062804069,True,-1.241357806280407,7-9%,100-500,Same/next day,5,IL
20522,Not Specified,0.0,125.99,8.08,191,Gerald Kearney,Regular Air,Corporate,Technology,Telephones and Communication,Small Box,StarTAC ST7762,0.57,United States,Central,Illinois,Aurora,60505,2015-04-09,2015-04-10,1348.59672,22,2356.01,89093,109,False,False,False,Chris,1,2015-04-01,Apr,15,Thursday,Q2,2771.7799999999997,0.0,0.5724070441127159,False,0.0024070441127159725,0%,2k-10k,Same/next day,5,IL
19663,Not Specified,0.0,213.45,14.7,193,Danny Hong,Delivery Truck,Corporate,Technology,Office Machines,Jumbo Drum,Panasonic KX-P2130 Dot Matrix Printer,0.59,United States,West,Utah,Layton,84041,2015-01-03,2015-01-05,-560.81418,1,224.12,90430,110,False,False,False,William,2,2015-01-01,Jan,1,Saturday,Q1,213.45,0.0,-2.5022942173835445,True,-3.0922942173835444,0%,100-500,2-3 days,5,UT
20645,Medium,0.07,6.54,5.27,193,Danny Hong,Regular Air,Corporate,Office Supplies,Binders and Binder Accessories,Small Box,Wilson Jones® Four-Pocket Poly Binders,0.36,United States,West,Utah,Layton,84041,2015-03-30,2015-04-01,-66.0445,21,140.3,90432,111,False,True,False,William,2,2015-03-01,Mar,14,Monday,Q1,137.34,9.613800000000001,-0.47073770491803274,True,-0.8307377049180327,7-9%,100-500,2-3 days,3,UT
24273,Not Specified,0.02,6.48,9.17,194,Tammy Goldman,Regular Air,Corporate,Office Supplies,Paper,Small Box,Xerox 1996,0.37,United States,West,Utah,Lehi,84043,2015-01-10,2015-01-11,-105.68520000000001,4,28.2,90431,112,False,False,False,William,1,2015-01-01,Jan,2,Saturday,Q1,25.92,0.5184000000000001,-3.7477021276595748,True,-4.117702127659575,1-3%,<100,Same/next day,5,UT
20646,Medium,0.09,3.29,1.35,194,Tammy Goldman,Regular Air,Corporate,Office Supplies,Rubber Bands,Wrap Bag,Acco® Hot Clips™ Clips to Go,0.4,United States,West,Utah,Lehi,84043,2015-03-30,2015-04-01,15.66,23,71.55,90432,113,False,True,False,William,2,2015-03-01,Mar,14,Monday,Q1,75.67,6.8103,0.2188679245283019,False,-0.18113207547169813,7-9%,<100,2-3 days,3,UT
25158,Critical,0.0,161.55,19.99,197,Samantha Weaver,Regular Air,Small Business,Office Supplies,Storage & Organization,Small Box,Fellowes Super Stor/Drawer® Files,0.66,United States,Central,Kansas,Overland Park,66212,2015-04-02,2015-04-04,1167.1580000000001,19,3108.98,88921,114,False,False,False,Chris,2,2015-04-01,Apr,14,Thursday,Q2,3069.4500000000003,0.0,0.3754150879066447,False,-0.28458491209335535,0%,2k-10k,2-3 days,1,KS
7158,Critical,0.0,161.55,19.99,198,Leroy Blanchard,Regular Air,Small Business,Office Supplies,Storage & Organization,Small Box,Fellowes Super Stor/Drawer® Files,0.66,United States,Central,Michigan,Detroit,48138,2015-04-02,2015-04-04,1014.9200000000001,77,12599.55,51072,115,False,False,False,Chris,2,2015-04-01,Apr,14,Thursday,Q2,12439.35,0.0,0.08055208320932097,False,-0.5794479167906791,0%,10k+,2-3 days,1,MI
22136,Not Specified,0.09,12.28,4.86,202,Max Small,Regular Air,Corporate,Office Supplies,Paper,Small Box,Xerox 1933,0.38,United States,Central,Oklahoma,Bartlesville,74006,2015-04-27,2015-04-28,1.73,3,34.65,88971,116,False,False,False,Chris,1,2015-04-01,Apr,18,Monday,Q2,36.839999999999996,3.3155999999999994,0.04992784992784993,False,-0.3300721500721501,7-9%,<100,Same/next day,5,OK
18783,High,0.03,7.37,5.53,202,Max Small,Regular Air,Corporate,Technology,Computer Peripherals,Small Pack,"Imation 3.5"" Unformatted DS/HD Diskettes, 10/Box",0.69,United States,Central,Oklahoma,Bartlesville,74006,2015-01-16,2015-01-18,-133.7,11,85.79,88972,117,False,False,False,Chris,2,2015-01-01,Jan,3,Friday,Q1,81.07000000000001,2.4321,-1.5584566965846833,True,-2.2484566965846833,1-3%,<100,2-3 days,2,OK
21401,Low,0.05,1.86,2.58,210,Floyd Dale,Regular Air,Home Office,Office Supplies,Rubber Bands,Wrap Bag,"Super Bands, 12/Pack",0.82,United States,East,New York,Troy,12180,2015-01-17,2015-01-21,-66.62,9,17.61,85965,118,False,False,False,Erin,4,2015-01-01,Jan,3,Saturday,Q1,16.740000000000002,0.8370000000000002,-3.7830777967064173,True,-4.603077796706417,4-6%,<100,4-7 days,4,NY
23097,Medium,0.09,5.4,7.78,210,Floyd Dale,Express Air,Home Office,Office Supplies,Binders and Binder Accessories,Small Box,3M Organizer Strips,0.37,United States,East,New York,Troy,12180,2015-06-02,2015-06-02,-21.48775,4,27.3,85966,119,False,True,False,Erin,0,2015-06-01,Jun,23,Tuesday,Q2,21.6,1.944,-0.7870970695970695,True,-1.1570970695970695,7-9%,<100,Same/next day,3,NY
23098,Medium,0.02,20.28,6.68,210,Floyd Dale,Regular Air,Home Office,Furniture,Office Furnishings,Small Box,"Seth Thomas 8 1/2"" Cubicle Clock",0.53,United States,East,New York,Troy,12180,2015-06-02,2015-06-02,44.677499999999995,3,64.75,85966,120,False,True,False,Erin,0,2015-06-01,Jun,23,Tuesday,Q2,60.84,1.2168,0.69,False,0.15999999999999992,1-3%,<100,Same/next day,3,NY
23099,Medium,0.0,11.55,2.36,210,Floyd Dale,Regular Air,Home Office,Office Supplies,Pens & Art Supplies,Wrap Bag,Newell 309,0.55,United States,East,New York,Troy,12180,2015-06-02,2015-06-03,23.595,5,62.98,85966,121,False,True,False,Erin,1,2015-06-01,Jun,23,Tuesday,Q2,57.75,0.0,0.3746427437281677,False,-0.17535725627183235,0%,<100,Same/next day,3,NY
23605,Medium,0.01,10.06,2.06,211,Anna Wood,Regular Air,Consumer,Office Supplies,Paper,Wrap Bag,Riverleaf Stik-Withit® Designer Note Cubes®,0.39,United States,East,New York,Utica,13501,2015-01-06,2015-01-08,7.59,2,21.2,85964,122,False,False,False,Erin,2,2015-01-01,Jan,2,Tuesday,Q1,20.12,0.20120000000000002,0.3580188679245283,False,-0.03198113207547171,1-3%,<100,2-3 days,3,NY
23606,Medium,0.0,65.99,5.92,211,Anna Wood,Regular Air,Consumer,Technology,Telephones and Communication,Small Box,252,0.55,United States,East,New York,Utica,13501,2015-01-06,2015-01-08,-107.987,3,173.32,85964,123,False,False,False,Erin,2,2015-01-01,Jan,2,Tuesday,Q1,197.96999999999997,0.0,-0.6230498499884607,True,-1.1730498499884607,0%,100-500,2-3 days,3,NY
23100,Medium,0.05,2.08,2.56,211,Anna Wood,Regular Air,Home Office,Office Supplies,"Scissors, Rulers and Trimmers",Small Pack,Kleencut® Forged Office Shears by Acme United Corporation,0.55,United States,East,New York,Utica,13501,2015-06-02,2015-06-03,-36.25,20,42.29,85966,124,False,True,False,Erin,1,2015-06-01,Jun,23,Tuesday,Q2,41.6,2.08,-0.8571766375029558,True,-1.407176637502956,4-6%,<100,Same/next day,3,NY
26303,Medium,0.05,119.99,56.14,218,Frances Saunders,Delivery Truck,Consumer,Technology,Office Machines,Jumbo Box,Hewlett-Packard 2600DN Business Color Inkjet Printer,0.39,United States,West,Utah,Murray,84107,2015-06-09,2015-06-11,-102.5121,6,730.37,88048,125,False,False,False,William,2,2015-06-01,Jun,24,Tuesday,Q2,719.9399999999999,35.997,-0.14035639470405412,True,-0.5303563947040542,4-6%,500-2k,2-3 days,3,UT
21203,Medium,0.03,60.89,32.41,228,Colleen Andrews,Delivery Truck,Small Business,Furniture,Chairs & Chairmats,Jumbo Drum,"Global Push Button Manager's Chair, Indigo",0.56,United States,South,North Carolina,Mint Hill,28227,2015-04-02,2015-04-03,36.354,7,450.49,88527,126,False,False,False,Sam,1,2015-04-01,Apr,14,Thursday,Q2,426.23,12.7869,0.08069879464583009,False,-0.47930120535417,1-3%,100-500,Same/next day,3,NC
25500,Medium,0.07,5.81,8.49,233,Michele Bullard,Regular Air,Small Business,Office Supplies,Binders and Binder Accessories,Small Box,Fellowes Black Plastic Comb Bindings,0.39,United States,Central,Illinois,Orland Park,60462,2015-02-20,2015-02-22,-243.23649999999998,10,58.8,90237,127,False,False,False,Chris,2,2015-02-01,Feb,8,Friday,Q1,58.099999999999994,4.067,-4.136675170068027,True,-4.526675170068026,7-9%,<100,2-3 days,3,IL
25501,Medium,0.04,9.65,6.22,233,Michele Bullard,Regular Air,Small Business,Furniture,Office Furnishings,Small Box,"Eldon Expressions™ Desk Accessory, Wood Pencil Holder, Oak",0.55,United States,Central,Illinois,Orland Park,60462,2015-02-20,2015-02-21,-53.62,12,120.47,90237,128,False,False,False,Chris,1,2015-02-01,Feb,8,Friday,Q1,115.80000000000001,4.632000000000001,-0.4450900639163277,True,-0.9950900639163278,4-6%,100-500,Same/next day,3,IL
23058,Critical,0.06,279.81,23.19,234,Don Cameron,Delivery Truck,Small Business,Office Supplies,Appliances,Jumbo Drum,Sanyo 2.5 Cubic Foot Mid-Size Office Refrigerators,0.59,United States,Central,Iowa,Newton,50208,2015-02-05,2015-02-06,1103.9723999999999,6,1599.96,90236,129,False,False,False,Chris,1,2015-02-01,Feb,6,Thursday,Q1,1678.8600000000001,100.7316,0.69,False,0.09999999999999998,4-6%,500-2k,Same/next day,1,IA
25121,High,0.03,28.53,1.49,234,Don Cameron,Regular Air,Small Business,Office Supplies,Binders and Binder Accessories,Small Box,Lock-Up Easel 'Spel-Binder',0.38,United States,Central,Iowa,Newton,50208,2015-03-27,2015-03-29,136.3371,7,197.59,90238,130,False,False,False,Chris,2,2015-03-01,Mar,13,Friday,Q1,199.71,5.9913,0.69,False,0.30999999999999994,1-3%,100-500,2-3 days,2,IA
25122,High,0.01,15.28,1.99,234,Don Cameron,Regular Air,Small Business,Technology,Computer Peripherals,Small Pack,"Memorex 4.7GB DVD+R, 3/Pack",0.42,United States,Central,Iowa,Newton,50208,2015-03-27,2015-03-29,-12.46,2,33.04,90238,131,False,False,False,Chris,2,2015-03-01,Mar,13,Friday,Q1,30.56,0.3056,-0.37711864406779666,True,-0.7971186440677966,1-3%,<100,2-3 days,2,IA
22044,Low,0.06,3.34,7.49,234,Don Cameron,Express Air,Small Business,Office Supplies,Pens & Art Supplies,Wrap Bag,"Eldon Spacemaker® Box, Quick-Snap Lid, Clear",0.54,United States,Central,Iowa,Newton,50208,2015-04-28,2015-04-30,-175.86,8,27.45,90239,132,False,False,False,Chris,2,2015-04-01,Apr,18,Tuesday,Q2,26.72,1.6032,-6.406557377049181,True,-6.946557377049181,4-6%,<100,2-3 days,4,IA
18885,Not Specified,0.0,442.14,14.7,236,Shawn McIntyre,Delivery Truck,Corporate,Technology,Office Machines,Jumbo Drum,Okidata ML390 Turbo Dot Matrix Printers,0.56,United States,West,Colorado,Louisville,80027,2015-02-22,2015-02-22,3294.8258999999994,10,4775.11,86621,133,False,False,False,William,0,2015-02-01,Feb,8,Sunday,Q1,4421.4,0.0,0.69,False,0.1299999999999999,0%,2k-10k,Same/next day,5,CO
24327,Medium,0.1,19.98,5.77,240,Gilbert Scarborough,Express Air,Small Business,Office Supplies,Paper,Small Box,Xerox Blank Computer Paper,0.38,United States,West,Colorado,Fountain,80817,2015-04-20,2015-04-20,35.09,3,57.41,90479,134,False,True,False,William,0,2015-04-01,Apr,17,Monday,Q2,59.94,5.994,0.6112175579167394,False,0.23121755791673937,10%+,<100,Same/next day,3,CO
24328,Medium,0.06,259.71,66.67,241,Amy Ellis Holder,Delivery Truck,Small Business,Furniture,Tables,Jumbo Box,"Bevis Round Bullnose 29"" High Table Top",0.61,United States,West,Colorado,Grand Junction,81503,2015-04-20,2015-04-21,785.63,11,2809.87,90479,135,False,True,False,William,1,2015-04-01,Apr,17,Monday,Q2,2856.81,171.40859999999998,0.279596564965639,False,-0.330403435034361,4-6%,2k-10k,Same/next day,3,CO
25264,Low,0.01,5.94,9.92,241,Amy Ellis Holder,Regular Air,Small Business,Office Supplies,Binders and Binder Accessories,Small Box,Storex Dura Pro™ Binders,0.38,United States,West,Colorado,Grand Junction,81503,2015-05-26,2015-06-02,-256.519,13,79.93,90480,136,False,False,False,William,7,2015-05-01,May,22,Tuesday,Q2,77.22,0.7722,-3.2092956336794694,True,-3.5892956336794692,1-3%,<100,4-7 days,4,CO
25265,Low,0.02,125.99,3.0,241,Amy Ellis Holder,Regular Air,Small Business,Technology,Telephones and Communication,Small Box,270c,0.59,United States,West,Colorado,Grand Junction,81503,2015-05-26,2015-05-26,398.358,8,873.18,90480,137,False,False,False,William,0,2015-05-01,May,22,Tuesday,Q2,1007.92,20.1584,0.4562152133580705,False,-0.13378478664192944,1-3%,500-2k,Same/next day,4,CO
18849,Medium,0.02,146.05,80.2,247,Marshall Brandt Briggs,Delivery Truck,Corporate,Furniture,Tables,Jumbo Box,BPI Conference Tables,0.71,United States,South,Tennessee,Maryville,37804,2015-02-23,2015-02-23,-101.19200000000001,5,798.69,89139,138,False,False,False,Sam,0,2015-02-01,Feb,9,Monday,Q1,730.25,14.605,-0.12669746710238014,True,-0.8366974671023801,1-3%,500-2k,Same/next day,3,TN
18850,Medium,0.06,65.99,5.92,247,Marshall Brandt Briggs,Regular Air,Corporate,Technology,Telephones and Communication,Small Box,252,0.55,United States,South,Tennessee,Maryville,37804,2015-02-23,2015-02-24,-3.3320000000000336,14,792.11,89139,139,False,False,False,Sam,1,2015-02-01,Feb,9,Monday,Q1,923.8599999999999,55.43159999999999,-0.0042064864728384105,True,-0.5542064864728384,4-6%,500-2k,Same/next day,3,TN
18842,Medium,0.09,2.88,0.99,247,Marshall Brandt Briggs,Regular Air,Corporate,Office Supplies,Labels,Small Box,Avery 514,0.36,United States,South,Tennessee,Maryville,37804,2015-03-21,2015-03-23,-145.082,10,28.73,89140,140,False,False,False,Sam,2,2015-03-01,Mar,12,Saturday,Q1,28.799999999999997,2.5919999999999996,-5.049843369300382,True,-5.409843369300383,7-9%,<100,2-3 days,3,TN
18773,Critical,0.02,2.58,1.3,250,Brenda Nelson Blanchard,Express Air,Corporate,Office Supplies,Pens & Art Supplies,Wrap Bag,DIXON Oriole® Pencils,0.59,United States,Central,Minnesota,Richfield,55423,2015-05-28,2015-05-29,1.1080000000000014,39,109.74,87214,141,False,False,False,Chris,1,2015-05-01,May,22,Thursday,Q2,100.62,2.0124,0.010096591944596332,False,-0.5799034080554036,1-3%,100-500,Same/next day,1,MN
18774,Critical,0.02,65.99,3.9,250,Brenda Nelson Blanchard,Regular Air,Corporate,Technology,Telephones and Communication,Small Box,StarTAC Series,0.55,United States,Central,Minnesota,Richfield,55423,2015-05-28,2015-05-29,1061.3790000000001,27,1543.55,87214,142,False,False,False,Chris,1,2015-05-01,May,22,Thursday,Q2,1781.7299999999998,35.6346,0.6876220401023615,False,0.13762204010236145,1-3%,500-2k,Same/next day,1,MN
18801,Medium,0.1,280.98,35.67,254,Brett Hawkins,Delivery Truck,Home Office,Furniture,Tables,Jumbo Box,Global Adaptabilities™ Conference Tables,0.66,United States,West,Colorado,Highlands Ranch,80126,2015-06-10,2015-06-11,-53.745,5,1332.82,86268,143,False,False,False,William,1,2015-06-01,Jun,24,Wednesday,Q2,1404.9,140.49,-0.04032427484581564,True,-0.7003242748458157,10%+,500-2k,Same/next day,3,CO
20577,Critical,0.03,8.34,2.64,256,Irene Li,Regular Air,Home Office,Office Supplies,"Scissors, Rulers and Trimmers",Small Pack,Acme® Elite Stainless Steel Scissors,0.59,United States,East,Pennsylvania,Hanover,17331,2015-01-31,2015-02-02,0.6839999999999989,4,34.64,86267,144,False,False,False,Erin,2,2015-01-01,Jan,5,Saturday,Q1,33.36,1.0008,0.01974595842956117,False,-0.5702540415704388,1-3%,<100,2-3 days,1,PA
24498,Medium,0.05,17.48,1.99,258,Allan Shields,Regular Air,Consumer,Technology,Computer Peripherals,Small Pack,"Maxell Pro 80 Minute CD-R, 10/Pack",0.45,United States,South,Florida,Seminole,33772,2015-01-02,2015-01-04,-127.00800000000001,3,52.47,85858,145,False,False,False,Sam,2,2015-01-01,Jan,1,Friday,Q1,52.44,2.622,-2.4205831903945114,True,-2.8705831903945116,4-6%,<100,2-3 days,3,FL
18011,Low,0.09,2.88,0.7,259,Edward Pugh,Regular Air,Consumer,Office Supplies,Pens & Art Supplies,Wrap Bag,Newell 340,0.56,United States,West,New Mexico,Santa Fe,87505,2015-01-19,2015-01-19,5.7532000000000005,10,26.38,85857,146,False,False,False,William,0,2015-01-01,Jan,4,Monday,Q1,28.799999999999997,2.5919999999999996,0.21808946171341928,False,-0.3419105382865808,7-9%,<100,Same/next day,4,NM
22370,High,0.05,31.76,45.51,263,Carlos Hess,Delivery Truck,Small Business,Furniture,Tables,Jumbo Box,Hon iLevel™ Computer Training Table,0.65,United States,East,Ohio,Cleveland Heights,44106,2015-01-21,2015-01-23,-2177.986096,9,304.34,86297,147,False,False,False,Erin,2,2015-01-01,Jan,4,Wednesday,Q1,285.84000000000003,14.292000000000002,-7.156424052047053,True,-7.806424052047054,4-6%,100-500,2-3 days,2,OH
20858,Not Specified,0.0,73.98,12.14,266,Ross Frederick,Express Air,Corporate,Technology,Computer Peripherals,Small Box,Keytronic 105-Key Spanish Keyboard,0.67,United States,Central,Texas,San Antonio,78207,2015-05-18,2015-05-20,326.25,17,1300.81,90593,148,False,False,False,Chris,2,2015-05-01,May,21,Monday,Q2,1257.66,0.0,0.25080526748718107,False,-0.41919473251281897,0%,500-2k,2-3 days,5,TX
19823,Medium,0.08,6.48,7.03,266,Ross Frederick,Regular Air,Corporate,Office Supplies,Paper,Small Box,Xerox 214,0.37,United States,Central,Texas,San Antonio,78207,2015-05-15,2015-05-16,8.93200000000001,10,67.86,90594,149,False,False,False,Chris,1,2015-05-01,May,20,Friday,Q2,64.80000000000001,5.184000000000001,0.13162393162393177,False,-0.23837606837606823,7-9%,<100,Same/next day,3,TX
19824,Medium,0.01,20.34,35.0,266,Ross Frederick,Regular Air,Corporate,Office Supplies,Storage & Organization,Large Box,Tennsco Commercial Shelving,0.84,United States,Central,Texas,San Antonio,78207,2015-05-15,2015-05-16,229.63800000000015,33,747.28,90594,150,False,False,False,Chris,1,2015-05-01,May,20,Friday,Q2,671.22,6.7122,0.307298469114656,False,-0.532701530885344,1-3%,500-2k,Same/next day,3,TX
18770,Low,0.02,5.58,5.3,268,James Beck,Regular Air,Home Office,Office Supplies,Envelopes,Small Box,Staples Brown Kraft Recycled Clasp Envelopes,0.35,United States,West,Arizona,Flagstaff,86001,2015-04-07,2015-04-12,-22.48,3,18.67,88941,151,False,False,False,William,5,2015-04-01,Apr,15,Tuesday,Q2,16.740000000000002,0.33480000000000004,-1.2040707016604177,True,-1.5540707016604176,1-3%,<100,4-7 days,4,AZ
18771,Low,0.03,40.89,18.98,268,James Beck,Regular Air,Home Office,Furniture,Office Furnishings,Small Box,Eldon Executive Woodline II Cherry Finish Desk Accessories,0.57,United States,West,Arizona,Flagstaff,86001,2015-04-07,2015-04-14,78.98,5,210.77,88941,152,False,False,False,William,7,2015-04-01,Apr,15,Tuesday,Q2,204.45,6.1335,0.37472126014138635,False,-0.1952787398586136,1-3%,100-500,4-7 days,4,AZ
23059,Low,0.09,35.94,6.66,269,Calvin Boyette,Regular Air,Home Office,Office Supplies,Envelopes,Small Box,"Tyvek ® Top-Opening Peel & Seel ® Envelopes, Gray",0.4,United States,West,Arizona,Gilbert,85234,2015-06-05,2015-06-10,144.2928,6,209.12,88942,153,False,False,False,William,5,2015-06-01,Jun,23,Friday,Q2,215.64,19.4076,0.69,False,0.2899999999999999,7-9%,100-500,4-7 days,4,AZ
23060,Low,0.0,170.98,13.99,269,Calvin Boyette,Regular Air,Home Office,Furniture,Office Furnishings,Medium Box,Tenex Antistatic Computer Chair Mats,0.75,United States,West,Arizona,Gilbert,85234,2015-06-05,2015-06-12,888.1473,7,1287.17,88942,154,False,False,False,William,7,2015-06-01,Jun,23,Friday,Q2,1196.86,0.0,0.69,False,-0.06000000000000005,0%,500-2k,4-7 days,4,AZ
23061,Low,0.09,4.98,7.44,269,Calvin Boyette,Regular Air,Home Office,Office Supplies,Paper,Small Box,Xerox 1922,0.36,United States,West,Arizona,Gilbert,85234,2015-06-05,2015-06-07,-46.005,9,46.17,88942,155,False,False,False,William,2,2015-06-01,Jun,23,Friday,Q2,44.82000000000001,4.0338,-0.9964262508122157,True,-1.3564262508122158,7-9%,<100,2-3 days,4,AZ
19515,Medium,0.1,80.97,30.06,271,Sam Rouse,Delivery Truck,Small Business,Technology,Office Machines,Jumbo Box,Hewlett-Packard Deskjet 940 REFURBISHED Color Inkjet Printer,0.4,United States,South,Georgia,Forest Park,30297,2015-03-30,2015-03-31,128.0253,12,899.81,88940,156,False,False,False,Sam,1,2015-03-01,Mar,14,Monday,Q1,971.64,97.164,0.14228037030039675,False,-0.25771962969960327,10%+,500-2k,Same/next day,3,GA
770,Low,0.02,5.58,5.3,272,Eleanor Swain,Regular Air,Home Office,Office Supplies,Envelopes,Small Box,Staples Brown Kraft Recycled Clasp Envelopes,0.35,United States,South,North Carolina,Charlotte,28204,2015-04-07,2015-04-12,-29.898400000000002,11,68.46,5509,157,False,False,False,Sam,5,2015-04-01,Apr,15,Tuesday,Q2,61.38,1.2276,-0.43672801635991826,True,-0.7867280163599182,1-3%,<100,4-7 days,4,NC
771,Low,0.03,40.89,18.98,272,Eleanor Swain,Regular Air,Home Office,Furniture,Office Furnishings,Small Box,Eldon Executive Woodline II Cherry Finish Desk Accessories,0.57,United States,South,North Carolina,Charlotte,28204,2015-04-07,2015-04-14,52.9166,21,885.23,5509,158,False,False,False,Sam,7,2015-04-01,Apr,15,Tuesday,Q2,858.69,25.7607,0.059777233035482304,False,-0.5102227669645176,1-3%,500-2k,4-7 days,4,NC
5059,Low,0.09,35.94,6.66,272,Eleanor Swain,Regular Air,Home Office,Office Supplies,Envelopes,Small Box,"Tyvek ® Top-Opening Peel & Seel ® Envelopes, Gray",0.4,United States,South,North Carolina,Charlotte,28204,2015-06-05,2015-06-10,72.1858,24,836.47,36069,159,False,False,False,Sam,5,2015-06-01,Jun,23,Friday,Q2,862.56,77.6304,0.08629813382428539,False,-0.3137018661757146,7-9%,500-2k,4-7 days,4,NC
5061,Low,0.09,4.98,7.44,272,Eleanor Swain,Regular Air,Home Office,Office Supplies,Paper,Small Box,Xerox 1922,0.36,United States,South,North Carolina,Charlotte,28204,2015-06-05,2015-06-07,-122.3733,37,189.83,36069,160,False,False,False,Sam,2,2015-06-01,Jun,23,Friday,Q2,184.26000000000002,16.5834,-0.6446467892324711,True,-1.004646789232471,7-9%,100-500,2-3 days,4,NC
22180,Not Specified,0.09,15.28,10.91,275,Roger Blalock Cassidy,Regular Air,Corporate,Office Supplies,Binders and Binder Accessories,Small Box,Recycled Premium Regency Composition Covers,0.36,United States,East,Connecticut,Fairfield,06824,2015-01-24,2015-01-25,-51.75,4,61.52,89292,161,False,False,False,Erin,1,2015-01-01,Jan,4,Saturday,Q1,61.12,5.5008,-0.841189856957087,True,-1.201189856957087,7-9%,<100,Same/next day,5,CT
23504,Critical,0.04,1.98,0.7,276,Lucille Rankin,Express Air,Corporate,Office Supplies,Rubber Bands,Wrap Bag,"Brites Rubber Bands, 1 1/2 oz. Box",0.83,United States,East,Connecticut,Newington,06111,2015-05-21,2015-05-22,-1.0,3,8.3,89291,162,False,True,False,Erin,1,2015-05-01,May,21,Thursday,Q2,5.9399999999999995,0.23759999999999998,-0.12048192771084336,True,-0.9504819277108433,4-6%,<100,Same/next day,1,CT
23503,Critical,0.03,55.99,5.0,282,Vickie Andrews,Regular Air,Corporate,Technology,Telephones and Communication,Small Pack,Accessory36,0.83,United States,East,New Jersey,Belleville,07109,2015-05-21,2015-05-22,-221.254,9,416.95,89291,163,False,True,False,Erin,1,2015-05-01,May,21,Thursday,Q2,503.91,15.1173,-0.5306487588439861,True,-1.3606487588439862,1-3%,100-500,Same/next day,1,NJ
24512,High,0.1,1.68,1.57,283,Pauline Boyette,Regular Air,Corporate,Office Supplies,Pens & Art Supplies,Wrap Bag,Newell 323,0.59,United States,East,New Jersey,Newark,07101,2015-06-17,2015-06-18,-11.57,11,18.71,89293,164,False,False,False,Erin,1,2015-06-01,Jun,25,Wednesday,Q2,18.48,1.848,-0.61838588989845,True,-1.2083858898984499,10%+,<100,Same/next day,2,NJ
19168,Low,0.0,4.13,5.34,286,Virginia Gay,Regular Air,Small Business,Office Supplies,Binders and Binder Accessories,Small Box,ACCOHIDE® Binder by Acco,0.38,United States,Central,Kansas,Shawnee,66203,2015-06-17,2015-06-21,-61.870000000000005,9,40.95,89761,165,False,False,False,Chris,4,2015-06-01,Jun,25,Wednesday,Q2,37.17,0.0,-1.5108669108669108,True,-1.8908669108669107,0%,<100,4-7 days,4,KS
19169,Low,0.1,130.98,54.74,286,Virginia Gay,Delivery Truck,Small Business,Furniture,Bookcases,Jumbo Box,"O'Sullivan Elevations Bookcase, Cherry Finish",0.69,United States,Central,Kansas,Shawnee,66203,2015-06-17,2015-06-21,-530.24,9,1155.73,89761,166,False,False,False,Chris,4,2015-06-01,Jun,25,Wednesday,Q2,1178.82,117.882,-0.45879227847334586,True,-1.1487922784733458,10%+,500-2k,4-7 days,4,KS
25624,Critical,0.09,28.48,1.99,288,Patricia Cole Blair,Regular Air,Small Business,Technology,Computer Peripherals,Small Pack,"Memorex 4.7GB DVD+RW, 3/Pack",0.4,United States,Central,Kansas,Wichita,67212,2015-01-16,2015-01-19,132.68699999999998,7,192.3,89762,167,False,False,False,Chris,3,2015-01-01,Jan,3,Friday,Q1,199.36,17.9424,0.6899999999999998,False,0.2899999999999998,7-9%,100-500,2-3 days,1,KS
25625,Critical,0.08,65.99,4.99,288,Patricia Cole Blair,Express Air,Small Business,Technology,Telephones and Communication,Small Box,MicroTAC 650,0.58,United States,Central,Kansas,Wichita,67212,2015-01-16,2015-01-18,496.89,14,748.1,89762,168,False,False,False,Chris,2,2015-01-01,Jan,3,Friday,Q1,923.8599999999999,73.9088,0.664202646704986,False,0.084202646704986,7-9%,500-2k,2-3 days,1,KS
21223,Not Specified,0.04,4.98,4.62,290,Sara O'Connor,Regular Air,Small Business,Technology,Computer Peripherals,Small Pack,"Imation 3.5"", DISKETTE 44766 HGHLD3.52HD/FM, 10/Pack",0.64,United States,West,Colorado,Loveland,80538,2015-03-25,2015-03-26,-135.16,20,102.54,90837,169,False,False,False,William,1,2015-03-01,Mar,13,Wednesday,Q1,99.60000000000001,3.9840000000000004,-1.3181197581431636,True,-1.9581197581431637,4-6%,100-500,Same/next day,5,CO
23302,High,0.01,8.33,1.99,306,Thomas McAllister,Regular Air,Small Business,Technology,Computer Peripherals,Small Pack,"80 Minute Slim Jewel Case CD-R , 10/Pack - Staples",0.52,United States,East,Maryland,Pikesville,21208,2015-02-14,2015-02-15,15.895199999999999,8,70.16,87057,170,False,False,False,Erin,1,2015-02-01,Feb,7,Saturday,Q1,66.64,0.6664,0.2265564424173318,False,-0.2934435575826682,1-3%,<100,Same/next day,2,MD
23303,High,0.04,85.99,0.99,306,Thomas McAllister,Regular Air,Small Business,Technology,Telephones and Communication,Wrap Bag,Accessory34,0.55,United States,East,Maryland,Pikesville,21208,2015-02-14,2015-02-16,855.9932999999999,17,1240.57,87057,171,False,False,False,Erin,2,2015-02-01,Feb,7,Saturday,Q1,1461.83,58.4732,0.69,False,0.1399999999999999,4-6%,500-2k,2-3 days,2,MD
5302,High,0.01,8.33,1.99,308,Glen Caldwell,Regular Air,Small Business,Technology,Computer Peripherals,Small Pack,"80 Minute Slim Jewel Case CD-R , 10/Pack - Staples",0.52,United States,West,Washington,Seattle,98115,2015-02-14,2015-02-15,10.74,32,280.62,37760,172,False,False,True,William,1,2015-02-01,Feb,7,Saturday,Q1,266.56,2.6656,0.038272396835578364,False,-0.48172760316442165,1-3%,100-500,Same/next day,2,WA
18853,Medium,0.04,1637.53,24.49,314,Ruby Gibbons,Regular Air,Corporate,Office Supplies,"Scissors, Rulers and Trimmers",Medium Box,High Speed Automatic Electric Letter Opener,0.81,United States,Central,Illinois,Forest Park,60130,2015-03-20,2015-03-22,-1759.58,2,3206.94,89166,173,False,True,False,Chris,2,2015-03-01,Mar,12,Friday,Q1,3275.06,131.0024,-0.548678802846327,True,-1.358678802846327,4-6%,2k-10k,2-3 days,3,IL
18852,Medium,0.01,19.98,4.0,315,Benjamin Kaufman,Regular Air,Corporate,Technology,Computer Peripherals,Small Box,Belkin 105-Key Black Keyboard,0.68,United States,East,Massachusetts,Belchertown,01007,2015-03-20,2015-03-20,-72.23,2,43.08,89166,174,False,True,False,Erin,0,2015-03-01,Mar,12,Friday,Q1,39.96,0.3996,-1.6766480965645312,True,-2.3566480965645313,1-3%,<100,Same/next day,3,MA
18032,Not Specified,0.09,7.38,5.21,317,Katherine Kearney,Regular Air,Corporate,Furniture,Office Furnishings,Small Box,"Eldon® Expressions™ Wood Desk Accessories, Oak",0.56,United States,West,California,Lemon Grove,91945,2015-06-17,2015-06-18,-27.160000000000004,9,66.55,86041,175,False,False,False,William,1,2015-06-01,Jun,25,Wednesday,Q2,66.42,5.9778,-0.4081141998497371,True,-0.9681141998497371,7-9%,<100,Same/next day,5,CA
18033,Not Specified,0.04,5.98,5.15,317,Katherine Kearney,Regular Air,Corporate,Office Supplies,Paper,Small Box,Xerox 193,0.36,United States,West,California,Lemon Grove,91945,2015-06-17,2015-06-18,-52.34400000000001,17,103.49,86041,176,False,False,False,William,1,2015-06-01,Jun,25,Wednesday,Q2,101.66000000000001,4.066400000000001,-0.5057879988404678,True,-0.8657879988404678,4-6%,100-500,Same/next day,5,CA
18034,Not Specified,0.04,15.42,10.68,317,Katherine Kearney,Regular Air,Corporate,Office Supplies,Storage & Organization,Small Box,"Decoflex Hanging Personal Folder File, Blue",0.58,United States,West,California,Lemon Grove,91945,2015-06-17,2015-06-18,-119.93599999999999,12,192.18,86041,177,False,False,False,William,1,2015-06-01,Jun,25,Wednesday,Q2,185.04,7.4016,-0.6240815901758767,True,-1.2040815901758766,4-6%,100-500,Same/next day,5,CA
20641,Low,0.04,8.33,1.99,321,Arthur Lowe Nash,Regular Air,Consumer,Technology,Computer Peripherals,Small Pack,"80 Minute Slim Jewel Case CD-R , 10/Pack - Staples",0.52,United States,East,Maryland,Potomac,20854,2015-04-04,2015-04-09,9.926799999999998,11,89.76,91057,178,False,False,False,Erin,5,2015-04-01,Apr,14,Saturday,Q2,91.63,3.6652,0.11059269162210336,False,-0.40940730837789663,4-6%,<100,4-7 days,4,MD
25111,Not Specified,0.06,7.99,5.03,326,Brenda May,Regular Air,Consumer,Technology,Telephones and Communication,Medium Box,Bell Sonecor JB700 Caller ID,0.6,United States,Central,Illinois,Batavia,60510,2015-06-09,2015-06-10,-29.172,4,28.46,90973,179,False,False,False,Chris,1,2015-06-01,Jun,24,Tuesday,Q2,31.96,1.9176,-1.0250175685172171,True,-1.625017568517217,4-6%,<100,Same/next day,5,IL
19159,Medium,0.06,296.18,54.12,329,Faye Dyer,Delivery Truck,Home Office,Furniture,Tables,Jumbo Box,Hon 94000 Series Round Tables,0.76,United States,East,Maine,Sanford,04073,2015-04-14,2015-04-15,-715.7782060000003,5,1170.21,89726,180,False,True,False,Erin,1,2015-04-01,Apr,16,Tuesday,Q2,1480.9,88.854,-0.6116664581570832,True,-1.3716664581570832,4-6%,500-2k,Same/next day,3,ME
19158,Medium,0.01,29.1,4.0,331,Bradley Pollock,Express Air,Home Office,Technology,Computer Peripherals,Small Box,Acco Keyboard-In-A-Box®,0.78,United States,East,New Hampshire,Goffstown,03045,2015-04-14,2015-04-16,-22.82,8,243.32,89726,181,False,True,False,Erin,2,2015-04-01,Apr,16,Tuesday,Q2,232.8,2.3280000000000003,-0.09378596087456847,True,-0.8737859608745685,1-3%,100-500,2-3 days,3,NH
18261,Critical,0.06,276.2,24.49,335,Curtis O'Connell,Regular Air,Corporate,Furniture,Chairs & Chairmats,Large Box,SAFCO Arco Folding Chair,0.62,United States,West,Oregon,Medford,97504,2015-05-04,2015-05-05,2639.4708,14,3825.32,87277,182,True,False,False,William,1,2015-05-01,May,19,Monday,Q2,3866.7999999999997,232.00799999999998,0.69,False,0.06999999999999995,4-6%,2k-10k,Same/next day,1,OR
18262,Critical,0.09,6.28,5.29,335,Curtis O'Connell,Regular Air,Corporate,Furniture,Office Furnishings,Small Box,"Eldon® 200 Class™ Desk Accessories, Burgundy",0.43,United States,West,Oregon,Medford,97504,2015-05-04,2015-05-04,-5.2,1,8.53,87277,183,False,False,False,William,0,2015-05-01,May,19,Monday,Q2,6.28,0.5652,-0.6096131301289567,True,-1.0396131301289566,7-9%,<100,Same/next day,1,OR
23481,Medium,0.08,7.77,9.23,339,Bobby Clements,Regular Air,Corporate,Office Supplies,Appliances,Small Box,Hoover Commercial Soft Guard Upright Vacuum And Disposable Filtration Bags,0.58,United States,East,Ohio,Columbus,43229,2015-03-17,2015-03-18,-83.65,5,40.3,90583,184,False,False,False,Erin,1,2015-03-01,Mar,12,Tuesday,Q1,38.849999999999994,3.1079999999999997,-2.075682382133995,True,-2.655682382133995,7-9%,<100,Same/next day,3,OH
23482,Medium,0.07,7.59,4.0,339,Bobby Clements,Regular Air,Corporate,Furniture,Office Furnishings,Wrap Bag,"Master Giant Foot® Doorstop, Safety Yellow",0.42,United States,East,Ohio,Columbus,43229,2015-03-17,2015-03-19,24.39,15,111.88,90583,185,False,False,False,Erin,2,2015-03-01,Mar,12,Tuesday,Q1,113.85,7.9695,0.21800143010368253,False,-0.20199856989631745,7-9%,100-500,2-3 days,3,OH
480,Critical,0.01,3.26,1.86,342,Jacqueline Noble,Regular Air,Corporate,Office Supplies,Pens & Art Supplies,Wrap Bag,"Avery Hi-Liter GlideStik Fluorescent Highlighter, Yellow Ink",0.41,United States,South,Florida,Miami,33181,2015-05-04,2015-05-06,-4.6682999999999995,20,73.97,3332,186,False,False,False,Sam,2,2015-05-01,May,19,Monday,Q2,65.19999999999999,0.6519999999999999,-0.06311072056239016,True,-0.4731107205623901,1-3%,<100,2-3 days,1,FL
22784,Critical,0.03,15.23,27.75,343,Lynn Epstein,Delivery Truck,Corporate,Furniture,Tables,Jumbo Box,Anderson Hickey Conga Table Tops & Accessories,0.76,United States,East,Maine,Bangor,04401,2015-01-31,2015-02-01,11.650950000000002,7,111.86,88151,187,False,False,False,Erin,1,2015-01-01,Jan,5,Saturday,Q1,106.61,3.1982999999999997,0.10415653495440731,False,-0.6558434650455927,1-3%,100-500,Same/next day,1,ME
18480,Critical,0.01,3.26,1.86,344,Rosemary English,Regular Air,Corporate,Office Supplies,Pens & Art Supplies,Wrap Bag,"Avery Hi-Liter GlideStik Fluorescent Highlighter, Yellow Ink",0.41,United States,East,Maine,Portland,04101,2015-05-04,2015-05-06,0.7020000000000008,5,18.49,88152,188,False,False,False,Erin,2,2015-05-01,May,19,Monday,Q2,16.299999999999997,0.16299999999999998,0.037966468361276415,False,-0.37203353163872355,1-3%,<100,2-3 days,1,ME
2408,Critical,0.0,8.34,2.64,349,Kim Weiss,Express Air,Home Office,Office Supplies,"Scissors, Rulers and Trimmers",Small Pack,Acme® Elite Stainless Steel Scissors,0.59,United States,South,Florida,Miami,33132,2015-06-09,2015-06-11,5.8625,23,212.89,17446,189,False,False,False,Sam,2,2015-06-01,Jun,24,Tuesday,Q2,191.82,0.0,0.027537695523509795,False,-0.5624623044764901,0%,100-500,2-3 days,1,FL
1595,Medium,0.04,99.23,8.99,349,Kim Weiss,Regular Air,Home Office,Furniture,Office Furnishings,Small Pack,"GE 48"" Fluorescent Tube, Cool White Energy Saver, 34 Watts, 30/Box",0.35,United States,South,Florida,Miami,33132,2015-01-02,2015-01-04,1916.6757,54,5555.6,11527,190,False,False,False,Sam,2,2015-01-01,Jan,1,Friday,Q1,5358.42,214.3368,0.3449988660090719,False,-0.005001133990928053,4-6%,2k-10k,2-3 days,3,FL
20408,Critical,0.0,8.34,2.64,351,Juanita Coley Knox,Express Air,Home Office,Office Supplies,"Scissors, Rulers and Trimmers",Small Pack,Acme® Elite Stainless Steel Scissors,0.59,United States,East,New York,Watertown,13601,2015-06-09,2015-06-11,10.5,6,55.54,88685,191,False,False,False,Erin,2,2015-06-01,Jun,24,Tuesday,Q2,50.04,0.0,0.1890529348217501,False,-0.40094706517824985,0%,<100,2-3 days,1,NY
19595,Medium,0.04,99.23,8.99,351,Juanita Coley Knox,Regular Air,Home Office,Furniture,Office Furnishings,Small Pack,"GE 48"" Fluorescent Tube, Cool White Energy Saver, 34 Watts, 30/Box",0.35,United States,East,New York,Watertown,13601,2015-01-02,2015-01-04,993.8345999999999,14,1440.34,88686,192,False,False,False,Erin,2,2015-01-01,Jan,1,Friday,Q1,1389.22,55.5688,0.69,False,0.33999999999999997,4-6%,500-2k,2-3 days,3,NY
19107,Low,0.08,4.89,4.93,353,Bonnie Chambers,Express Air,Home Office,Technology,Computer Peripherals,Small Pack,"Maxell 3.5"" DS/HD IBM-Formatted Diskettes, 10/Pack",0.66,United States,West,Arizona,Glendale,85301,2015-05-14,2015-05-14,-165.45,17,84.76,89647,193,False,False,False,William,0,2015-05-01,May,20,Thursday,Q2,83.13,6.650399999999999,-1.9519820670127417,True,-2.611982067012742,7-9%,<100,Same/next day,4,AZ
19108,Low,0.07,6.68,6.92,353,Bonnie Chambers,Regular Air,Home Office,Office Supplies,Paper,Small Box,Xerox 1898,0.37,United States,West,Arizona,Glendale,85301,2015-05-14,2015-05-21,-141.12,16,104.84,89647,194,False,False,False,William,7,2015-05-01,May,20,Thursday,Q2,106.88,7.4816,-1.346051125524609,True,-1.7160511255246091,7-9%,100-500,4-7 days,4,AZ
20760,Critical,0.07,124.49,51.94,357,Barbara McNamara,Delivery Truck,Corporate,Furniture,Tables,Jumbo Box,Bevis 36 x 72 Conference Tables,0.63,United States,West,Arizona,Kingman,86401,2015-05-24,2015-05-25,1074.44,14,1714.93,91131,195,False,False,False,William,1,2015-05-01,May,21,Sunday,Q2,1742.86,122.0002,0.6265211991159989,False,-0.0034788008840010987,7-9%,500-2k,Same/next day,1,AZ
24627,Low,0.04,125.99,8.99,358,Chris F Brandt,Regular Air,Corporate,Technology,Telephones and Communication,Small Box,M70,0.59,United States,East,Pennsylvania,King of Prussia,19406,2015-01-09,2015-01-16,-627.82192,1,107.95,91130,196,False,False,False,Erin,7,2015-01-01,Jan,2,Friday,Q1,125.99,5.0396,-5.815858452987494,True,-6.405858452987494,4-6%,100-500,4-7 days,4,PA
18278,Medium,0.05,328.14,91.05,366,Patrick Rosenthal,Delivery Truck,Small Business,Office Supplies,Appliances,Jumbo Drum,"Sanyo Counter Height Refrigerator with Crisper, 3.6 Cubic Foot, Stainless Steel/Black",0.57,United States,East,Rhode Island,Cranston,02910,2015-01-17,2015-01-19,411.5172,6,1967.98,87347,197,False,False,False,Erin,2,2015-01-01,Jan,3,Saturday,Q1,1968.84,98.44200000000001,0.20910639335765607,False,-0.3608936066423439,4-6%,500-2k,2-3 days,3,RI
24794,Low,0.09,19.23,6.15,369,Troy Moon,Express Air,Corporate,Furniture,Office Furnishings,Small Pack,"Executive Impressions 13"" Clairmont Wall Clock",0.44,United States,West,California,Oakland,94601,2015-04-11,2015-04-13,211.232,21,394.1,90292,198,False,False,False,William,2,2015-04-01,Apr,15,Saturday,Q2,403.83,36.344699999999996,0.5359857904085257,False,0.09598579040852567,7-9%,100-500,2-3 days,4,CA
20401,Not Specified,0.02,20.99,4.81,370,Sam Oh,Regular Air,Corporate,Technology,Telephones and Communication,Medium Box,1726 Digital Answering Machine,0.58,United States,East,Maine,Lewiston,04240,2015-05-27,2015-05-29,49.788,15,266.39,90291,199,False,True,False,Erin,2,2015-05-01,May,22,Wednesday,Q2,314.84999999999997,6.297,0.1868989076166523,False,-0.39310109238334767,1-3%,100-500,2-3 days,5,ME
20400,Not Specified,0.05,5.4,7.78,371,Roberta Mullins Peters,Express Air,Corporate,Office Supplies,Binders and Binder Accessories,Small Box,3M Organizer Strips,0.37,United States,East,Massachusetts,Everett,02149,2015-05-27,2015-05-29,-132.6295,9,51.82,90291,200,False,True,False,Erin,2,2015-05-01,May,22,Wednesday,Q2,48.6,2.43,-2.559426862215361,True,-2.929426862215361,4-6%,<100,2-3 days,5,MA
3392,Not Specified,0.02,200.98,55.96,373,Jeanne Werner,Delivery Truck,Small Business,Furniture,Bookcases,Jumbo Box,O'Sullivan Living Dimensions 3-Shelf Bookcases,0.75,United States,Central,Michigan,Detroit,48234,2015-03-14,2015-03-16,-163.63,45,9539.6,24193,201,False,False,False,Chris,2,2015-03-01,Mar,11,Saturday,Q1,9044.1,180.882,-0.017152710805484507,True,-0.7671527108054845,1-3%,2k-10k,2-3 days,5,MI
3393,Not Specified,0.02,4.28,5.17,373,Jeanne Werner,Regular Air,Small Business,Office Supplies,Paper,Small Box,Xerox 1971,0.4,United States,Central,Michigan,Detroit,48234,2015-03-14,2015-03-15,-63.87,24,109.86,24193,202,False,False,False,Chris,1,2015-03-01,Mar,11,Saturday,Q1,102.72,2.0544000000000002,-0.5813762971054068,True,-0.9813762971054069,1-3%,100-500,Same/next day,5,MI
3394,Not Specified,0.04,85.99,0.99,373,Jeanne Werner,Regular Air,Small Business,Technology,Telephones and Communication,Wrap Bag,Accessory4,0.85,United States,Central,Michigan,Detroit,48234,2015-03-14,2015-03-16,-175.175,19,1426.51,24193,203,False,False,False,Chris,2,2015-03-01,Mar,11,Saturday,Q1,1633.81,65.3524,-0.12279969996705246,True,-0.9727996999670524,4-6%,500-2k,2-3 days,5,MI
21392,Not Specified,0.02,200.98,55.96,375,Sandra Sharma,Delivery Truck,Small Business,Furniture,Bookcases,Jumbo Box,O'Sullivan Living Dimensions 3-Shelf Bookcases,0.75,United States,South,Tennessee,Morristown,37814,2015-03-14,2015-03-16,-224.94779999999997,11,2331.9,90917,204,False,False,False,Sam,2,2015-03-01,Mar,11,Saturday,Q1,2210.7799999999997,44.215599999999995,-0.09646545735237358,True,-0.8464654573523736,1-3%,2k-10k,2-3 days,5,TN
21393,Not Specified,0.02,4.28,5.17,375,Sandra Sharma,Regular Air,Small Business,Office Supplies,Paper,Small Box,Xerox 1971,0.4,United States,South,Tennessee,Morristown,37814,2015-03-14,2015-03-15,196.79999999999998,6,27.47,90917,205,False,False,False,Sam,1,2015-03-01,Mar,11,Saturday,Q1,25.68,0.5136000000000001,7.164179104477611,False,6.764179104477611,1-3%,<100,Same/next day,5,TN
19073,Medium,0.03,25.98,5.37,377,Sylvia Bush,Regular Air,Consumer,Office Supplies,Appliances,Medium Box,3M Office Air Cleaner,0.5,United States,Central,Illinois,Batavia,60510,2015-04-17,2015-04-17,250.03759999999997,17,460.87,89579,206,False,False,False,Chris,0,2015-04-01,Apr,16,Friday,Q2,441.66,13.2498,0.5425339032699025,False,0.04253390326990247,1-3%,100-500,Same/next day,3,IL
22401,Not Specified,0.07,415.88,11.37,381,Danielle Watts,Regular Air,Corporate,Office Supplies,Storage & Organization,Small Box,Deluxe Rollaway Locking File with Drawer,0.57,United States,Central,Illinois,Bloomington,61701,2015-05-01,2015-05-01,-539.59,1,394.51,88929,207,False,False,False,Chris,0,2015-05-01,May,18,Friday,Q2,415.88,29.111600000000003,-1.367747332133533,True,-1.937747332133533,7-9%,100-500,Same/next day,5,IL
21281,Critical,0.06,5.34,5.63,383,Renee Alston,Regular Air,Corporate,Office Supplies,Binders and Binder Accessories,Small Box,"Pressboard Data Binder, Crimson, 12"" X 8 1/2""",0.39,United States,East,Pennsylvania,Drexel Hill,19026,2015-03-19,2015-03-19,-82.823,7,38.65,88928,208,False,False,False,Erin,0,2015-03-01,Mar,12,Thursday,Q1,37.379999999999995,2.2427999999999995,-2.1428978007761965,True,-2.5328978007761966,4-6%,<100,Same/next day,1,PA
21282,Critical,0.07,65.99,5.26,383,Renee Alston,Express Air,Corporate,Technology,Telephones and Communication,Small Box,8860,0.56,United States,East,Pennsylvania,Drexel Hill,19026,2015-03-19,2015-03-21,107.08200000000001,5,279.83,88928,209,False,False,False,Erin,2,2015-03-01,Mar,12,Thursday,Q1,329.95,23.096500000000002,0.3826680484579924,False,-0.17733195154200765,7-9%,100-500,2-3 days,1,PA
20919,High,0.1,8.88,6.28,387,Angela Howe,Express Air,Corporate,Office Supplies,Binders and Binder Accessories,Small Box,GBC Instant Index™ System for Binding Systems,0.35,United States,Central,Nebraska,Grand Island,68801,2015-06-12,2015-06-14,-27.28375,15,126.9,90339,210,False,False,False,Chris,2,2015-06-01,Jun,24,Friday,Q2,133.20000000000002,13.320000000000002,-0.21500197005516156,True,-0.5650019700551615,10%+,100-500,2-3 days,2,NE
22223,Critical,0.03,5.28,5.66,388,Roger Schwartz,Regular Air,Corporate,Office Supplies,Paper,Small Box,Xerox 4200 Series MultiUse Premium Copy Paper (20Lb. and 84 Bright),0.4,United States,Central,Nebraska,Kearney,68847,2015-01-03,2015-01-05,-51.5592,4,22.82,90337,211,False,False,False,Chris,2,2015-01-01,Jan,1,Saturday,Q1,21.12,0.6336,-2.2593865030674847,True,-2.6593865030674846,1-3%,<100,2-3 days,1,NE
22224,Critical,0.01,110.99,2.5,388,Roger Schwartz,Regular Air,Corporate,Technology,Telephones and Communication,Small Box,T18,0.57,United States,Central,Nebraska,Kearney,68847,2015-01-03,2015-01-06,-263.56572,2,188.66,90337,212,False,False,False,Chris,3,2015-01-01,Jan,1,Saturday,Q1,221.98,2.2197999999999998,-1.3970408141630446,True,-1.9670408141630444,1-3%,100-500,2-3 days,1,NE
23853,Low,0.03,160.98,30.0,389,Joel Buckley,Delivery Truck,Corporate,Furniture,Chairs & Chairmats,Jumbo Drum,Office Star - Mid Back Dual function Ergonomic High Back Chair with 2-Way Adjustable Arms,0.62,United States,Central,Nebraska,Lincoln,68502,2015-02-06,2015-02-10,1273.2087,11,1845.23,90338,213,False,False,False,Chris,4,2015-02-01,Feb,6,Friday,Q1,1770.78,53.1234,0.69,False,0.06999999999999995,1-3%,500-2k,4-7 days,4,NE
25449,Medium,0.02,34.98,7.53,392,Erica R Fuller,Regular Air,Corporate,Technology,Computer Peripherals,Small Box,Fellowes EZ Multi-Media Keyboard,0.76,United States,Central,Missouri,Clayton,63105,2015-03-05,2015-03-07,-159.68,1,37.16,86383,214,False,False,False,Chris,2,2015-03-01,Mar,10,Thursday,Q1,34.98,0.6996,-4.297093649085038,True,-5.057093649085038,1-3%,<100,2-3 days,3,MO
25450,Medium,0.01,19.99,11.17,392,Erica R Fuller,Regular Air,Corporate,Furniture,Office Furnishings,Large Box,Telescoping Adjustable Floor Lamp,0.6,United States,Central,Missouri,Clayton,63105,2015-03-05,2015-03-08,27.91,2,43.65,86383,215,False,False,False,Chris,3,2015-03-01,Mar,10,Thursday,Q1,39.98,0.3998,0.6394043528064147,False,0.039404352806414744,1-3%,<100,2-3 days,3,MO
22598,Low,0.07,9.71,9.45,393,Shawn Combs,Regular Air,Corporate,Office Supplies,Storage & Organization,Small Box,Filing/Storage Totes and Swivel Casters,0.6,United States,East,New York,Auburn,13021,2015-02-15,2015-02-22,-81.77,3,31.44,86382,216,False,False,False,Erin,7,2015-02-01,Feb,7,Sunday,Q1,29.130000000000003,2.0391000000000004,-2.6008269720101778,True,-3.200826972010178,7-9%,<100,4-7 days,4,NY
24638,Critical,0.04,15.98,4.0,395,Monica McCormick,Regular Air,Corporate,Technology,Computer Peripherals,Small Box,Logitech Access Keyboard,0.37,United States,South,North Carolina,Albemarle,28001,2015-06-18,2015-06-19,-19.208000000000002,4,64.59,86384,217,False,False,False,Sam,1,2015-06-01,Jun,25,Thursday,Q2,63.92,2.5568,-0.2973834958971977,True,-0.6673834958971977,4-6%,<100,Same/next day,1,NC
24639,Critical,0.06,22.84,5.47,395,Monica McCormick,Regular Air,Corporate,Office Supplies,Paper,Small Box,Xerox 1929,0.39,United States,South,North Carolina,Albemarle,28001,2015-06-18,2015-06-20,7.4399999999999995,20,461.94,86384,218,False,False,False,Sam,2,2015-06-01,Jun,25,Thursday,Q2,456.8,27.408,0.016105987790622157,False,-0.37389401220937785,4-6%,100-500,2-3 days,1,NC
20693,Critical,0.1,154.13,69.0,397,Denise Carver,Regular Air,Corporate,Furniture,Tables,Large Box,Laminate Occasional Tables,0.68,United States,East,Ohio,Cuyahoga Falls,44221,2015-02-02,2015-02-03,-372.48597100000006,8,1216.32,89319,219,False,False,False,Erin,1,2015-02-01,Feb,6,Monday,Q1,1233.04,123.304,-0.30624011033280724,True,-0.9862401103328073,10%+,500-2k,Same/next day,1,OH
24471,Medium,0.05,63.94,14.48,398,Bruce Stark,Regular Air,Corporate,Furniture,Office Furnishings,Small Box,"Howard Miller 16"" Diameter Gallery Wall Clock",0.46,United States,East,Ohio,Dayton,45406,2015-05-23,2015-05-25,1372.6308,31,1989.32,89320,220,False,False,False,Erin,2,2015-05-01,May,21,Saturday,Q2,1982.1399999999999,99.107,0.69,False,0.22999999999999993,4-6%,500-2k,2-3 days,3,OH
21570,High,0.03,4.98,0.8,406,June Frank Hammond,Regular Air,Small Business,Office Supplies,Paper,Wrap Bag,Rediform S.O.S. Phone Message Books,0.36,United States,East,New Jersey,South Vineland,08360,2015-05-21,2015-05-22,50.2044,15,72.76,87804,221,False,False,False,Erin,1,2015-05-01,May,21,Thursday,Q2,74.7,2.241,0.69,False,0.32999999999999996,1-3%,<100,Same/next day,2,NJ
19104,Low,0.07,29.17,6.27,408,Calvin Parsons Walter,Regular Air,Corporate,Office Supplies,Binders and Binder Accessories,Small Box,Binding Machine Supplies,0.37,United States,Central,Texas,San Juan,78589,2015-05-02,2015-05-06,236.2371,14,400.47,89639,222,False,False,False,Chris,4,2015-05-01,May,18,Saturday,Q2,408.38,28.5866,0.58989961794891,False,0.21989961794891,7-9%,100-500,4-7 days,4,TX
18428,High,0.05,178.47,19.99,411,Carolyn Proctor,Express Air,Consumer,Office Supplies,Storage & Organization,Small Box,"Hot File® 7-Pocket, Floor Stand",0.55,United States,West,California,Oakland,94601,2015-05-04,2015-05-07,943.0,9,1531.31,87905,223,False,False,False,William,3,2015-05-01,May,19,Monday,Q2,1606.23,80.31150000000001,0.615812604893849,False,0.06581260489384899,4-6%,500-2k,2-3 days,2,CA
21739,Critical,0.09,999.99,13.99,421,Scott Feldman,Regular Air,Small Business,Technology,Office Machines,Medium Box,"Polycom Soundstation EX Audio-Conferencing Telephone, Black",0.36,United States,East,New Jersey,Elizabeth,07201,2015-02-06,2015-02-08,-2531.4825,1,919.09,87700,224,False,False,False,Erin,2,2015-02-01,Feb,6,Friday,Q1,999.99,89.9991,-2.7543358104211775,True,-3.1143358104211774,7-9%,500-2k,2-3 days,1,NJ
22355,High,0.02,15.28,1.99,428,Ernest Barber,Regular Air,Corporate,Technology,Computer Peripherals,Small Pack,"Memorex 4.7GB DVD+R, 3/Pack",0.42,United States,West,Nevada,Carson City,89701,2015-01-15,2015-01-16,163.1574,15,236.46,88479,225,False,False,False,William,1,2015-01-01,Jan,3,Thursday,Q1,229.2,4.584,0.69,False,0.26999999999999996,1-3%,100-500,Same/next day,2,NV
22356,High,0.0,85.99,3.3,428,Ernest Barber,Regular Air,Corporate,Technology,Telephones and Communication,Small Pack,Accessory20,0.37,United States,West,Nevada,Carson City,89701,2015-01-15,2015-01-16,-302.225,1,73.82,88479,226,False,False,False,William,1,2015-01-01,Jan,3,Thursday,Q1,85.99,0.0,-4.094080195069088,True,-4.464080195069088,0%,<100,Same/next day,2,NV
25351,Not Specified,0.05,10.98,4.8,428,Ernest Barber,Regular Air,Corporate,Office Supplies,Envelopes,Small Box,"Manila Recycled Extra-Heavyweight Clasp Envelopes, 6"" x 9""",0.36,United States,West,Nevada,Carson City,89701,2015-03-03,2015-03-05,90.62,22,243.11,88480,227,False,False,False,William,2,2015-03-01,Mar,10,Tuesday,Q1,241.56,12.078000000000001,0.3727530747398297,False,0.012753074739829728,4-6%,100-500,2-3 days,5,NV
19988,Low,0.05,125.99,8.08,437,Alice Berger McIntyre,Regular Air,Small Business,Technology,Telephones and Communication,Small Box,StarTAC ST7762,0.57,United States,East,Massachusetts,Lunenburg,01462,2015-06-22,2015-06-27,427.1184,9,952.26,90695,228,False,False,False,Erin,5,2015-06-01,Jun,26,Monday,Q2,1133.9099999999999,56.695499999999996,0.4485312834730011,False,-0.12146871652699887,4-6%,500-2k,4-7 days,4,MA
25813,Critical,0.0,7.59,4.0,444,Thelma Abrams,Regular Air,Small Business,Furniture,Office Furnishings,Wrap Bag,"Master Giant Foot® Doorstop, Safety Yellow",0.42,United States,Central,Illinois,Urbana,61801,2015-05-25,2015-05-28,86.438,43,355.92,88085,229,False,False,False,Chris,3,2015-05-01,May,22,Monday,Q2,326.37,0.0,0.2428579456057541,False,-0.17714205439424588,0%,100-500,2-3 days,1,IL
23153,Not Specified,0.03,48.04,19.99,445,Judy Barrett,Regular Air,Small Business,Office Supplies,Paper,Small Box,14-7/8 x 11 Blue Bar Computer Printout Paper,0.37,United States,Central,Nebraska,Norfolk,68701,2015-04-11,2015-04-13,-4.459999999999994,2,101.71,88083,230,False,False,False,Chris,2,2015-04-01,Apr,15,Saturday,Q2,96.08,2.8823999999999996,-0.04385016222593643,True,-0.4138501622259364,1-3%,100-500,2-3 days,5,NE
23862,High,0.09,200.98,55.96,445,Judy Barrett,Delivery Truck,Small Business,Furniture,Bookcases,Jumbo Box,O'Sullivan Living Dimensions 3-Shelf Bookcases,0.75,United States,Central,Nebraska,Norfolk,68701,2015-06-23,2015-06-24,-512.8720000000001,9,1766.68,88084,231,False,False,False,Chris,1,2015-06-01,Jun,26,Tuesday,Q2,1808.82,162.79379999999998,-0.2903027146964929,True,-1.040302714696493,7-9%,500-2k,Same/next day,2,NE
23863,High,0.09,2.78,0.97,445,Judy Barrett,Regular Air,Small Business,Office Supplies,Pens & Art Supplies,Wrap Bag,Newell 333,0.59,United States,Central,Nebraska,Norfolk,68701,2015-06-23,2015-06-24,-3.7840000000000003,11,29.02,88084,232,False,False,False,Chris,1,2015-06-01,Jun,26,Tuesday,Q2,30.58,2.7521999999999998,-0.13039283252929015,True,-0.7203928325292901,7-9%,<100,Same/next day,2,NE
19694,Not Specified,0.04,130.98,30.0,447,Valerie Moon,Delivery Truck,Corporate,Furniture,Chairs & Chairmats,Jumbo Drum,"Office Star - Contemporary Task Swivel chair with 2-way adjustable arms, Plum",0.78,United States,Central,Minnesota,Roseville,55113,2015-06-25,2015-06-28,-82.904,1,159.51,90449,233,False,False,False,Chris,3,2015-06-01,Jun,26,Thursday,Q2,130.98,5.239199999999999,-0.5197417089837628,True,-1.2997417089837628,4-6%,100-500,2-3 days,5,MN
19695,Not Specified,0.05,200.99,4.2,447,Valerie Moon,Regular Air,Corporate,Technology,Telephones and Communication,Small Box,2160i,0.59,United States,Central,Minnesota,Roseville,55113,2015-06-25,2015-06-25,1268.8065,11,1838.85,90449,234,False,False,False,Chris,0,2015-06-01,Jun,26,Thursday,Q2,2210.8900000000003,110.54450000000003,0.69,False,0.09999999999999998,4-6%,500-2k,Same/next day,5,MN
20851,High,0.03,15.99,11.28,451,Joyce Murray,Regular Air,Home Office,Technology,Office Machines,Medium Box,"210 Trimline Phone, White",0.38,United States,West,California,Los Altos,94024,2015-04-10,2015-04-11,-53.2962,2,35.48,86010,235,False,False,False,William,1,2015-04-01,Apr,15,Friday,Q2,31.98,0.9594,-1.5021476888387826,True,-1.8821476888387827,1-3%,<100,Same/next day,2,CA
21117,Critical,0.04,37.7,2.99,451,Joyce Murray,Regular Air,Home Office,Office Supplies,Binders and Binder Accessories,Small Box,Vinyl Sectional Post Binders,0.35,United States,West,California,Los Altos,94024,2015-05-27,2015-05-28,299.6739,12,434.31,86012,236,False,True,False,William,1,2015-05-01,May,22,Wednesday,Q2,452.40000000000003,18.096,0.6900000000000001,False,0.3400000000000001,4-6%,100-500,Same/next day,1,CA
18536,Low,0.01,8.88,6.28,451,Joyce Murray,Regular Air,Home Office,Office Supplies,Binders and Binder Accessories,Small Box,GBC Instant Index™ System for Binding Systems,0.35,United States,West,California,Los Altos,94024,2015-01-05,2015-01-10,-15.456,2,19.86,86013,237,False,False,False,William,5,2015-01-01,Jan,2,Monday,Q1,17.76,0.1776,-0.7782477341389729,True,-1.1282477341389727,1-3%,<100,4-7 days,4,CA
18537,Low,0.06,2.88,0.99,451,Joyce Murray,Regular Air,Home Office,Office Supplies,Labels,Small Box,Avery 514,0.36,United States,West,California,Los Altos,94024,2015-01-05,2015-01-14,16.0494,8,23.26,86013,238,False,False,False,William,9,2015-01-01,Jan,2,Monday,Q1,23.04,1.3823999999999999,0.69,False,0.32999999999999996,4-6%,<100,8+ days,4,CA
21118,Critical,0.01,55.99,5.0,452,Leslie Rowland,Regular Air,Home Office,Technology,Telephones and Communication,Small Pack,Accessory36,0.83,United States,West,California,Los Banos,93635,2015-05-27,2015-05-28,-235.895,1,51.83,86012,239,False,True,False,William,1,2015-05-01,May,22,Wednesday,Q2,55.99,0.5599000000000001,-4.55132162840054,True,-5.38132162840054,1-3%,<100,Same/next day,1,CA
22318,Not Specified,0.03,29.34,7.87,453,George Terry,Regular Air,Corporate,Furniture,Office Furnishings,Small Box,"Seth Thomas 14"" Putty-Colored Wall Clock",0.54,United States,West,California,Los Gatos,95032,2015-05-08,2015-05-10,-41.32,1,32.4,86011,240,False,False,False,William,2,2015-05-01,May,19,Friday,Q2,29.34,0.8802,-1.2753086419753088,True,-1.8153086419753088,1-3%,<100,2-3 days,5,CA
22874,Low,0.07,16.91,6.25,460,Anne Armstrong,Regular Air,Home Office,Office Supplies,Storage & Organization,Small Box,"Tenex Personal Self-Stacking Standard File Box, Black/Gray",0.58,United States,East,New Jersey,Millville,08332,2015-05-23,2015-05-30,7.900000000000006,31,492.9,86014,241,False,False,False,Erin,7,2015-05-01,May,21,Saturday,Q2,524.21,36.694700000000005,0.016027591803611293,False,-0.5639724081963887,7-9%,100-500,4-7 days,4,NJ
18467,Low,0.07,165.2,19.99,463,Debbie Stevenson,Regular Air,Small Business,Office Supplies,Storage & Organization,Small Box,Economy Rollaway Files,0.59,United States,West,California,West Hollywood,90069,2015-01-14,2015-01-16,521.69,7,1081.54,88061,242,False,False,False,William,2,2015-01-01,Jan,3,Wednesday,Q1,1156.3999999999999,80.948,0.48235848882149535,False,-0.10764151117850462,7-9%,500-2k,2-3 days,4,CA
22754,Not Specified,0.08,297.64,14.7,466,Marc Nash,Delivery Truck,Small Business,Technology,Office Machines,Jumbo Drum,Panasonic KX-P3200 Dot Matrix Printer,0.57,United States,East,Massachusetts,Bellingham,02019,2015-01-11,2015-01-11,496.79679999999996,5,1132.84,88060,243,False,True,False,Erin,0,2015-01-01,Jan,2,Sunday,Q1,1488.1999999999998,119.05599999999998,0.4385410119699163,False,-0.13145898803008366,7-9%,500-2k,Same/next day,5,MA
22755,Not Specified,0.02,12.99,14.37,467,Maria Thomas,Regular Air,Small Business,Furniture,Office Furnishings,Large Box,"Tensor ""Hersey Kiss"" Styled Floor Lamp",0.73,United States,East,Massachusetts,Beverly,01915,2015-01-11,2015-01-12,-556.8096,11,143.63,88060,244,False,True,False,Erin,1,2015-01-01,Jan,2,Sunday,Q1,142.89000000000001,2.8578000000000006,-3.876694283923972,True,-4.6066942839239715,1-3%,100-500,Same/next day,5,MA
22756,Not Specified,0.06,14.42,6.75,468,Craig Bennett,Regular Air,Small Business,Office Supplies,Appliances,Medium Box,Holmes Odor Grabber,0.52,United States,East,Massachusetts,Hanson,02341,2015-01-11,2015-01-12,-27.7388,5,73.04,88060,245,False,True,False,Erin,1,2015-01-01,Jan,2,Sunday,Q1,72.1,4.326,-0.37977546549835706,True,-0.8997754654983571,4-6%,<100,Same/next day,5,MA
22757,Not Specified,0.05,4.14,6.6,469,Marion Bowling,Express Air,Small Business,Furniture,Office Furnishings,Small Box,Eldon Image Series Black Desk Accessories,0.49,United States,East,New Jersey,Hawthorne,07506,2015-01-11,2015-01-13,-128.6872,7,33.35,88060,246,False,True,False,Erin,2,2015-01-01,Jan,2,Sunday,Q1,28.979999999999997,1.4489999999999998,-3.8586866566716638,True,-4.3486866566716635,4-6%,<100,2-3 days,5,NJ
22758,Not Specified,0.03,11.34,5.01,470,Tony Doyle,Regular Air,Small Business,Office Supplies,Paper,Small Box,Xerox 188,0.36,United States,East,New Jersey,Trenton,08601,2015-01-11,2015-01-11,23.2028,5,60.24,88060,247,False,True,False,Erin,0,2015-01-01,Jan,2,Sunday,Q1,56.7,1.701,0.3851726427622842,False,0.025172642762284203,1-3%,<100,Same/next day,5,NJ
462,Not Specified,0.07,179.99,19.99,471,Ross Simpson,Express Air,Consumer,Technology,Computer Peripherals,Small Box,Motorola SB4200 Cable Modem,0.48,United States,South,Georgia,Atlanta,30318,2015-02-08,2015-02-08,-568.5351,4,718.03,3138,248,False,False,False,Sam,0,2015-02-01,Feb,6,Sunday,Q1,719.96,50.397200000000005,-0.7917985320947594,True,-1.2717985320947593,7-9%,500-2k,Same/next day,5,GA
18462,Not Specified,0.07,179.99,19.99,472,Donna Craven,Express Air,Consumer,Technology,Computer Peripherals,Small Box,Motorola SB4200 Cable Modem,0.48,United States,East,Maryland,Randallstown,21133,2015-02-08,2015-02-08,-427.47,1,179.51,88023,249,False,False,False,Erin,0,2015-02-01,Feb,6,Sunday,Q1,179.99,12.599300000000001,-2.3813158041334748,True,-2.8613158041334747,7-9%,100-500,Same/next day,5,MD
20637,Critical,0.03,11.97,4.98,483,Edgar McKenzie,Regular Air,Corporate,Office Supplies,Appliances,Small Box,Staples 6 Outlet Surge,0.58,United States,Central,Illinois,Oswego,60543,2015-01-27,2015-01-28,-18.19,6,73.18,90353,250,False,False,False,Chris,1,2015-01-01,Jan,5,Tuesday,Q1,71.82000000000001,2.1546000000000003,-0.2485651817436458,True,-0.8285651817436458,1-3%,<100,Same/next day,1,IL
22864,Not Specified,0.06,3.36,6.27,483,Edgar McKenzie,Regular Air,Corporate,Office Supplies,Binders and Binder Accessories,Small Box,Cardinal Poly Pocket Divider Pockets for Ring Binders,0.4,United States,Central,Illinois,Oswego,60543,2015-04-23,2015-04-24,-24.057540000000003,2,8.82,90354,251,False,False,False,Chris,1,2015-04-01,Apr,17,Thursday,Q2,6.72,0.40319999999999995,-2.7276122448979594,True,-3.1276122448979593,4-6%,<100,Same/next day,5,IL
22865,Not Specified,0.07,699.99,24.49,483,Edgar McKenzie,Regular Air,Corporate,Technology,Copiers and Fax,Large Box,Canon PC1060 Personal Laser Copier,0.41,United States,Central,Illinois,Oswego,60543,2015-04-23,2015-04-25,2583.56148,9,5976.09,90354,252,False,False,False,Chris,2,2015-04-01,Apr,17,Thursday,Q2,6299.91,440.99370000000005,0.432316360697379,False,0.022316360697379023,7-9%,2k-10k,2-3 days,5,IL
20668,Not Specified,0.05,2.88,0.5,485,Edward Leonard,Regular Air,Corporate,Office Supplies,Labels,Small Box,Avery 49,0.36,United States,West,California,Fresno,93727,2015-03-18,2015-03-20,6.0512999999999995,3,8.77,91062,253,False,False,False,William,2,2015-03-01,Mar,12,Wednesday,Q1,8.64,0.43200000000000005,0.69,False,0.32999999999999996,4-6%,<100,2-3 days,5,CA
23394,Medium,0.1,3.36,6.27,487,Molly Vincent,Express Air,Corporate,Office Supplies,Binders and Binder Accessories,Small Box,Cardinal Poly Pocket Divider Pockets for Ring Binders,0.4,United States,East,Maine,Sanford,04073,2015-05-18,2015-05-19,-67.0565,5,20.87,91063,254,False,True,False,Erin,1,2015-05-01,May,21,Monday,Q2,16.8,1.6800000000000002,-3.213057019645424,True,-3.613057019645424,10%+,<100,Same/next day,3,ME
23395,Medium,0.07,12.28,4.86,488,Ronnie Creech,Regular Air,Corporate,Office Supplies,Paper,Small Box,Xerox 1933,0.38,United States,East,Maine,South Portland,04106,2015-05-18,2015-05-20,-7.94,2,25.7,91063,255,False,True,False,Erin,2,2015-05-01,May,21,Monday,Q2,24.56,1.7192,-0.30894941634241246,True,-0.6889494163424125,7-9%,<100,2-3 days,3,ME
23393,Medium,0.09,20.99,0.99,489,Eileen Cheek,Regular Air,Corporate,Technology,Telephones and Communication,Wrap Bag,Accessory25,0.57,United States,East,Massachusetts,Norwood,02062,2015-05-18,2015-05-18,122.292,14,229.57,91063,256,False,True,False,Erin,0,2015-05-01,May,21,Monday,Q2,293.85999999999996,26.447399999999995,0.5327002657141613,False,-0.03729973428583866,7-9%,100-500,Same/next day,3,MA
1147,Medium,0.08,2.94,0.96,491,Toni Swanson,Regular Air,Consumer,Office Supplies,Pens & Art Supplies,Wrap Bag,Newell 343,0.58,United States,East,New York,New York City,10154,2015-05-15,2015-05-17,-2.12,23,66.7,8353,257,False,False,True,Erin,2,2015-05-01,May,20,Friday,Q2,67.62,5.4096,-0.031784107946026985,True,-0.6117841079460269,7-9%,<100,2-3 days,3,NY
1450,Critical,0.01,4.98,6.07,491,Toni Swanson,Regular Air,Consumer,Office Supplies,Paper,Small Box,Xerox 1897,0.36,United States,East,New York,New York City,10154,2015-02-10,2015-02-11,-69.07,41,217.0,10464,258,False,False,False,Erin,1,2015-02-01,Feb,7,Tuesday,Q1,204.18,2.0418000000000003,-0.31829493087557603,True,-0.678294930875576,1-3%,100-500,Same/next day,1,NY
914,Critical,0.02,1360.14,14.7,491,Toni Swanson,Delivery Truck,Consumer,Technology,Office Machines,Jumbo Drum,Okidata ML395C Color Dot Matrix Printer,0.59,United States,East,New York,New York City,10154,2015-06-20,2015-06-22,2028.12,22,31670.6,6562,259,False,False,False,Erin,2,2015-06-01,Jun,25,Saturday,Q2,29923.08,598.4616000000001,0.06403794055054214,False,-0.5259620594494578,1-3%,10k+,2-3 days,1,NY
6046,Not Specified,0.02,9.06,9.86,491,Toni Swanson,Regular Air,Consumer,Office Supplies,Paper,Small Box,Southworth 25% Cotton Linen-Finish Paper & Envelopes,0.4,United States,East,New York,New York City,10154,2015-06-20,2015-06-22,-63.51,24,239.82,42852,260,False,False,False,Erin,2,2015-06-01,Jun,25,Saturday,Q2,217.44,4.3488,-0.26482361771328494,True,-0.6648236177132849,1-3%,100-500,2-3 days,5,NY
18757,Not Specified,0.02,6.48,6.6,493,Douglas Buck,Regular Air,Consumer,Office Supplies,Paper,Small Box,Xerox 21,0.37,United States,West,Washington,Seatac,98158,2015-01-20,2015-01-22,-92.05,10,66.71,88906,261,False,False,False,William,2,2015-01-01,Jan,4,Tuesday,Q1,64.80000000000001,1.2960000000000003,-1.379853095487933,True,-1.749853095487933,1-3%,<100,2-3 days,5,WA
18758,Not Specified,0.04,17.15,4.96,493,Douglas Buck,Regular Air,Consumer,Office Supplies,Storage & Organization,Small Box,Advantus Rolling Storage Box,0.58,United States,West,Washington,Seatac,98158,2015-01-20,2015-01-21,6.11,5,87.16,88906,262,False,False,False,William,1,2015-01-01,Jan,4,Tuesday,Q1,85.75,3.43,0.07010096374483708,False,-0.5098990362551629,4-6%,<100,Same/next day,5,WA
19146,Medium,0.06,8.32,2.38,494,Jimmy Alston Holder,Regular Air,Consumer,Technology,Computer Peripherals,Small Pack,"Imation 3.5 IBM Formatted Diskettes, 10/Box",0.74,United States,West,Washington,Seattle,98115,2015-05-15,2015-05-17,-36.63,12,101.26,88905,263,False,False,False,William,2,2015-05-01,May,20,Friday,Q2,99.84,5.9904,-0.3617420501678847,True,-1.1017420501678847,4-6%,100-500,2-3 days,3,WA
19147,Medium,0.08,2.94,0.96,494,Jimmy Alston Holder,Regular Air,Consumer,Office Supplies,Pens & Art Supplies,Wrap Bag,Newell 343,0.58,United States,West,Washington,Seattle,98115,2015-05-15,2015-05-17,-2.12,6,17.4,88905,264,False,False,False,William,2,2015-05-01,May,20,Friday,Q2,17.64,1.4112,-0.12183908045977013,True,-0.7018390804597701,7-9%,<100,2-3 days,3,WA
19450,Critical,0.01,4.98,6.07,494,Jimmy Alston Holder,Regular Air,Consumer,Office Supplies,Paper,Small Box,Xerox 1897,0.36,United States,West,Washington,Seattle,98115,2015-02-10,2015-02-11,-35.916399999999996,10,52.93,88907,265,False,False,False,William,1,2015-02-01,Feb,7,Tuesday,Q1,49.800000000000004,0.49800000000000005,-0.6785641413187228,True,-1.0385641413187228,1-3%,<100,Same/next day,1,WA
18914,Critical,0.02,1360.14,14.7,494,Jimmy Alston Holder,Delivery Truck,Consumer,Technology,Office Machines,Jumbo Drum,Okidata ML395C Color Dot Matrix Printer,0.59,United States,West,Washington,Seattle,98115,2015-06-20,2015-06-22,3042.18,6,8637.44,88908,266,False,False,False,William,2,2015-06-01,Jun,25,Saturday,Q2,8160.84,163.2168,0.35220852474807346,False,-0.2377914752519265,1-3%,2k-10k,2-3 days,1,WA
24046,Not Specified,0.02,9.06,9.86,494,Jimmy Alston Holder,Regular Air,Consumer,Office Supplies,Paper,Small Box,Southworth 25% Cotton Linen-Finish Paper & Envelopes,0.4,United States,West,Washington,Seattle,98115,2015-06-20,2015-06-22,-31.755,6,59.95,88908,267,False,False,False,William,2,2015-06-01,Jun,25,Saturday,Q2,54.36,1.0872,-0.5296914095079233,True,-0.9296914095079233,1-3%,<100,2-3 days,5,WA
26315,Critical,0.07,152.48,6.5,497,Steve McKee,Regular Air,Small Business,Technology,Computer Peripherals,Small Box,Adesso Programmable 142-Key Keyboard,0.74,United States,South,Tennessee,Murfreesboro,37130,2015-05-14,2015-05-16,171.8388,35,5062.49,90706,268,False,False,False,Sam,2,2015-05-01,May,20,Thursday,Q2,5336.799999999999,373.57599999999996,0.03394353371562216,False,-0.7060564662843778,7-9%,2k-10k,2-3 days,1,TN
18303,Critical,0.01,55.98,4.86,507,Carol Saunders,Express Air,Corporate,Office Supplies,Paper,Small Box,Xerox 1908,0.36,United States,South,Kentucky,Bowling Green,42104,2015-04-18,2015-04-20,32.9409,11,646.97,87357,269,False,True,False,Sam,2,2015-04-01,Apr,16,Saturday,Q2,615.78,6.1578,0.050915652966907275,False,-0.30908434703309273,1-3%,500-2k,2-3 days,1,KY
18304,Critical,0.04,65.99,8.99,507,Carol Saunders,Regular Air,Corporate,Technology,Telephones and Communication,Small Box,Talkabout T8367,0.56,United States,South,Kentucky,Bowling Green,42104,2015-04-18,2015-04-19,131.334,17,946.29,87357,270,False,True,False,Sam,1,2015-04-01,Apr,16,Saturday,Q2,1121.83,44.8732,0.13878832070506927,False,-0.42121167929493075,4-6%,500-2k,Same/next day,1,KY
21958,High,0.01,20.98,53.03,508,Cameron Owens,Delivery Truck,Corporate,Office Supplies,Storage & Organization,Jumbo Drum,"Tennsco Lockers, Gray",0.78,United States,South,Kentucky,Covington,41011,2015-02-23,2015-02-23,-282.0818,5,123.0,87356,271,False,False,False,Sam,0,2015-02-01,Feb,9,Monday,Q1,104.9,1.0490000000000002,-2.293347967479675,True,-3.073347967479675,1-3%,100-500,Same/next day,2,KY
18305,Critical,0.01,128.24,12.65,508,Cameron Owens,Regular Air,Corporate,Furniture,Chairs & Chairmats,Medium Box,SAFCO Folding Chair Trolley,0.62,United States,South,Kentucky,Covington,41011,2015-04-18,2015-04-21,140.1354,4,554.08,87357,272,True,True,False,Sam,3,2015-04-01,Apr,16,Saturday,Q2,512.96,5.129600000000001,0.25291546347097893,False,-0.36708453652902107,1-3%,500-2k,2-3 days,1,KY
19895,Low,0.02,48.04,5.09,510,Gregory Rao,Regular Air,Corporate,Office Supplies,Paper,Small Box,Xerox 1910,0.37,United States,West,California,Manteca,95336,2015-01-13,2015-01-13,105.25259999999999,3,152.54,90058,273,False,False,False,William,0,2015-01-01,Jan,3,Tuesday,Q1,144.12,2.8824,0.69,False,0.31999999999999995,1-3%,100-500,Same/next day,4,CA
20007,Critical,0.03,6.37,5.19,510,Gregory Rao,Regular Air,Corporate,Office Supplies,Binders and Binder Accessories,Small Box,"C-Line Peel & Stick Add-On Filing Pockets, 8-3/4 x 5-1/8, 10/Pack",0.38,United States,West,California,Manteca,95336,2015-02-01,2015-02-02,-29.0927,14,89.79,90059,274,False,False,False,William,1,2015-02-01,Feb,5,Sunday,Q1,89.18,2.6754000000000002,-0.3240082414522775,True,-0.7040082414522775,1-3%,<100,Same/next day,1,CA
20216,Low,0.07,12.64,4.98,518,Mark Ritchie,Regular Air,Home Office,Furniture,Office Furnishings,Small Pack,Nu-Dell Executive Frame,0.48,United States,Central,Missouri,Clayton,63105,2015-06-05,2015-06-12,113.41499999999999,16,199.76,90867,275,False,False,False,Chris,7,2015-06-01,Jun,23,Friday,Q2,202.24,14.156800000000002,0.5677563075690829,False,0.08775630756908293,7-9%,100-500,4-7 days,4,MO
23200,Medium,0.02,150.98,13.99,522,Aaron Riggs,Express Air,Small Business,Technology,Office Machines,Medium Box,Canon MP41DH Printing Calculator,0.38,United States,West,Oregon,Redmond,97756,2015-06-22,2015-06-24,26.099999999999998,3,480.37,89327,276,False,False,False,William,2,2015-06-01,Jun,26,Monday,Q2,452.93999999999994,9.0588,0.05433311822137102,False,-0.325666881778629,1-3%,100-500,2-3 days,3,OR
23201,Medium,0.1,5.43,0.95,522,Aaron Riggs,Regular Air,Small Business,Office Supplies,Paper,Wrap Bag,"Wirebound Message Book, 4 per Page",0.36,United States,West,Oregon,Redmond,97756,2015-06-22,2015-06-24,-2.58,1,5.76,89327,277,False,False,False,William,2,2015-06-01,Jun,26,Monday,Q2,5.43,0.543,-0.4479166666666667,True,-0.8079166666666666,10%+,<100,2-3 days,3,OR
23202,Medium,0.01,179.29,29.21,522,Aaron Riggs,Delivery Truck,Small Business,Furniture,Tables,Jumbo Box,"Bevis Round Conference Table Top, X-Base",0.74,United States,West,Oregon,Redmond,97756,2015-06-22,2015-06-23,2800.12,21,3112.13,89327,278,False,False,False,William,1,2015-06-01,Jun,26,Monday,Q2,3765.0899999999997,37.6509,0.8997439052995857,False,0.1597439052995857,1-3%,2k-10k,Same/next day,3,OR
21517,Not Specified,0.03,1270.99,19.99,524,Gina McKnight,Regular Air,Consumer,Office Supplies,Binders and Binder Accessories,Small Box,Fellowes PB500 Electric Punch Plastic Comb Binding Machine with Manual Bind,0.35,United States,South,Tennessee,Farragut,37922,2015-01-20,2015-01-22,363.55199999999996,2,2589.01,91127,279,False,False,False,Sam,2,2015-01-01,Jan,4,Tuesday,Q1,2541.98,76.2594,0.14042124209639975,False,-0.20957875790360023,1-3%,2k-10k,2-3 days,5,TN
21518,Not Specified,0.07,2036.48,14.7,524,Gina McKnight,Delivery Truck,Consumer,Technology,Office Machines,Jumbo Drum,Lexmark 4227 Plus Dot Matrix Printer,0.55,United States,South,Tennessee,Farragut,37922,2015-01-20,2015-01-22,-11.536000000000001,1,1893.93,91127,280,False,False,False,Sam,2,2015-01-01,Jan,4,Tuesday,Q1,2036.48,142.55360000000002,-0.00609103821154953,True,-0.5560910382115496,7-9%,500-2k,2-3 days,5,TN
22176,High,0.09,17.98,8.51,526,April Hu,Regular Air,Home Office,Technology,Office Machines,Medium Box,Canon P1-DHIII Palm Printing Calculator,0.4,United States,West,Arizona,Mesa,85204,2015-05-25,2015-05-27,-6.612000000000011,12,211.13,90026,281,False,False,False,William,2,2015-05-01,May,22,Monday,Q2,215.76,19.4184,-0.031317197934921666,True,-0.4313171979349217,7-9%,100-500,2-3 days,2,AZ
20494,Not Specified,0.0,1.88,1.49,526,April Hu,Regular Air,Home Office,Office Supplies,Binders and Binder Accessories,Small Box,Staples® General Use 3-Ring Binders,0.37,United States,West,Arizona,Mesa,85204,2015-01-17,2015-01-18,-15.5595,13,25.39,90027,282,False,False,False,William,1,2015-01-01,Jan,3,Saturday,Q1,24.439999999999998,0.0,-0.612820007877117,True,-0.982820007877117,0%,<100,Same/next day,5,AZ
20495,Not Specified,0.06,5.78,5.67,526,April Hu,Regular Air,Home Office,Office Supplies,Paper,Small Box,Xerox 1978,0.36,United States,West,Arizona,Mesa,85204,2015-01-17,2015-01-18,-108.19,15,87.27,90027,283,False,False,False,William,1,2015-01-01,Jan,3,Saturday,Q1,86.7,5.202,-1.2397158244528474,True,-1.5997158244528475,4-6%,<100,Same/next day,5,AZ
26210,Low,0.0,15.99,13.18,535,Jill Clements,Regular Air,Corporate,Office Supplies,Binders and Binder Accessories,Small Box,"GBC Pre-Punched Binding Paper, Plastic, White, 8-1/2"" x 11""",0.37,United States,South,Virginia,Montclair,22025,2015-04-21,2015-04-25,46.488,23,403.25,88511,284,False,False,False,Sam,4,2015-04-01,Apr,17,Tuesday,Q2,367.77,0.0,0.11528332300061996,False,-0.25471667699938005,0%,100-500,4-7 days,4,VA
20811,Medium,0.05,59.78,10.29,539,Alice Coley,Regular Air,Small Business,Office Supplies,Binders and Binder Accessories,Small Box,GBC Recycled Regency Composition Covers,0.39,United States,Central,Illinois,Urbana,61801,2015-05-14,2015-05-15,159.52970000000005,7,414.49,91174,285,False,True,False,Chris,1,2015-05-01,May,20,Thursday,Q2,418.46000000000004,20.923000000000002,0.38488190306159387,False,-0.005118096938406147,4-6%,100-500,Same/next day,3,IL
20812,Medium,0.08,20.99,1.25,540,Ruth Lamm,Regular Air,Small Business,Technology,Telephones and Communication,Small Pack,Accessory29,0.83,United States,Central,Illinois,Vernon Hills,60061,2015-05-14,2015-05-16,15.371400000000008,28,469.69,91174,286,False,True,False,Chris,2,2015-05-01,May,20,Thursday,Q2,587.7199999999999,47.017599999999995,0.0327266920734953,False,-0.7972733079265046,7-9%,100-500,2-3 days,3,IL
24783,Medium,0.05,204.1,13.99,540,Ruth Lamm,Regular Air,Small Business,Technology,Office Machines,Medium Box,"Soundgear Copyboard Conference Phone, Optional Battery",0.37,United States,Central,Illinois,Vernon Hills,60061,2015-05-23,2015-05-25,5924.1123,41,8585.67,91175,287,False,False,False,Chris,2,2015-05-01,May,21,Saturday,Q2,8368.1,418.40500000000003,0.69,False,0.31999999999999995,4-6%,2k-10k,2-3 days,3,IL
23401,Not Specified,0.03,13.73,6.85,547,Henry Ball,Express Air,Corporate,Furniture,Office Furnishings,Wrap Bag,DAX Wood Document Frame.,0.54,United States,East,West Virginia,Morgantown,26501,2015-06-14,2015-06-15,39.5853,4,57.37,86250,288,False,False,False,Erin,1,2015-06-01,Jun,24,Sunday,Q2,54.92,1.6476,0.69,False,0.1499999999999999,1-3%,<100,Same/next day,5,WV
25806,Not Specified,0.02,7.1,6.05,549,Dennis Boykin Townsend,Regular Air,Corporate,Office Supplies,Binders and Binder Accessories,Small Box,"Wilson Jones Hanging View Binder, White, 1""",0.39,United States,West,New Mexico,Roswell,88201,2015-01-20,2015-01-20,-66.378,9,66.32,90908,289,False,False,False,William,0,2015-01-01,Jan,4,Tuesday,Q1,63.9,1.278,-1.0008745476477685,True,-1.3908745476477686,1-3%,<100,Same/next day,5,NM
24132,High,0.05,1.68,1.57,550,Edna Monroe Talley,Regular Air,Corporate,Office Supplies,Pens & Art Supplies,Wrap Bag,Newell 323,0.59,United States,Central,Texas,Seguin,78155,2015-01-30,2015-01-31,-33.34,11,18.75,90909,290,False,True,False,Chris,1,2015-01-01,Jan,5,Friday,Q1,18.48,0.924,-1.7781333333333336,True,-2.3681333333333336,4-6%,<100,Same/next day,2,TX
24133,High,0.1,218.75,69.64,550,Edna Monroe Talley,Delivery Truck,Corporate,Furniture,Tables,Jumbo Box,BoxOffice By Design Rectangular and Half-Moon Meeting Room Tables,0.77,United States,Central,Texas,Seguin,78155,2015-01-30,2015-02-01,-201.27599999999998,1,188.51,90909,291,False,True,False,Chris,2,2015-01-01,Jan,5,Friday,Q1,218.75,21.875,-1.0677205453291603,True,-1.8377205453291603,10%+,100-500,2-3 days,2,TX
23209,Medium,0.06,549.99,49.0,550,Edna Monroe Talley,Delivery Truck,Corporate,Technology,Copiers and Fax,Jumbo Drum,Sharp 1540cs Digital Laser Copier,0.35,United States,Central,Texas,Seguin,78155,2015-06-12,2015-06-13,4637.4072,13,6720.88,90910,292,False,False,False,Chris,1,2015-06-01,Jun,24,Friday,Q2,7149.87,428.99219999999997,0.69,False,0.33999999999999997,4-6%,2k-10k,Same/next day,3,TX
23210,Medium,0.08,115.99,5.99,550,Edna Monroe Talley,Express Air,Corporate,Technology,Telephones and Communication,Small Box,2160,0.57,United States,Central,Texas,Seguin,78155,2015-06-12,2015-06-13,-239.54149999999998,1,102.21,90910,293,False,False,False,Chris,1,2015-06-01,Jun,24,Friday,Q2,115.99,9.2792,-2.343620976421094,True,-2.9136209764210936,7-9%,100-500,Same/next day,3,TX
24134,High,0.0,15.04,1.97,551,Peggy Chan,Regular Air,Corporate,Office Supplies,Paper,Wrap Bag,White GlueTop Scratch Pads,0.39,United States,Central,Texas,Sherman,75090,2015-01-30,2015-02-01,21.5142,2,31.18,90909,294,False,True,False,Chris,2,2015-01-01,Jan,5,Friday,Q1,30.08,0.0,0.69,False,0.29999999999999993,0%,<100,2-3 days,2,TX
2368,Medium,0.0,6.88,2.0,553,Kristine Connolly,Express Air,Home Office,Office Supplies,Paper,Wrap Bag,"Adams Phone Message Book, 200 Message Capacity, 8 1/16” x 11”",0.39,United States,West,California,Los Angeles,90008,2015-01-28,2015-01-29,34.068000000000005,36,267.53,17155,295,False,False,True,William,1,2015-01-01,Jan,5,Wednesday,Q1,247.68,0.0,0.12734272791836432,False,-0.2626572720816357,0%,100-500,Same/next day,3,CA
349,Not Specified,0.07,2036.48,14.7,553,Kristine Connolly,Delivery Truck,Corporate,Technology,Office Machines,Jumbo Drum,Lexmark 4227 Plus Dot Matrix Printer,0.55,United States,West,California,Los Angeles,90008,2015-02-21,2015-02-21,4073.25,25,43046.2,2433,296,False,False,False,William,0,2015-02-01,Feb,8,Saturday,Q1,50912.0,3563.84,0.09462507724259052,False,-0.45537492275740954,7-9%,10k+,Same/next day,5,CA
1115,Low,0.01,4.98,7.44,553,Kristine Connolly,Regular Air,Corporate,Office Supplies,Paper,Small Box,Xerox 1922,0.36,United States,West,California,Los Angeles,90008,2015-04-15,2015-04-24,-179.59199999999998,63,330.21,8165,297,False,False,False,William,9,2015-04-01,Apr,16,Wednesday,Q2,313.74,3.1374,-0.5438720814027437,True,-0.9038720814027437,1-3%,100-500,8+ days,4,CA
64,Medium,0.08,124.49,51.94,553,Kristine Connolly,Delivery Truck,Corporate,Furniture,Tables,Jumbo Box,Bevis 36 x 72 Conference Tables,0.63,United States,West,California,Los Angeles,90008,2015-06-18,2015-06-19,-500.38,56,6831.37,359,298,False,False,False,William,1,2015-06-01,Jun,25,Thursday,Q2,6971.44,557.7152,-0.07324738668817529,True,-0.7032473866881753,7-9%,2k-10k,Same/next day,3,CA
18349,Not Specified,0.07,2036.48,14.7,555,Walter Young,Delivery Truck,Corporate,Technology,Office Machines,Jumbo Drum,Lexmark 4227 Plus Dot Matrix Printer,0.55,United States,West,Utah,Pleasant Grove,84062,2015-02-21,2015-02-21,6028.41,6,10331.09,86190,299,False,False,False,William,0,2015-02-01,Feb,8,Saturday,Q1,12218.880000000001,855.3216000000001,0.583521196698509,False,0.03352119669850895,7-9%,10k+,Same/next day,5,UT
19115,Low,0.01,4.98,7.44,555,Walter Young,Regular Air,Corporate,Office Supplies,Paper,Small Box,Xerox 1922,0.36,United States,West,Utah,Pleasant Grove,84062,2015-04-15,2015-04-24,-161.6328,16,83.86,86191,300,False,False,False,William,9,2015-04-01,Apr,16,Wednesday,Q2,79.68,0.7968000000000001,-1.9274123539232053,True,-2.287412353923205,1-3%,<100,8+ days,4,UT
18064,Medium,0.08,124.49,51.94,555,Walter Young,Delivery Truck,Corporate,Furniture,Tables,Jumbo Box,Bevis 36 x 72 Conference Tables,0.63,United States,West,Utah,Pleasant Grove,84062,2015-06-18,2015-06-19,-250.19,14,1707.84,86192,301,False,False,False,William,1,2015-06-01,Jun,25,Thursday,Q2,1742.86,139.4288,-0.14649498782087317,True,-0.7764949878208731,7-9%,500-2k,Same/next day,3,UT
20368,Medium,0.0,6.88,2.0,556,Kristina Sanders,Express Air,Home Office,Office Supplies,Paper,Wrap Bag,"Adams Phone Message Book, 200 Message Capacity, 8 1/16” x 11”",0.39,United States,West,Utah,Provo,84604,2015-01-28,2015-01-29,46.14719999999999,9,66.88,86189,302,False,False,False,William,1,2015-01-01,Jan,5,Wednesday,Q1,61.92,0.0,0.69,False,0.29999999999999993,0%,<100,Same/next day,3,UT
20369,Medium,0.03,32.48,35.0,556,Kristina Sanders,Express Air,Home Office,Office Supplies,Storage & Organization,Large Box,Fellowes Neat Ideas® Storage Cubes,0.81,United States,West,Utah,Provo,84604,2015-01-28,2015-01-28,-1116.3348,8,274.91,86189,303,False,False,False,William,0,2015-01-01,Jan,5,Wednesday,Q1,259.84,7.795199999999999,-4.060728238332545,True,-4.8707282383325445,1-3%,100-500,Same/next day,3,UT
21966,Critical,0.02,280.98,57.0,568,Peter McConnell,Delivery Truck,Consumer,Furniture,Chairs & Chairmats,Jumbo Drum,Hon 2090 “Pillow Soft” Series Mid Back Swivel/Tilt Chairs,0.78,United States,South,Mississippi,Columbus,39701,2015-03-04,2015-03-05,1141.7939999999999,4,1128.74,88879,304,False,False,False,Sam,1,2015-03-01,Mar,10,Wednesday,Q1,1123.92,22.4784,1.0115651079965269,False,0.23156510799652685,1-3%,500-2k,Same/next day,1,MS
22667,Not Specified,0.09,70.97,3.5,568,Peter McConnell,Regular Air,Consumer,Office Supplies,Appliances,Small Box,Tripp Lite Isotel 8 Ultra 8 Outlet Metal Surge,0.59,United States,South,Mississippi,Columbus,39701,2015-04-15,2015-04-15,-99.56800000000001,12,805.99,88880,305,False,False,False,Sam,0,2015-04-01,Apr,16,Wednesday,Q2,851.64,76.6476,-0.12353503145200315,True,-0.7135350314520031,7-9%,500-2k,Same/next day,5,MS
22736,Medium,0.08,67.28,19.99,568,Peter McConnell,Express Air,Consumer,Office Supplies,Binders and Binder Accessories,Small Box,Catalog Binders with Expanding Posts,0.4,United States,South,Mississippi,Columbus,39701,2015-04-01,2015-04-03,224.8506,16,1066.54,88882,306,False,False,False,Sam,2,2015-04-01,Apr,14,Wednesday,Q2,1076.48,86.11840000000001,0.21082247266862938,False,-0.18917752733137064,7-9%,500-2k,2-3 days,3,MS
26038,Low,0.06,7.99,5.03,570,Katharine Bass,Regular Air,Consumer,Technology,Telephones and Communication,Medium Box,Bell Sonecor JB700 Caller ID,0.6,United States,West,Nevada,Henderson,89015,2015-01-13,2015-01-13,-122.13300000000001,10,65.74,88881,307,False,False,False,William,0,2015-01-01,Jan,3,Tuesday,Q1,79.9,4.7940000000000005,-1.857818679647095,True,-2.457818679647095,4-6%,<100,Same/next day,4,NV
23719,Critical,0.05,4.13,5.04,573,Vanessa Winstead,Regular Air,Home Office,Office Supplies,Binders and Binder Accessories,Small Box,"ACCOHIDE® 3-Ring Binder, Blue, 1""",0.38,United States,Central,Illinois,Pekin,61554,2015-03-13,2015-03-14,-12.1555,1,5.84,86555,308,False,False,False,Chris,1,2015-03-01,Mar,11,Friday,Q1,4.13,0.20650000000000002,-2.0814212328767123,True,-2.461421232876712,4-6%,<100,Same/next day,1,IL
21992,High,0.08,415.88,11.37,573,Vanessa Winstead,Regular Air,Corporate,Office Supplies,Storage & Organization,Small Box,Deluxe Rollaway Locking File with Drawer,0.57,United States,Central,Illinois,Pekin,61554,2015-02-26,2015-02-27,-269.0844,1,405.57,86556,309,False,False,False,Chris,1,2015-02-01,Feb,9,Thursday,Q1,415.88,33.2704,-0.6634721503069754,True,-1.2334721503069752,7-9%,100-500,Same/next day,2,IL
21325,Low,0.06,4.48,49.0,576,Gordon Lyon,Regular Air,Corporate,Office Supplies,Appliances,Large Box,Hoover Portapower™ Portable Vacuum,0.6,United States,West,California,Pomona,91767,2015-01-13,2015-01-17,-566.0,4,32.6,88645,310,False,False,False,William,4,2015-01-01,Jan,3,Tuesday,Q1,17.92,1.0752000000000002,-17.36196319018405,True,-17.96196319018405,4-6%,<100,4-7 days,4,CA
18664,Medium,0.03,162.93,19.99,578,Evan K Bullard,Regular Air,Corporate,Office Supplies,Envelopes,Small Box,Multimedia Mailers,0.39,United States,East,Connecticut,Naugatuck,06770,2015-05-13,2015-05-14,293.14,3,515.88,88644,311,False,True,False,Erin,1,2015-05-01,May,20,Wednesday,Q2,488.79,14.6637,0.5682329223850507,False,0.17823292238505073,1-3%,500-2k,Same/next day,3,CT
18665,Medium,0.01,11.58,5.72,579,Marlene Abrams,Regular Air,Corporate,Office Supplies,Envelopes,Small Box,"Peel & Seel® Recycled Catalog Envelopes, Brown",0.35,United States,East,Connecticut,Seymour,06478,2015-05-13,2015-05-15,-6.61,2,25.06,88644,312,False,True,False,Erin,2,2015-05-01,May,20,Wednesday,Q2,23.16,0.2316,-0.26376695929768557,True,-0.6137669592976855,1-3%,<100,2-3 days,3,CT
18662,Medium,0.01,55.99,5.0,580,Kathryn Patrick,Regular Air,Corporate,Technology,Telephones and Communication,Small Pack,Accessory6,0.8,United States,East,Maine,Auburn,04210,2015-05-13,2015-05-14,-57.541000000000004,12,578.24,88644,313,False,True,False,Erin,1,2015-05-01,May,20,Wednesday,Q2,671.88,6.7188,-0.09951058384061982,True,-0.8995105838406199,1-3%,500-2k,Same/next day,3,ME
24180,Not Specified,0.04,15.51,17.78,584,Timothy Currie,Regular Air,Corporate,Office Supplies,Storage & Organization,Small Box,"Tenex File Box, Personal Filing Tote with Lid, Black",0.59,United States,East,Massachusetts,Woburn,01801,2015-01-21,2015-01-23,-266.22,7,116.93,88646,314,False,False,False,Erin,2,2015-01-01,Jan,4,Wednesday,Q1,108.57,4.3427999999999995,-2.276746771572736,True,-2.866746771572736,4-6%,100-500,2-3 days,5,MA
18663,Medium,0.06,13.9,7.59,585,William Larson,Regular Air,Corporate,Office Supplies,"Scissors, Rulers and Trimmers",Small Pack,"Acme Hot Forged Carbon Steel Scissors with Nickel-Plated Handles, 3 7/8"" Cut, 8""L",0.56,United States,East,New Hampshire,Concord,03301,2015-05-13,2015-05-14,-67.59,12,170.45,88644,315,False,True,False,Erin,1,2015-05-01,May,20,Wednesday,Q2,166.8,10.008000000000001,-0.39653857436198303,True,-0.9565385743619831,4-6%,100-500,Same/next day,3,NH
19781,Critical,0.08,30.53,19.99,592,Eva Silverman,Regular Air,Small Business,Office Supplies,Labels,Small Box,"Avery 4027 File Folder Labels for Dot Matrix Printers, 5000 Labels per Box, White",0.39,United States,Central,Illinois,Wilmette,60091,2015-01-17,2015-01-17,-239.8656,10,285.87,86307,316,False,True,False,Chris,0,2015-01-01,Jan,3,Saturday,Q1,305.3,24.424000000000003,-0.8390723055934516,True,-1.2290723055934516,7-9%,100-500,Same/next day,1,IL
19782,Critical,0.01,1.68,1.57,593,Joel Huffman,Regular Air,Small Business,Office Supplies,Pens & Art Supplies,Wrap Bag,Newell 323,0.59,United States,Central,Illinois,Woodridge,60517,2015-01-17,2015-01-19,-53.444,12,20.37,86307,317,False,True,False,Chris,2,2015-01-01,Jan,3,Saturday,Q1,20.16,0.2016,-2.6236622484045165,True,-3.2136622484045163,1-3%,<100,2-3 days,1,IL
22996,Critical,0.09,13.79,8.78,594,Charlie Moore,Regular Air,Consumer,Furniture,Office Furnishings,Small Box,9-3/4 Diameter Round Wall Clock,0.43,United States,Central,Indiana,Anderson,46016,2015-03-15,2015-03-17,-22.12,1,17.44,86309,318,False,False,False,Chris,2,2015-03-01,Mar,11,Sunday,Q1,13.79,1.2410999999999999,-1.268348623853211,True,-1.6983486238532108,7-9%,<100,2-3 days,1,IN
21662,Critical,0.04,39.48,1.99,594,Charlie Moore,Regular Air,Consumer,Technology,Computer Peripherals,Small Pack,"80 Minute CD-R Spindle, 100/Pack - Staples",0.54,United States,Central,Indiana,Anderson,46016,2015-06-19,2015-06-22,484.84919999999994,18,702.68,86311,319,False,False,False,Chris,3,2015-06-01,Jun,25,Friday,Q2,710.64,28.4256,0.69,False,0.1499999999999999,4-6%,500-2k,2-3 days,1,IN
21663,Critical,0.04,3.7,1.61,594,Charlie Moore,Regular Air,Consumer,Furniture,Office Furnishings,Wrap Bag,3M Hangers With Command Adhesive,0.44,United States,Central,Indiana,Anderson,46016,2015-06-19,2015-06-20,18.0,18,67.24,86311,320,False,False,False,Chris,1,2015-06-01,Jun,25,Friday,Q2,66.60000000000001,2.6640000000000006,0.2676977989292088,False,-0.1723022010707912,4-6%,<100,Same/next day,1,IN
24480,Critical,0.03,3.8,1.49,596,Doris Fitzpatrick,Regular Air,Consumer,Office Supplies,Binders and Binder Accessories,Small Box,Durable Pressboard Binders,0.38,United States,Central,Indiana,Carmel,46032,2015-02-15,2015-02-17,15.2745,6,24.27,86308,321,False,False,False,Chris,2,2015-02-01,Feb,7,Sunday,Q1,22.799999999999997,0.6839999999999999,0.6293572311495673,False,0.24935723114956732,1-3%,<100,2-3 days,1,IN
24481,Critical,0.07,7.98,1.25,596,Doris Fitzpatrick,Regular Air,Consumer,Office Supplies,Paper,Wrap Bag,"Adams Telephone Message Book w/Frequently-Called Numbers Space, 400 Messages per Book",0.35,United States,Central,Indiana,Carmel,46032,2015-02-15,2015-02-17,26.5857,5,38.53,86308,322,False,False,False,Chris,2,2015-02-01,Feb,7,Sunday,Q1,39.900000000000006,2.7930000000000006,0.69,False,0.33999999999999997,7-9%,<100,2-3 days,1,IN
24482,Critical,0.07,417.4,75.23,596,Doris Fitzpatrick,Delivery Truck,Consumer,Furniture,Tables,Jumbo Box,Bretford “Just In Time” Height-Adjustable Multi-Task Work Tables,0.79,United States,Central,Indiana,Carmel,46032,2015-02-15,2015-02-16,-575.352,12,4910.72,86308,323,False,False,False,Chris,1,2015-02-01,Feb,7,Sunday,Q1,5008.799999999999,350.616,-0.1171624527564186,True,-0.9071624527564186,7-9%,2k-10k,Same/next day,1,IN
25949,Not Specified,0.1,6.48,5.9,597,Alexandra Wise,Regular Air,Small Business,Office Supplies,Paper,Small Box,Xerox 1976,0.37,United States,Central,Indiana,Columbus,47201,2015-06-10,2015-06-10,-51.635,19,116.8,86310,324,False,False,False,Chris,0,2015-06-01,Jun,24,Wednesday,Q2,123.12,12.312000000000001,-0.4420804794520548,True,-0.8120804794520549,10%+,100-500,Same/next day,5,IN
21274,Medium,0.06,6.48,7.37,600,Vickie Morse,Regular Air,Corporate,Office Supplies,Paper,Small Box,Xerox 210,0.37,United States,East,Maryland,Reisterstown,21136,2015-03-13,2015-03-14,-75.44,5,32.39,87579,325,False,False,False,Erin,1,2015-03-01,Mar,11,Friday,Q1,32.400000000000006,1.9440000000000002,-2.329113924050633,True,-2.699113924050633,4-6%,<100,Same/next day,3,MD
20929,Not Specified,0.02,35.99,5.0,603,Gretchen Ball,Regular Air,Home Office,Technology,Telephones and Communication,Small Box,Accessory27,0.85,United States,West,Colorado,Pueblo,81001,2015-02-03,2015-02-05,-120.934,7,227.79,87020,326,False,False,False,William,2,2015-02-01,Feb,6,Tuesday,Q1,251.93,5.038600000000001,-0.5309012687124106,True,-1.3809012687124107,1-3%,100-500,2-3 days,5,CO
4015,Critical,0.09,154.13,69.0,604,Lindsay P Ashley,Express Air,Corporate,Furniture,Tables,Large Box,Laminate Occasional Tables,0.68,United States,West,California,Los Angeles,90045,2015-03-14,2015-03-15,-1763.7477000000003,38,5679.59,28647,327,False,False,False,William,1,2015-03-01,Mar,11,Saturday,Q1,5856.94,527.1246,-0.31054137710644614,True,-0.9905413771064462,7-9%,2k-10k,Same/next day,1,CA
4903,Critical,0.03,1.88,1.49,604,Lindsay P Ashley,Regular Air,Home Office,Office Supplies,Binders and Binder Accessories,Small Box,Staples® General Use 3-Ring Binders,0.37,United States,West,California,Los Angeles,90045,2015-01-24,2015-01-25,-15.0995,52,102.32,34882,328,False,False,False,William,1,2015-01-01,Jan,4,Saturday,Q1,97.75999999999999,2.9327999999999994,-0.1475713448006255,True,-0.5175713448006255,1-3%,100-500,Same/next day,1,CA
22015,Critical,0.09,154.13,69.0,605,Alison Peters Wooten,Express Air,Corporate,Furniture,Tables,Large Box,Laminate Occasional Tables,0.68,United States,East,New York,West Islip,11795,2015-03-14,2015-03-15,-1763.7477000000003,10,1494.63,91144,329,False,False,False,Erin,1,2015-03-01,Mar,11,Saturday,Q1,1541.3,138.71699999999998,-1.1800564019188697,True,-1.86005640191887,7-9%,500-2k,Same/next day,1,NY
18492,Not Specified,0.02,15.57,1.39,617,Brett Schultz,Regular Air,Consumer,Office Supplies,Envelopes,Small Box,Park Ridge™ Embossed Executive Business Envelopes,0.38,United States,West,Colorado,Pueblo,81001,2015-04-29,2015-04-30,23.5428,3,46.23,88198,330,False,True,False,William,1,2015-04-01,Apr,18,Wednesday,Q2,46.71,0.9342,0.5092537313432836,False,0.12925373134328355,1-3%,<100,Same/next day,5,CO
18493,Not Specified,0.02,20.89,11.52,617,Brett Schultz,Regular Air,Consumer,Office Supplies,Storage & Organization,Small Box,"Iris® 3-Drawer Stacking Bin, Black",0.83,United States,West,Colorado,Pueblo,81001,2015-04-29,2015-04-30,-276.1128,13,279.28,88198,331,False,True,False,William,1,2015-04-01,Apr,18,Wednesday,Q2,271.57,5.4314,-0.9886594099112003,True,-1.8186594099112003,1-3%,100-500,Same/next day,5,CO
22196,Critical,0.06,17.98,4.0,618,Robert Cowan,Regular Air,Consumer,Technology,Computer Peripherals,Small Box,"Belkin 107-key enhanced keyboard, USB/PS/2 interface",0.79,United States,West,Colorado,Pueblo West,81007,2015-03-24,2015-03-25,-78.13,4,70.06,88197,332,False,False,False,William,1,2015-03-01,Mar,13,Tuesday,Q1,71.92,4.3152,-1.1151869825863545,True,-1.9051869825863545,4-6%,<100,Same/next day,1,CO
18490,Not Specified,0.06,5.38,5.24,618,Robert Cowan,Express Air,Consumer,Office Supplies,Binders and Binder Accessories,Small Box,"Acco PRESSTEX® Data Binder with Storage Hooks, Dark Blue, 14 7/8"" X 11""",0.36,United States,West,Colorado,Pueblo West,81007,2015-04-29,2015-04-30,-64.67094,14,81.82,88198,333,False,True,False,William,1,2015-04-01,Apr,18,Wednesday,Q2,75.32,4.5192,-0.7904050354436569,True,-1.150405035443657,4-6%,<100,Same/next day,5,CO
18491,Not Specified,0.03,7.35,5.96,618,Robert Cowan,Regular Air,Consumer,Office Supplies,Paper,Small Box,"1/4 Fold Party Design Invitations & White Envelopes, 24 8-1/2"" X 11"" Cards, 25 Env./Pack",0.38,United States,West,Colorado,Pueblo West,81007,2015-04-29,2015-04-30,-11.113199999999999,1,13.16,88198,334,False,True,False,William,1,2015-04-01,Apr,18,Wednesday,Q2,7.35,0.22049999999999997,-0.8444680851063829,True,-1.224468085106383,1-3%,<100,Same/next day,5,CO
25539,Critical,0.03,14.2,5.3,619,Howard Rogers,Regular Air,Consumer,Furniture,Office Furnishings,Wrap Bag,Coloredge Poster Frame,0.46,United States,Central,Michigan,Southgate,48195,2015-01-07,2015-01-08,107.02,14,205.98,88196,335,False,False,False,Chris,1,2015-01-01,Jan,2,Wednesday,Q1,198.79999999999998,5.9639999999999995,0.5195650063112923,False,0.0595650063112923,1-3%,100-500,Same/next day,1,MI
22248,Medium,0.1,6.88,2.0,621,Heather Stern,Regular Air,Home Office,Office Supplies,Paper,Wrap Bag,"Adams Phone Message Book, 200 Message Capacity, 8 1/16” x 11”",0.39,United States,East,Connecticut,Newington,06111,2015-02-26,2015-02-27,18.42,5,31.46,91432,336,False,True,False,Erin,1,2015-02-01,Feb,9,Thursday,Q1,34.4,3.44,0.5855054036872219,False,0.1955054036872219,10%+,<100,Same/next day,3,CT
22247,Medium,0.06,195.99,8.99,622,Hazel Khan,Regular Air,Home Office,Technology,Telephones and Communication,Small Box,T28 WORLD,0.6,United States,East,Maine,Auburn,04210,2015-02-26,2015-02-28,349.47,6,948.97,91432,337,False,True,False,Erin,2,2015-02-01,Feb,9,Thursday,Q1,1175.94,70.5564,0.3682624318998493,False,-0.23173756810015067,4-6%,500-2k,2-3 days,3,ME
24880,High,0.05,6.48,8.4,623,Jenny Petty,Regular Air,Home Office,Office Supplies,Paper,Small Box,Xerox 212,0.37,United States,East,New Hampshire,Manchester,03101,2015-04-01,2015-04-03,-226.34640000000002,21,136.99,91433,338,False,True,False,Erin,2,2015-04-01,Apr,14,Wednesday,Q2,136.08,6.804000000000001,-1.6522841083290751,True,-2.022284108329075,4-6%,100-500,2-3 days,2,NH
24881,High,0.05,55.99,5.0,624,Terry Klein,Regular Air,Home Office,Technology,Telephones and Communication,Small Pack,Accessory6,0.8,United States,East,Vermont,Rutland,05701,2015-04-01,2015-04-01,-281.17584,2,99.36,91433,339,False,True,False,Erin,0,2015-04-01,Apr,14,Wednesday,Q2,111.98,5.599,-2.829869565217391,True,-3.6298695652173913,4-6%,<100,Same/next day,2,VT
21718,Medium,0.02,419.19,19.99,627,Scott McKenna,Regular Air,Corporate,Office Supplies,Storage & Organization,Small Box,Smead Adjustable Mobile File Trolley with Lockable Top,0.58,United States,East,Ohio,Steubenville,43952,2015-04-21,2015-04-22,6610.2,22,9580.0,90469,340,False,False,False,Erin,1,2015-04-01,Apr,17,Tuesday,Q2,9222.18,184.4436,0.69,False,0.10999999999999999,1-3%,2k-10k,Same/next day,3,OH
19364,High,0.01,2.08,5.33,635,Juan Justice,Regular Air,Corporate,Furniture,Office Furnishings,Small Box,Eldon® Wave Desk Accessories,0.43,United States,Central,Minnesota,Saint Paul,55106,2015-04-05,2015-04-05,-103.7124,12,28.32,89284,341,False,False,False,Chris,0,2015-04-01,Apr,14,Sunday,Q2,24.96,0.24960000000000002,-3.6621610169491525,True,-4.092161016949152,1-3%,<100,Same/next day,2,MN
19365,High,0.03,370.98,99.0,635,Juan Justice,Delivery Truck,Corporate,Office Supplies,Storage & Organization,Jumbo Drum,"Sauder Facets Collection Locker/File Cabinet, Sky Alder Finish",0.65,United States,Central,Minnesota,Saint Paul,55106,2015-04-05,2015-04-06,-124.2864,6,2309.49,89284,342,False,False,False,Chris,1,2015-04-01,Apr,14,Sunday,Q2,2225.88,66.7764,-0.053815517711702586,True,-0.7038155177117026,1-3%,2k-10k,Same/next day,2,MN
19539,Low,0.06,160.98,35.02,637,Christopher Bryant,Delivery Truck,Consumer,Furniture,Bookcases,Jumbo Box,Rush Hierlooms Collection Rich Wood Bookcases,0.72,United States,West,California,Santa Clara,95051,2015-03-20,2015-03-24,-229.68,8,1232.01,87953,343,False,False,False,William,4,2015-03-01,Mar,12,Friday,Q1,1287.84,77.2704,-0.18642705822193004,True,-0.90642705822193,4-6%,500-2k,4-7 days,4,CA
24387,Critical,0.06,65.99,8.8,638,Brooke Shepherd,Express Air,Consumer,Technology,Telephones and Communication,Small Box,6120,0.58,United States,West,California,Santa Cruz,95062,2015-04-30,2015-05-01,288.09,9,506.38,87954,344,False,False,False,William,1,2015-04-01,Apr,18,Thursday,Q2,593.91,35.6346,0.568920573482365,False,-0.011079426517634938,4-6%,500-2k,Same/next day,1,CA
24388,Critical,0.0,195.99,4.2,638,Brooke Shepherd,Express Air,Consumer,Technology,Telephones and Communication,Small Box,KH 688,0.57,United States,West,California,Santa Cruz,95062,2015-04-30,2015-05-02,719.4767999999999,6,1042.72,87954,345,False,False,False,William,2,2015-04-01,Apr,18,Thursday,Q2,1175.94,0.0,0.69,False,0.12,0%,500-2k,2-3 days,1,CA
25893,Not Specified,0.0,236.97,59.24,639,Lois Rowland,Delivery Truck,Consumer,Furniture,Tables,Jumbo Box,Chromcraft Rectangular Conference Tables,0.61,United States,West,California,Santa Maria,93454,2015-02-14,2015-02-15,1192.04,9,1769.91,87952,346,False,False,False,William,1,2015-02-01,Feb,7,Saturday,Q1,2132.73,0.0,0.6735031724776965,False,0.06350317247769655,0%,500-2k,Same/next day,5,CA
7893,Not Specified,0.0,236.97,59.24,640,Neal Wolfe,Delivery Truck,Consumer,Furniture,Tables,Jumbo Box,Chromcraft Rectangular Conference Tables,0.61,United States,West,Washington,Seattle,98119,2015-02-14,2015-02-15,1192.04,34,6686.34,56452,347,False,False,True,William,1,2015-02-01,Feb,7,Saturday,Q1,8056.98,0.0,0.17827989602682484,False,-0.4317201039731752,0%,2k-10k,Same/next day,5,WA
1539,Low,0.06,160.98,35.02,640,Neal Wolfe,Delivery Truck,Consumer,Furniture,Bookcases,Jumbo Box,Rush Hierlooms Collection Rich Wood Bookcases,0.72,United States,West,Washington,Seattle,98119,2015-03-20,2015-03-24,-229.68,30,4620.05,11077,348,False,False,False,William,4,2015-03-01,Mar,12,Friday,Q1,4829.4,289.76399999999995,-0.04971374768671335,True,-0.7697137476867133,4-6%,2k-10k,4-7 days,4,WA
6387,Critical,0.06,65.99,8.8,640,Neal Wolfe,Express Air,Consumer,Technology,Telephones and Communication,Small Box,6120,0.58,United States,West,Washington,Seattle,98119,2015-04-30,2015-05-01,288.09,34,1912.98,45380,349,False,False,False,William,1,2015-04-01,Apr,18,Thursday,Q2,2243.66,134.6196,0.15059749709876735,False,-0.4294025029012326,4-6%,500-2k,Same/next day,1,WA
6388,Critical,0.0,195.99,4.2,640,Neal Wolfe,Express Air,Consumer,Technology,Telephones and Communication,Small Box,KH 688,0.57,United States,West,Washington,Seattle,98119,2015-04-30,2015-05-02,1030.509,24,4170.87,45380,350,False,False,False,William,2,2015-04-01,Apr,18,Thursday,Q2,4703.76,0.0,0.24707291284552144,False,-0.3229270871544785,0%,2k-10k,2-3 days,1,WA
24869,Low,0.03,51.75,19.99,646,Robin High,Regular Air,Corporate,Furniture,Office Furnishings,Small Box,"Howard Miller 13-3/4"" Diameter Brushed Chrome Round Wall Clock",0.55,United States,Central,Minnesota,Shakopee,55379,2015-06-17,2015-06-22,261.444,16,818.81,90735,351,False,False,False,Chris,5,2015-06-01,Jun,25,Wednesday,Q2,828.0,24.84,0.31929751712851584,False,-0.2307024828714842,1-3%,500-2k,4-7 days,4,MN
21760,Not Specified,0.02,25.38,8.99,648,Steve O'Brien,Regular Air,Home Office,Furniture,Office Furnishings,Small Pack,"Executive Impressions 13"" Chairman Wall Clock",0.5,United States,Central,Illinois,Bolingbrook,60440,2015-06-21,2015-06-22,-10.36,1,34.11,91365,352,False,False,False,Chris,1,2015-06-01,Jun,25,Sunday,Q2,25.38,0.5075999999999999,-0.3037232483142773,True,-0.8037232483142773,1-3%,<100,Same/next day,5,IL
23154,Medium,0.02,3.78,0.71,649,Roger Meyer,Regular Air,Home Office,Office Supplies,Rubber Bands,Wrap Bag,Staples Bulldog Clip,0.39,United States,Central,Illinois,Buffalo Grove,60089,2015-05-29,2015-05-30,106.7499,40,154.71,91366,353,False,False,False,Chris,1,2015-05-01,May,22,Friday,Q2,151.2,3.024,0.69,False,0.29999999999999993,1-3%,100-500,Same/next day,3,IL
24199,High,0.08,15.99,13.18,651,Leah Clapp,Regular Air,Consumer,Office Supplies,Binders and Binder Accessories,Small Box,"GBC Pre-Punched Binding Paper, Plastic, White, 8-1/2"" x 11""",0.37,United States,West,Nevada,Las Vegas,89115,2015-01-07,2015-01-08,-246.92615999999998,12,192.33,91575,354,False,False,False,William,1,2015-01-01,Jan,2,Wednesday,Q1,191.88,15.3504,-1.2838671034160036,True,-1.6538671034160037,7-9%,100-500,Same/next day,2,NV
23433,Low,0.04,880.98,44.55,651,Leah Clapp,Delivery Truck,Consumer,Furniture,Bookcases,Jumbo Box,"Riverside Palais Royal Lawyers Bookcase, Royale Cherry Finish",0.62,United States,West,Nevada,Las Vegas,89115,2015-02-15,2015-02-19,4233.2588,8,6901.25,91576,355,False,False,False,William,4,2015-02-01,Feb,7,Sunday,Q1,7047.84,281.91360000000003,0.6134046440862162,False,-0.006595355913783796,4-6%,2k-10k,4-7 days,4,NV
23434,Low,0.07,13.4,4.95,651,Leah Clapp,Regular Air,Consumer,Furniture,Office Furnishings,Small Pack,Electrix 20W Halogen Replacement Bulb for Zoom-In Desk Lamp,0.37,United States,West,Nevada,Las Vegas,89115,2015-02-15,2015-02-20,102.76859999999999,11,148.94,91576,356,False,False,False,William,5,2015-02-01,Feb,7,Sunday,Q1,147.4,10.318000000000001,0.69,False,0.31999999999999995,7-9%,100-500,4-7 days,4,NV
23435,Low,0.01,15.99,11.28,651,Leah Clapp,Regular Air,Consumer,Technology,Office Machines,Medium Box,"210 Trimline Phone, White",0.38,United States,West,Nevada,Las Vegas,89115,2015-02-15,2015-02-22,-36.671544,12,200.68,91576,357,False,False,False,William,7,2015-02-01,Feb,7,Sunday,Q1,191.88,1.9188,-0.18273641618497108,True,-0.5627364161849711,1-3%,100-500,4-7 days,4,NV
25055,Not Specified,0.0,2.78,1.49,653,Ann Katz,Express Air,Consumer,Office Supplies,Binders and Binder Accessories,Small Box,Wilson Jones Suede Grain Vinyl Binders,0.36,United States,West,California,Rancho Cucamonga,91730,2015-04-16,2015-04-17,20.6448,9,29.92,91213,358,False,False,False,William,1,2015-04-01,Apr,16,Thursday,Q2,25.02,0.0,0.69,False,0.32999999999999996,0%,<100,Same/next day,5,CA
20874,Critical,0.1,18.97,9.03,657,Derek McCormick,Regular Air,Consumer,Office Supplies,Paper,Small Box,Computer Printout Paper with Letter-Trim Perforations,0.37,United States,East,Massachusetts,Oxford,01540,2015-01-19,2015-01-21,-24.2048,1,19.73,91212,359,False,True,False,Erin,2,2015-01-01,Jan,4,Monday,Q1,18.97,1.897,-1.2268018246325392,True,-1.5968018246325393,10%+,<100,2-3 days,1,MA
20875,Critical,0.0,119.99,56.14,659,Marjorie Arthur,Delivery Truck,Consumer,Technology,Office Machines,Jumbo Box,Hewlett-Packard 2600DN Business Color Inkjet Printer,0.39,United States,East,Vermont,South Burlington,05403,2015-01-19,2015-01-20,-126.05778,5,615.54,91212,360,False,True,False,Erin,1,2015-01-01,Jan,4,Monday,Q1,599.9499999999999,0.0,-0.20479218247392533,True,-0.5947921824739253,0%,500-2k,Same/next day,1,VT
23487,Critical,0.02,14.58,7.4,663,Hilda Bennett,Regular Air,Home Office,Furniture,Office Furnishings,Small Box,DAX Clear Channel Poster Frame,0.48,United States,East,Ohio,Steubenville,43952,2015-05-29,2015-06-01,10.802000000000001,17,261.34,90922,361,False,False,False,Erin,3,2015-05-01,May,22,Friday,Q2,247.86,4.9572,0.04133312925690672,False,-0.43866687074309324,1-3%,100-500,2-3 days,1,OH
21086,Low,0.04,22.72,8.99,665,Miriam Mueller,Regular Air,Corporate,Furniture,Office Furnishings,Small Pack,"Executive Impressions 14"" Two-Color Numerals Wall Clock",0.44,United States,South,Tennessee,Murfreesboro,37130,2015-01-16,2015-01-20,-678.496,9,202.41,88677,362,False,False,False,Sam,4,2015-01-01,Jan,3,Friday,Q1,204.48,8.1792,-3.35208734746307,True,-3.79208734746307,4-6%,100-500,4-7 days,4,TN
18667,Critical,0.02,130.98,30.0,665,Miriam Mueller,Delivery Truck,Corporate,Furniture,Chairs & Chairmats,Jumbo Drum,"Office Star - Contemporary Task Swivel chair with 2-way adjustable arms, Plum",0.78,United States,South,Tennessee,Murfreesboro,37130,2015-04-18,2015-04-19,90.762,6,793.39,88678,363,False,False,False,Sam,1,2015-04-01,Apr,16,Saturday,Q2,785.8799999999999,15.717599999999997,0.11439771108786348,False,-0.6656022889121366,1-3%,500-2k,Same/next day,1,TN
24776,Low,0.02,4.57,5.42,666,Emily Sims,Regular Air,Corporate,Office Supplies,Binders and Binder Accessories,Small Box,Newell® 3-Hole Punched Plastic Slotted Magazine Holders for Binders,0.37,United States,South,Tennessee,Nashville,37211,2015-04-22,2015-04-26,-352.81399999999996,11,54.04,88679,364,False,False,False,Sam,4,2015-04-01,Apr,17,Wednesday,Q2,50.27,1.0054,-6.528756476683937,True,-6.898756476683937,1-3%,<100,4-7 days,4,TN
3086,Low,0.04,22.72,8.99,667,Allison Kirby,Regular Air,Corporate,Furniture,Office Furnishings,Small Pack,"Executive Impressions 14"" Two-Color Numerals Wall Clock",0.44,United States,Central,Texas,Dallas,75203,2015-01-16,2015-01-20,70.028,37,832.14,22147,365,False,False,False,Chris,4,2015-01-01,Jan,3,Friday,Q1,840.64,33.6256,0.08415410868363497,False,-0.355845891316365,4-6%,500-2k,4-7 days,4,TX
6776,Low,0.02,4.57,5.42,667,Allison Kirby,Regular Air,Corporate,Office Supplies,Binders and Binder Accessories,Small Box,Newell® 3-Hole Punched Plastic Slotted Magazine Holders for Binders,0.37,United States,Central,Texas,Dallas,75203,2015-04-22,2015-04-26,-124.28049999999999,45,221.06,48257,366,False,False,False,Chris,4,2015-04-01,Apr,17,Wednesday,Q2,205.65,4.113,-0.5622025694381615,True,-0.9322025694381615,1-3%,100-500,4-7 days,4,TX
24882,Medium,0.09,2.89,0.5,669,Amy Shea,Regular Air,Home Office,Office Supplies,Labels,Small Box,Avery 498,0.38,United States,Central,Iowa,Ottumwa,52501,2015-03-20,2015-03-22,40.482299999999995,22,58.67,88475,367,False,False,False,Chris,2,2015-03-01,Mar,12,Friday,Q1,63.580000000000005,5.7222,0.69,False,0.30999999999999994,7-9%,<100,2-3 days,3,IA
24883,Medium,0.02,48.91,5.81,669,Amy Shea,Regular Air,Home Office,Office Supplies,Paper,Small Box,Xerox 1891,0.38,United States,Central,Iowa,Ottumwa,52501,2015-03-20,2015-03-21,32.86,2,101.06,88475,368,False,False,False,Chris,1,2015-03-01,Mar,12,Friday,Q1,97.82,1.9564,0.32515337423312884,False,-0.05484662576687116,1-3%,100-500,Same/next day,3,IA
18808,Low,0.08,296.18,54.12,670,Lewis Baldwin,Delivery Truck,Home Office,Furniture,Tables,Jumbo Box,Hon 94000 Series Round Tables,0.76,United States,South,Virginia,Montclair,22025,2015-03-05,2015-03-12,-187.22199999999998,5,1429.81,88474,369,False,False,False,Sam,7,2015-03-01,Mar,10,Thursday,Q1,1480.9,118.47200000000001,-0.13094187339576585,True,-0.8909418733957659,7-9%,500-2k,4-7 days,4,VA
19423,Low,0.07,2.88,1.01,672,Brian Leach,Regular Air,Small Business,Office Supplies,Pens & Art Supplies,Wrap Bag,"Sanford Colorific Colored Pencils, 12/Box",0.55,United States,Central,Iowa,Newton,50208,2015-02-05,2015-02-09,9.59,12,34.97,88173,370,False,False,False,Chris,4,2015-02-01,Feb,6,Thursday,Q1,34.56,2.4192000000000005,0.27423505862167574,False,-0.2757649413783243,7-9%,<100,4-7 days,4,IA
19424,Low,0.1,195.99,3.99,672,Brian Leach,Regular Air,Small Business,Technology,Telephones and Communication,Small Box,R380,0.58,United States,Central,Iowa,Newton,50208,2015-02-05,2015-02-12,-655.424,2,308.86,88173,371,False,False,False,Chris,7,2015-02-01,Feb,6,Thursday,Q1,391.98,39.19800000000001,-2.1220747264132616,True,-2.7020747264132616,10%+,100-500,4-7 days,4,IA
25059,Critical,0.06,161.55,19.99,674,Albert Frost,Regular Air,Small Business,Office Supplies,Storage & Organization,Small Box,Fellowes Super Stor/Drawer® Files,0.66,United States,Central,Missouri,Raytown,64133,2015-01-02,2015-01-03,-7.580000000000041,3,485.01,88174,372,False,False,False,Chris,1,2015-01-01,Jan,1,Friday,Q1,484.65000000000003,29.079,-0.01562854374136624,True,-0.6756285437413663,4-6%,100-500,Same/next day,1,MO
19326,Medium,0.04,15.42,10.68,678,Edward McKenzie,Express Air,Corporate,Office Supplies,Storage & Organization,Small Box,"Decoflex Hanging Personal Folder File, Blue",0.58,United States,South,Virginia,Rose Hill,24281,2015-04-22,2015-04-23,-109.70400000000001,5,81.14,88889,373,False,False,False,Sam,1,2015-04-01,Apr,17,Wednesday,Q2,77.1,3.0839999999999996,-1.3520335223071236,True,-1.9320335223071234,4-6%,<100,Same/next day,3,VA
21609,Medium,0.01,3.95,5.13,679,Katie Dougherty,Regular Air,Corporate,Office Supplies,Appliances,Small Box,"Hoover Replacement Belts For Soft Guard™ & Commercial Ltweight Upright Vacs, 2/Pk",0.59,United States,West,Washington,Spanaway,98387,2015-03-04,2015-03-05,-19.93,2,10.11,88890,374,False,True,False,William,1,2015-03-01,Mar,10,Wednesday,Q1,7.9,0.079,-1.9713155291790307,True,-2.561315529179031,1-3%,<100,Same/next day,3,WA
21610,Medium,0.02,367.99,19.99,679,Katie Dougherty,Regular Air,Corporate,Office Supplies,Binders and Binder Accessories,Small Box,Ibico Ibimaster 300 Manual Binding System,0.4,United States,West,Washington,Spanaway,98387,2015-03-04,2015-03-05,4568.6073,17,6621.17,88890,375,False,True,False,William,1,2015-03-01,Mar,10,Wednesday,Q1,6255.83,125.1166,0.69,False,0.2899999999999999,1-3%,2k-10k,Same/next day,3,WA
21612,Medium,0.04,95.99,4.9,680,Laurence Poe,Regular Air,Corporate,Technology,Telephones and Communication,Small Box,T60,0.56,United States,West,Washington,Spokane,99207,2015-03-04,2015-03-06,-258.225,3,253.78,88890,376,False,True,False,William,2,2015-03-01,Mar,10,Wednesday,Q1,287.96999999999997,11.518799999999999,-1.0175151706202223,True,-1.5775151706202224,4-6%,100-500,2-3 days,3,WA
18555,Medium,0.06,17.67,8.99,683,Seth Merrill,Express Air,Small Business,Furniture,Office Furnishings,Small Pack,"Executive Impressions 12"" Wall Clock",0.47,United States,Central,Nebraska,Papillion,68046,2015-04-07,2015-04-08,38.06,4,69.96,87765,377,False,False,False,Chris,1,2015-04-01,Apr,15,Tuesday,Q2,70.68,4.2408,0.5440251572327045,False,0.07402515723270453,4-6%,<100,Same/next day,3,NE
21411,Critical,0.07,279.48,35.0,688,Ashley Reese,Regular Air,Small Business,Office Supplies,Storage & Organization,Large Box,"Tennsco Snap-Together Open Shelving Units, Starter Sets and Add-On Units",0.8,United States,Central,Missouri,Saint Louis,63116,2015-05-16,2015-05-16,-207.28,10,2716.09,88503,378,False,False,False,Chris,0,2015-05-01,May,20,Saturday,Q2,2794.8,195.63600000000002,-0.07631558600782742,True,-0.8763155860078274,7-9%,2k-10k,Same/next day,1,MO
19325,Low,0.06,4.18,2.99,688,Ashley Reese,Regular Air,Small Business,Office Supplies,Binders and Binder Accessories,Small Box,Avery® Durable Slant Ring Binders With Label Holder,0.37,United States,Central,Missouri,Saint Louis,63116,2015-03-06,2015-03-08,-12.719000000000001,5,21.34,88504,379,False,False,False,Chris,2,2015-03-01,Mar,10,Friday,Q1,20.9,1.2539999999999998,-0.59601686972821,True,-0.96601686972821,4-6%,<100,2-3 days,4,MO
26321,Medium,0.07,1.7,1.99,689,Tommy Honeycutt,Regular Air,Small Business,Technology,Computer Peripherals,Small Pack,BASF Silver 74 Minute CD-R,0.51,United States,Central,Missouri,Saint Peters,63376,2015-02-04,2015-02-05,-51.42,10,17.42,88502,380,False,False,False,Chris,1,2015-02-01,Feb,6,Wednesday,Q1,17.0,1.1900000000000002,-2.951779563719862,True,-3.461779563719862,7-9%,<100,Same/next day,3,MO
19933,High,0.09,6.48,6.35,691,Alicia Curtis,Regular Air,Home Office,Office Supplies,Paper,Small Box,Xerox 200,0.37,United States,West,Washington,Tacoma,98408,2015-03-21,2015-03-22,-88.6,8,49.81,89915,381,False,False,False,William,1,2015-03-01,Mar,12,Saturday,Q1,51.84,4.6656,-1.7787592852840792,True,-2.148759285284079,7-9%,<100,Same/next day,2,WA
19400,Low,0.02,500.98,41.44,693,Richard McClure,Delivery Truck,Small Business,Furniture,Bookcases,Jumbo Box,DMI Eclipse Executive Suite Bookcases,0.66,United States,West,Colorado,Thornton,80229,2015-03-25,2015-03-25,2568.4628999999995,7,3722.41,87811,382,False,False,False,William,0,2015-03-01,Mar,13,Wednesday,Q1,3506.86,70.1372,0.69,False,0.029999999999999916,1-3%,2k-10k,Same/next day,4,CO
18736,Low,0.09,5.34,2.99,693,Richard McClure,Express Air,Small Business,Office Supplies,Binders and Binder Accessories,Small Box,Wilson Jones 14 Line Acrylic Coated Pressboard Data Binders,0.38,United States,West,Colorado,Thornton,80229,2015-03-08,2015-03-15,9.486,17,95.1,87812,383,False,False,False,William,7,2015-03-01,Mar,10,Sunday,Q1,90.78,8.1702,0.09974763406940064,False,-0.2802523659305994,7-9%,<100,4-7 days,4,CO
18737,Low,0.07,140.98,53.48,693,Richard McClure,Delivery Truck,Small Business,Furniture,Bookcases,Jumbo Box,"Bush Heritage Pine Collection 5-Shelf Bookcase, Albany Pine Finish, *Special Order",0.65,United States,West,Colorado,Thornton,80229,2015-03-08,2015-03-15,-263.65,5,734.74,87812,384,False,False,False,William,7,2015-03-01,Mar,10,Sunday,Q1,704.9,49.343,-0.3588344176171162,True,-1.0088344176171162,7-9%,500-2k,4-7 days,4,CO
18738,Low,0.06,205.99,5.26,693,Richard McClure,Regular Air,Small Business,Technology,Telephones and Communication,Small Box,i470,0.56,United States,West,Colorado,Thornton,80229,2015-03-08,2015-03-15,890.181,11,1882.87,87812,385,False,False,False,William,7,2015-03-01,Mar,10,Sunday,Q1,2265.8900000000003,135.95340000000002,0.47277878982616967,False,-0.08722121017383039,4-6%,500-2k,4-7 days,4,CO
18810,High,0.0,230.98,23.78,693,Richard McClure,Delivery Truck,Small Business,Furniture,Tables,Jumbo Box,"Bush® Cubix Conference Tables, Fully Assembled",0.6,United States,West,Colorado,Thornton,80229,2015-05-05,2015-05-07,6095.860199999999,36,8834.58,87813,386,False,False,False,William,2,2015-05-01,May,19,Tuesday,Q2,8315.279999999999,0.0,0.69,False,0.08999999999999997,0%,2k-10k,2-3 days,2,CO
22613,Medium,0.06,8.12,2.83,696,Johnny Reid,Regular Air,Corporate,Technology,Computer Peripherals,Small Pack,"Imation Neon Mac Format Diskettes, 10/Pack",0.77,United States,Central,Indiana,Crown Point,46307,2015-03-27,2015-03-28,-82.83,10,78.54,89847,387,False,True,False,Chris,1,2015-03-01,Mar,13,Friday,Q1,81.19999999999999,4.871999999999999,-1.0546218487394956,True,-1.8246218487394956,4-6%,<100,Same/next day,3,IN
22614,Medium,0.05,51.65,18.45,696,Johnny Reid,Regular Air,Corporate,Furniture,Office Furnishings,Medium Box,"Deflect-o EconoMat Nonstudded, No Bevel Mat",0.65,United States,Central,Indiana,Crown Point,46307,2015-03-27,2015-03-28,25.04,12,605.1,89847,388,False,True,False,Chris,1,2015-03-01,Mar,13,Friday,Q1,619.8,30.99,0.041381589819864485,False,-0.6086184101801355,4-6%,500-2k,Same/next day,3,IN
19225,Low,0.1,40.48,19.99,696,Johnny Reid,Regular Air,Corporate,Technology,Computer Peripherals,Small Box,Keytronic Designer 104- Key Black Keyboard,0.77,United States,Central,Indiana,Crown Point,46307,2015-04-07,2015-04-09,-580.32,9,355.84,89848,389,False,False,False,Chris,2,2015-04-01,Apr,15,Tuesday,Q2,364.32,36.432,-1.6308453237410074,True,-2.4008453237410077,10%+,100-500,2-3 days,4,IN
22616,Medium,0.1,175.99,8.99,697,Adam G Sawyer,Regular Air,Corporate,Technology,Telephones and Communication,Small Box,2180,0.57,United States,Central,Indiana,East Chicago,46312,2015-03-27,2015-03-28,928.9607999999998,10,1346.32,89847,390,False,True,False,Chris,1,2015-03-01,Mar,13,Friday,Q1,1759.9,175.99,0.69,False,0.12,10%+,500-2k,Same/next day,3,IN
25480,Critical,0.08,14.81,13.32,697,Adam G Sawyer,Regular Air,Corporate,Office Supplies,Appliances,Small Box,"Holmes Replacement Filter for HEPA Air Cleaner, Large Room",0.43,United States,Central,Indiana,East Chicago,46312,2015-02-07,2015-02-09,-131.61720000000003,20,292.18,89849,391,False,False,False,Chris,2,2015-02-01,Feb,6,Saturday,Q1,296.2,23.695999999999998,-0.45046615100280657,True,-0.8804661510028066,7-9%,100-500,2-3 days,1,IN
4613,Medium,0.06,8.12,2.83,698,Nelson Hensley,Regular Air,Corporate,Technology,Computer Peripherals,Small Pack,"Imation Neon Mac Format Diskettes, 10/Pack",0.77,United States,West,Washington,Seattle,98105,2015-03-27,2015-03-28,-82.83,41,322.03,32869,392,False,False,False,William,1,2015-03-01,Mar,13,Friday,Q1,332.91999999999996,19.975199999999997,-0.2572120609881067,True,-1.0272120609881068,4-6%,100-500,Same/next day,3,WA
4614,Medium,0.05,51.65,18.45,698,Nelson Hensley,Regular Air,Corporate,Furniture,Office Furnishings,Medium Box,"Deflect-o EconoMat Nonstudded, No Bevel Mat",0.65,United States,West,Washington,Seattle,98105,2015-03-27,2015-03-28,25.04,49,2470.84,32869,393,False,False,False,William,1,2015-03-01,Mar,13,Friday,Q1,2530.85,126.5425,0.010134205371452622,False,-0.6398657946285474,4-6%,2k-10k,Same/next day,3,WA
4616,Medium,0.1,175.99,8.99,698,Nelson Hensley,Regular Air,Corporate,Technology,Telephones and Communication,Small Box,2180,0.57,United States,West,Washington,Seattle,98105,2015-03-27,2015-03-28,930.9870000000001,39,5250.66,32869,394,False,False,False,William,1,2015-03-01,Mar,13,Friday,Q1,6863.610000000001,686.3610000000001,0.17730856692301541,False,-0.3926914330769845,10%+,2k-10k,Same/next day,3,WA
1225,Low,0.1,40.48,19.99,698,Nelson Hensley,Regular Air,Corporate,Technology,Computer Peripherals,Small Box,Keytronic Designer 104- Key Black Keyboard,0.77,United States,West,Washington,Seattle,98105,2015-04-07,2015-04-09,-580.32,36,1423.35,8994,395,False,False,False,William,2,2015-04-01,Apr,15,Tuesday,Q2,1457.28,145.728,-0.40771419538412906,True,-1.177714195384129,10%+,500-2k,2-3 days,4,WA
7480,Critical,0.08,14.81,13.32,698,Nelson Hensley,Regular Air,Corporate,Office Supplies,Appliances,Small Box,"Holmes Replacement Filter for HEPA Air Cleaner, Large Room",0.43,United States,West,Washington,Seattle,98105,2015-02-07,2015-02-09,-253.11,79,1154.12,53410,396,False,False,False,William,2,2015-02-01,Feb,6,Saturday,Q1,1169.99,93.5992,-0.21930995043842932,True,-0.6493099504384293,7-9%,500-2k,2-3 days,1,WA
6289,Medium,0.03,5.28,5.61,699,Jenny Gold,Regular Air,Consumer,Office Supplies,Paper,Small Box,Xerox 1954,0.4,United States,West,California,Los Angeles,90041,2015-04-23,2015-04-24,-16.67,5,32.5,44517,397,False,False,False,William,1,2015-04-01,Apr,17,Thursday,Q2,26.400000000000002,0.792,-0.5129230769230769,True,-0.912923076923077,1-3%,<100,Same/next day,3,CA
7733,Critical,0.02,6.47,1.22,699,Jenny Gold,Regular Air,Consumer,Office Supplies,Pens & Art Supplies,Wrap Bag,"Staples Pen Style Liquid Stix; Assorted (yellow, pink, green, blue, orange), 5/Pack",0.4,United States,West,California,Los Angeles,90041,2015-06-06,2015-06-07,40.2,30,193.95,55392,398,False,False,False,William,1,2015-06-01,Jun,23,Saturday,Q2,194.1,3.882,0.2072699149265275,False,-0.19273008507347253,1-3%,100-500,Same/next day,1,CA
7734,Critical,0.07,2.84,0.93,699,Jenny Gold,Regular Air,Consumer,Office Supplies,Pens & Art Supplies,Wrap Bag,SANFORD Liquid Accent™ Tank-Style Highlighters,0.54,United States,West,California,Los Angeles,90041,2015-06-06,2015-06-08,3.21,59,158.8,55392,399,False,False,False,William,2,2015-06-01,Jun,23,Saturday,Q2,167.56,11.7292,0.02021410579345088,False,-0.5197858942065492,7-9%,100-500,2-3 days,1,CA
5140,High,0.01,7.89,2.82,699,Jenny Gold,Regular Air,Consumer,Office Supplies,Rubber Bands,Wrap Bag,"Staples Vinyl Coated Paper Clips, 800/Box",0.4,United States,West,California,Los Angeles,90041,2015-06-30,2015-07-01,38.7,32,274.26,36647,400,False,False,False,William,1,2015-06-01,Jun,27,Tuesday,Q2,252.48,2.5248,0.14110697877926057,False,-0.2588930212207394,1-3%,100-500,Same/next day,2,CA
5141,High,0.09,3.68,1.32,699,Jenny Gold,Regular Air,Consumer,Office Supplies,"Scissors, Rulers and Trimmers",Wrap Bag,"*Staples* vLetter Openers, 2/Pack",0.83,United States,West,California,Los Angeles,90041,2015-06-30,2015-07-01,-21.91,24,83.16,36647,401,False,False,False,William,1,2015-06-01,Jun,27,Tuesday,Q2,88.32000000000001,7.9488,-0.26346801346801346,True,-1.0934680134680135,7-9%,<100,Same/next day,2,CA
5142,High,0.1,9.71,9.45,699,Jenny Gold,Regular Air,Consumer,Office Supplies,Storage & Organization,Small Box,Filing/Storage Totes and Swivel Casters,0.6,United States,West,California,Los Angeles,90041,2015-06-30,2015-07-03,-119.77,27,261.93,36647,402,False,False,False,William,3,2015-06-01,Jun,27,Tuesday,Q2,262.17,26.217000000000002,-0.45725957316840377,True,-1.0572595731684038,10%+,100-500,2-3 days,2,CA
4556,Medium,0.07,5.02,5.14,699,Jenny Gold,Regular Air,Consumer,Technology,Computer Peripherals,Small Pack,"Imation 3.5, DISKETTE 44766 HGHLD3.52HD/FM, 10/Pack",0.79,United States,West,California,Los Angeles,90041,2015-01-29,2015-01-31,-168.72,42,210.1,32420,403,False,False,False,William,2,2015-01-01,Jan,5,Thursday,Q1,210.83999999999997,14.758799999999999,-0.8030461684911947,True,-1.5930461684911947,7-9%,100-500,2-3 days,3,CA
4557,Medium,0.07,280.98,57.0,699,Jenny Gold,Delivery Truck,Consumer,Furniture,Chairs & Chairmats,Jumbo Drum,Hon 2090 “Pillow Soft” Series Mid Back Swivel/Tilt Chairs,0.78,United States,West,California,Los Angeles,90041,2015-01-29,2015-01-31,-439.62,23,6499.87,32420,404,False,False,False,William,2,2015-01-01,Jan,5,Thursday,Q1,6462.540000000001,452.3778000000001,-0.0676351988578233,True,-0.8476351988578233,7-9%,2k-10k,2-3 days,3,CA
448,Medium,0.1,4.26,1.2,699,Jenny Gold,Regular Air,Consumer,Office Supplies,Pens & Art Supplies,Wrap Bag,"Dixon Prang® Watercolor Pencils, 10-Color Set with Brush",0.44,United States,West,California,Los Angeles,90041,2015-05-20,2015-05-21,15.42,88,351.56,3042,405,False,False,False,William,1,2015-05-01,May,21,Wednesday,Q2,374.88,37.488,0.04386164523836614,False,-0.39613835476163384,10%+,100-500,Same/next day,3,CA
18448,Medium,0.1,4.26,1.2,700,Joseph Grossman,Regular Air,Consumer,Office Supplies,Pens & Art Supplies,Wrap Bag,"Dixon Prang® Watercolor Pencils, 10-Color Set with Brush",0.44,United States,West,California,Santa Maria,93454,2015-05-20,2015-05-21,33.924,22,87.89,87980,406,False,False,False,William,1,2015-05-01,May,21,Wednesday,Q2,93.72,9.372,0.38598247809762204,False,-0.05401752190237796,10%+,<100,Same/next day,3,CA
24289,Medium,0.03,5.28,5.61,702,Kelly O'Connor,Regular Air,Consumer,Office Supplies,Paper,Small Box,Xerox 1954,0.4,United States,West,California,Santa Rosa,95404,2015-04-23,2015-04-24,-16.67,1,6.5,87977,407,False,False,False,William,1,2015-04-01,Apr,17,Thursday,Q2,5.28,0.1584,-2.5646153846153847,True,-2.9646153846153847,1-3%,<100,Same/next day,3,CA
23140,High,0.01,7.89,2.82,702,Kelly O'Connor,Regular Air,Consumer,Office Supplies,Rubber Bands,Wrap Bag,"Staples Vinyl Coated Paper Clips, 800/Box",0.4,United States,West,California,Santa Rosa,95404,2015-06-30,2015-07-01,46.440000000000005,8,68.56,87979,408,False,False,False,William,1,2015-06-01,Jun,27,Tuesday,Q2,63.12,0.6312,0.677362893815636,False,0.27736289381563595,1-3%,<100,Same/next day,2,CA
23141,High,0.09,3.68,1.32,702,Kelly O'Connor,Regular Air,Consumer,Office Supplies,"Scissors, Rulers and Trimmers",Wrap Bag,"*Staples* vLetter Openers, 2/Pack",0.83,United States,West,California,Santa Rosa,95404,2015-06-30,2015-07-01,-17.528,6,20.79,87979,409,False,False,False,William,1,2015-06-01,Jun,27,Tuesday,Q2,22.080000000000002,1.9872,-0.8430976430976431,True,-1.673097643097643,7-9%,<100,Same/next day,2,CA
23142,High,0.1,9.71,9.45,702,Kelly O'Connor,Regular Air,Consumer,Office Supplies,Storage & Organization,Small Box,Filing/Storage Totes and Swivel Casters,0.6,United States,West,California,Santa Rosa,95404,2015-06-30,2015-07-03,-95.816,7,67.91,87979,410,False,False,False,William,3,2015-06-01,Jun,27,Tuesday,Q2,67.97,6.797000000000001,-1.4109262258872037,True,-2.0109262258872036,10%+,<100,2-3 days,2,CA
25734,Critical,0.07,2.84,0.93,711,Pam Anthony,Regular Air,Consumer,Office Supplies,Pens & Art Supplies,Wrap Bag,SANFORD Liquid Accent™ Tank-Style Highlighters,0.54,United States,East,Massachusetts,Winthrop,02152,2015-06-06,2015-06-08,3.852,15,40.37,87978,411,False,False,False,Erin,2,2015-06-01,Jun,23,Saturday,Q2,42.599999999999994,2.9819999999999998,0.09541738915035917,False,-0.44458261084964085,7-9%,<100,2-3 days,1,MA
20789,Not Specified,0.0,8.5,1.99,719,Stephen Lam,Regular Air,Corporate,Technology,Computer Peripherals,Small Pack,Hewlett-Packard 4.7GB DVD+R Discs,0.49,United States,West,Nevada,Pahrump,89041,2015-02-28,2015-03-02,71.7356,14,122.25,89344,412,False,False,False,William,2,2015-02-01,Feb,9,Saturday,Q1,119.0,0.0,0.5867942740286299,False,0.09679427402862995,0%,100-500,2-3 days,5,NV
20790,Not Specified,0.03,95.43,19.99,719,Stephen Lam,Regular Air,Corporate,Office Supplies,Storage & Organization,Small Box,Fellowes Stor/Drawer® Steel Plus™ Storage Drawers,0.79,United States,West,Nevada,Pahrump,89041,2015-02-28,2015-03-02,-79.3208,2,206.09,89344,413,False,False,False,William,2,2015-02-01,Feb,9,Saturday,Q1,190.86,5.7258000000000004,-0.38488427386093454,True,-1.1748842738609346,1-3%,100-500,2-3 days,5,NV
20633,Not Specified,0.04,10.64,5.16,721,Melvin Duke,Regular Air,Corporate,Furniture,Office Furnishings,Small Box,"Eldon Expressions Punched Metal & Wood Desk Accessories, Pewter & Cherry",0.57,United States,Central,Indiana,Frankfort,46041,2015-06-24,2015-06-25,24.095999999999997,6,66.9,91053,414,False,False,False,Chris,1,2015-06-01,Jun,26,Wednesday,Q2,63.84,2.5536000000000003,0.36017937219730933,False,-0.20982062780269062,4-6%,<100,Same/next day,5,IN
20634,Not Specified,0.03,2.78,1.34,721,Melvin Duke,Express Air,Corporate,Office Supplies,Pens & Art Supplies,Wrap Bag,Prang Drawing Pencil Set,0.45,United States,Central,Indiana,Frankfort,46041,2015-06-24,2015-06-26,6.9719999999999995,15,43.13,91053,415,False,False,False,Chris,2,2015-06-01,Jun,26,Wednesday,Q2,41.699999999999996,1.251,0.1616508230929747,False,-0.28834917690702533,1-3%,<100,2-3 days,5,IN
24574,Medium,0.01,7.28,11.15,721,Melvin Duke,Regular Air,Corporate,Office Supplies,Paper,Small Box,"Array® Parchment Paper, Assorted Colors",0.37,United States,Central,Indiana,Frankfort,46041,2015-04-11,2015-04-13,-24.246,1,11.21,91054,416,False,False,False,Chris,2,2015-04-01,Apr,15,Saturday,Q2,7.28,0.0728,-2.1628902765388043,True,-2.5328902765388044,1-3%,<100,2-3 days,3,IN
19601,Medium,0.09,125.99,8.99,724,Beverly Cooke Brooks,Regular Air,Consumer,Technology,Telephones and Communication,Small Box,SC7868i,0.55,United States,East,Connecticut,Stratford,06614,2015-03-15,2015-03-16,-605.374,1,100.38,90359,417,False,True,False,Erin,1,2015-03-01,Mar,11,Sunday,Q1,125.99,11.339099999999998,-6.030822873082288,True,-6.580822873082288,7-9%,100-500,Same/next day,3,CT
19600,Medium,0.1,17.98,4.0,727,Lindsay Link,Regular Air,Consumer,Technology,Computer Peripherals,Small Box,"Belkin 107-key enhanced keyboard, USB/PS/2 interface",0.79,United States,East,Maine,Lewiston,04240,2015-03-15,2015-03-16,-99.55,4,66.32,90359,418,False,True,False,Erin,1,2015-03-01,Mar,11,Sunday,Q1,71.92,7.192,-1.5010554885404102,True,-2.29105548854041,10%+,<100,Same/next day,3,ME
23436,High,0.09,101.41,35.0,731,June Herbert,Regular Air,Consumer,Office Supplies,Storage & Organization,Large Box,Tennsco Regal Shelving Units,0.82,United States,East,Massachusetts,Burlington,01803,2015-04-26,2015-04-27,-801.1547999999999,12,1178.32,90362,419,False,False,False,Erin,1,2015-04-01,Apr,17,Sunday,Q2,1216.92,109.5228,-0.6799127571457668,True,-1.4999127571457667,7-9%,500-2k,Same/next day,2,MA
21950,Not Specified,0.06,350.98,30.0,736,Meredith Walters,Delivery Truck,Consumer,Furniture,Chairs & Chairmats,Jumbo Drum,Office Star - Professional Matrix Back Chair with 2-to-1 Synchro Tilt and Mesh Fabric Seat,0.61,United States,East,New Hampshire,Salem,03079,2015-06-15,2015-06-17,797.856,6,2016.32,90361,420,False,True,False,Erin,2,2015-06-01,Jun,25,Monday,Q2,2105.88,126.3528,0.39569909538168546,False,-0.21430090461831452,4-6%,2k-10k,2-3 days,5,NH
23613,Low,0.02,48.04,5.79,737,Danny Vaughn,Regular Air,Consumer,Office Supplies,Paper,Small Box,Xerox 1937,0.37,United States,East,New Jersey,Bloomfield,07003,2015-06-07,2015-06-14,422.4525,12,612.25,90360,421,False,False,False,Erin,7,2015-06-01,Jun,23,Sunday,Q2,576.48,11.5296,0.69,False,0.31999999999999995,1-3%,500-2k,4-7 days,4,NJ
21949,Not Specified,0.02,70.98,46.74,738,Peggy Rowe,Delivery Truck,Consumer,Furniture,Bookcases,Jumbo Box,"Hon Metal Bookcases, Putty",0.56,United States,East,New Jersey,Cranford,07016,2015-06-15,2015-06-16,-178.216,4,313.63,90361,422,False,True,False,Erin,1,2015-06-01,Jun,25,Monday,Q2,283.92,5.678400000000001,-0.5682364569715908,True,-1.1282364569715908,1-3%,100-500,Same/next day,5,NJ
21951,Not Specified,0.04,27.48,4.0,741,Stacey Hale,Regular Air,Consumer,Technology,Computer Peripherals,Small Box,Belkin MediaBoard 104- Keyboard,0.75,United States,East,New Jersey,Summit,07901,2015-06-15,2015-06-17,-26.656,15,397.17,90361,423,False,True,False,Erin,2,2015-06-01,Jun,25,Monday,Q2,412.2,16.488,-0.06711483747513658,True,-0.8171148374751366,4-6%,100-500,2-3 days,5,NJ
19209,Low,0.02,59.98,3.99,744,Joy Maxwell,Regular Air,Corporate,Office Supplies,Appliances,Small Box,Belkin 8 Outlet SurgeMaster II Gold Surge Protector,0.57,United States,West,Arizona,Oro Valley,85737,2015-01-28,2015-02-06,-54.622,1,63.48,87725,424,False,False,False,William,9,2015-01-01,Jan,5,Wednesday,Q1,59.98,1.1996,-0.8604599873976055,True,-1.4304599873976054,1-3%,<100,8+ days,4,AZ
19210,Low,0.03,5.18,5.74,744,Joy Maxwell,Regular Air,Corporate,Office Supplies,Binders and Binder Accessories,Small Box,Wilson Jones Impact Binders,0.36,United States,West,Arizona,Oro Valley,85737,2015-01-28,2015-02-01,-126.81418000000001,9,47.64,87725,425,False,False,False,William,4,2015-01-01,Jan,5,Wednesday,Q1,46.62,1.3985999999999998,-2.6619265323257766,True,-3.0219265323257765,1-3%,<100,4-7 days,4,AZ
19638,Medium,0.03,119.99,56.14,744,Joy Maxwell,Delivery Truck,Consumer,Technology,Office Machines,Jumbo Box,Hewlett-Packard 2600DN Business Color Inkjet Printer,0.39,United States,West,Arizona,Oro Valley,85737,2015-01-17,2015-01-19,1400.1,13,1545.58,87726,426,False,True,False,William,2,2015-01-01,Jan,3,Saturday,Q1,1559.87,46.796099999999996,0.905873523208116,False,0.515873523208116,1-3%,500-2k,2-3 days,3,AZ
19505,Low,0.09,125.99,8.99,744,Joy Maxwell,Regular Air,Consumer,Technology,Telephones and Communication,Small Box,SC7868i,0.55,United States,West,Arizona,Oro Valley,85737,2015-05-25,2015-06-02,916.6806000000001,20,2104.99,87727,427,False,False,False,William,8,2015-05-01,May,22,Monday,Q2,2519.7999999999997,226.78199999999995,0.4354797885025583,False,-0.11452021149744174,7-9%,2k-10k,8+ days,4,AZ
19639,Medium,0.05,115.79,1.99,745,Mary Page,Regular Air,Consumer,Technology,Computer Peripherals,Small Pack,"Verbatim DVD-R, 4.7GB, Spindle, WE, Blank, Ink Jet/Thermal, 20/Spindle",0.49,United States,West,Arizona,Peoria,85345,2015-01-17,2015-01-19,67.59999999999992,3,353.1,87726,428,False,True,False,William,2,2015-01-01,Jan,3,Saturday,Q1,347.37,17.3685,0.19144718210138748,False,-0.29855281789861254,4-6%,100-500,2-3 days,3,AZ
20855,Not Specified,0.09,27.75,19.99,750,Jordan Wilkinson,Regular Air,Corporate,Office Supplies,Storage & Organization,Small Box,Fellowes Super Stor/Drawer®,0.67,United States,South,Kentucky,Florence,41042,2015-01-12,2015-01-13,-224.644,10,257.52,91200,429,False,False,False,Sam,1,2015-01-01,Jan,3,Monday,Q1,277.5,24.974999999999998,-0.872336129232681,True,-1.5423361292326812,7-9%,100-500,Same/next day,5,KY
23629,Low,0.06,130.98,54.74,751,David Wrenn,Delivery Truck,Corporate,Furniture,Bookcases,Jumbo Box,"O'Sullivan Elevations Bookcase, Cherry Finish",0.69,United States,South,Kentucky,Georgetown,40324,2015-02-27,2015-03-06,14.76,3,411.64,91201,430,False,False,False,Sam,7,2015-02-01,Feb,9,Friday,Q1,392.93999999999994,23.576399999999996,0.035856573705179286,False,-0.6541434262948207,4-6%,100-500,4-7 days,4,KY
19679,Critical,0.06,2.61,0.5,753,Elisabeth Massey,Express Air,Corporate,Office Supplies,Labels,Small Box,Avery 479,0.39,United States,West,Arizona,Prescott,86301,2015-03-11,2015-03-11,10.85,1,17.59,90438,431,False,False,False,William,0,2015-03-01,Mar,11,Wednesday,Q1,2.61,0.1566,0.6168277430358158,False,0.22682774303581577,4-6%,<100,Same/next day,1,AZ
19680,Critical,0.01,6.35,1.02,753,Elisabeth Massey,Regular Air,Corporate,Office Supplies,Paper,Wrap Bag,"Telephone Message Books with Fax/Mobile Section, 5 1/2"" x 3 3/16""",0.39,United States,West,Arizona,Prescott,86301,2015-03-11,2015-03-13,97.66259999999998,22,141.54,90438,432,False,False,False,William,2,2015-03-01,Mar,11,Wednesday,Q1,139.7,1.397,0.69,False,0.29999999999999993,1-3%,100-500,2-3 days,1,AZ
25291,High,0.06,218.75,69.64,754,Helen Lyons,Delivery Truck,Corporate,Furniture,Tables,Jumbo Box,BoxOffice By Design Rectangular and Half-Moon Meeting Room Tables,0.77,United States,West,Arizona,Prescott Valley,86314,2015-06-04,2015-06-05,-453.2,4,905.4,90437,433,False,False,False,William,1,2015-06-01,Jun,23,Thursday,Q2,875.0,52.5,-0.5005522421029379,True,-1.270552242102938,4-6%,500-2k,Same/next day,2,AZ
25117,Low,0.06,119.99,14.0,754,Helen Lyons,Delivery Truck,Consumer,Technology,Office Machines,Jumbo Drum,Epson C82 Color Inkjet Printer,0.36,United States,West,Arizona,Prescott Valley,86314,2015-04-12,2015-04-19,-207.679788,2,243.86,90439,434,False,False,False,William,7,2015-04-01,Apr,15,Sunday,Q2,239.98,14.3988,-0.8516353153448699,True,-1.21163531534487,4-6%,100-500,4-7 days,4,AZ
25856,Not Specified,0.03,37.94,5.08,757,Neil Hogan,Regular Air,Home Office,Office Supplies,Paper,Wrap Bag,"Snap-A-Way® Black Print Carbonless Ruled Speed Letter, Triplicate",0.38,United States,West,Oregon,Tualatin,97062,2015-02-11,2015-02-13,-7.524400000000001,1,39.97,90258,435,False,False,False,William,2,2015-02-01,Feb,7,Wednesday,Q1,37.94,1.1381999999999999,-0.18825118839129348,True,-0.5682511883912935,1-3%,<100,2-3 days,5,OR
21110,Low,0.0,20.99,3.3,759,Bernice F Day,Regular Air,Small Business,Technology,Telephones and Communication,Small Pack,Accessory39,0.81,United States,Central,Illinois,Quincy,62301,2015-05-29,2015-06-05,-92.96100000000001,5,92.96,86639,436,False,False,False,Chris,7,2015-05-01,May,22,Friday,Q2,104.94999999999999,0.0,-1.0000107573149744,True,-1.8100107573149744,0%,<100,4-7 days,4,IL
20377,Not Specified,0.0,125.99,8.99,762,Stuart Holloway,Regular Air,Small Business,Technology,Telephones and Communication,Small Box,5170i,0.57,United States,West,Washington,Vancouver,98661,2015-04-27,2015-04-29,613.89576,12,1362.2,87525,437,False,False,False,William,2,2015-04-01,Apr,18,Monday,Q2,1511.8799999999999,0.0,0.450664924387021,False,-0.11933507561297896,0%,500-2k,2-3 days,5,WA
18735,Critical,0.1,31.78,1.99,767,Jeffrey Mueller,Regular Air,Corporate,Technology,Computer Peripherals,Small Pack,"Memorex 4.7GB DVD-RAM, 3/Pack",0.42,United States,Central,Illinois,Rock Island,61201,2015-01-30,2015-02-01,232.28159999999997,11,336.64,86279,438,False,False,False,Chris,2,2015-01-01,Jan,5,Friday,Q1,349.58000000000004,34.958000000000006,0.69,False,0.26999999999999996,10%+,100-500,2-3 days,1,IL
18659,Critical,0.08,30.73,4.0,770,Geraldine Puckett,Regular Air,Small Business,Technology,Computer Peripherals,Small Box,Fellowes 17-key keypad for PS/2 interface,0.75,United States,West,Oregon,Tualatin,97062,2015-03-19,2015-03-19,-45.07,14,429.33,88667,439,False,True,False,William,0,2015-03-01,Mar,12,Thursday,Q1,430.22,34.4176,-0.10497752311741551,True,-0.8549775231174155,7-9%,100-500,Same/next day,1,OR
18660,Critical,0.05,14.56,3.5,771,Deborah Paul,Regular Air,Small Business,Office Supplies,Appliances,Small Box,Acco 6 Outlet Guardian Premium Surge Suppressor,0.58,United States,West,Oregon,West Linn,97068,2015-03-19,2015-03-21,-8.53,3,44.66,88667,440,False,True,False,William,2,2015-03-01,Mar,12,Thursday,Q1,43.68,2.184,-0.1909986565158979,True,-0.7709986565158978,4-6%,<100,2-3 days,1,OR
18661,Critical,0.0,299.99,11.64,771,Deborah Paul,Regular Air,Small Business,Technology,Copiers and Fax,Large Box,Brother DCP1000 Digital 3 in 1 Multifunction Machine,0.5,United States,West,Oregon,West Linn,97068,2015-03-19,2015-03-21,285.95,5,1619.95,88667,441,False,True,False,William,2,2015-03-01,Mar,12,Thursday,Q1,1499.95,0.0,0.17651779375906662,False,-0.3234822062409334,0%,500-2k,2-3 days,1,OR
22875,Critical,0.08,7.77,9.23,772,Jean Webster,Regular Air,Small Business,Office Supplies,Appliances,Small Box,Hoover Commercial Soft Guard Upright Vacuum And Disposable Filtration Bags,0.58,United States,East,Pennsylvania,Allentown,18103,2015-01-14,2015-01-16,-209.25,7,56.44,88666,442,False,False,False,Erin,2,2015-01-01,Jan,3,Wednesday,Q1,54.39,4.3512,-3.7074769666902907,True,-4.28747696669029,7-9%,<100,2-3 days,1,PA
22877,Critical,0.1,18.97,9.54,772,Jean Webster,Express Air,Small Business,Office Supplies,Paper,Small Box,Xerox 1939,0.37,United States,East,Pennsylvania,Allentown,18103,2015-01-14,2015-01-16,-9.163599999999999,3,56.73,88666,443,False,False,False,Erin,2,2015-01-01,Jan,3,Wednesday,Q1,56.91,5.691,-0.16153005464480874,True,-0.5315300546448087,10%+,<100,2-3 days,1,PA
20967,Low,0.02,4.06,6.89,772,Jean Webster,Express Air,Small Business,Office Supplies,Appliances,Small Box,Eureka Disposable Bags for Sanitaire® Vibra Groomer I® Upright Vac,0.6,United States,East,Pennsylvania,Allentown,18103,2015-05-17,2015-05-21,12.706000000000017,12,64.41,88668,444,False,False,False,Erin,4,2015-05-01,May,20,Sunday,Q2,48.72,0.9744,0.19726750504580062,False,-0.4027324949541994,1-3%,<100,4-7 days,4,PA
20968,Low,0.07,9.49,5.76,772,Jean Webster,Regular Air,Small Business,Technology,Office Machines,Medium Box,"Sharp EL501VB Scientific Calculator, Battery Operated, 10-Digit Display, Hard Case",0.39,United States,East,Pennsylvania,Allentown,18103,2015-05-17,2015-05-21,7.7151600000000045,37,344.57,88668,445,False,False,False,Erin,4,2015-05-01,May,20,Sunday,Q2,351.13,24.5791,0.022390689845314463,False,-0.36760931015468556,7-9%,100-500,4-7 days,4,PA
20434,High,0.04,34.76,5.49,782,Sarah N Becker,Regular Air,Small Business,Office Supplies,Storage & Organization,Small Box,Home/Office Personal File Carts,0.6,United States,West,California,Whittier,90604,2015-04-29,2015-04-30,192.5169,8,279.01,90962,446,False,False,False,William,1,2015-04-01,Apr,18,Wednesday,Q2,278.08,11.123199999999999,0.69,False,0.08999999999999997,4-6%,100-500,Same/next day,2,CA
24773,Low,0.02,100.98,35.84,783,Carlos Byrd,Delivery Truck,Small Business,Furniture,Bookcases,Jumbo Box,"Bush Westfield Collection Bookcases, Fully Assembled",0.62,United States,East,Connecticut,Bristol,06010,2015-01-06,2015-01-06,-134.912,6,614.99,90961,447,False,False,False,Erin,0,2015-01-01,Jan,2,Tuesday,Q1,605.88,12.1176,-0.2193726727263858,True,-0.8393726727263858,1-3%,500-2k,Same/next day,4,CT
22969,Medium,0.0,8.34,4.82,786,Jason Bray,Regular Air,Home Office,Office Supplies,Paper,Small Box,Southworth 25% Cotton Antique Laid Paper & Envelopes,0.4,United States,West,California,Mission Viejo,92691,2015-04-06,2015-04-07,-5.05,9,76.23,91513,448,False,False,False,William,1,2015-04-01,Apr,15,Monday,Q2,75.06,0.0,-0.06624688442870261,True,-0.46624688442870266,0%,<100,Same/next day,3,CA
24629,Not Specified,0.09,6.48,9.68,792,Holly Pate,Regular Air,Corporate,Office Supplies,Paper,Small Box,Xerox 1993,0.36,United States,Central,Oklahoma,Mustang,73064,2015-06-21,2015-06-22,-204.16,16,99.92,88753,449,False,False,False,Chris,1,2015-06-01,Jun,25,Sunday,Q2,103.68,9.3312,-2.043234587670136,True,-2.403234587670136,7-9%,<100,Same/next day,5,OK
18347,Not Specified,0.06,8.6,6.19,796,Amanda Conner,Regular Air,Corporate,Office Supplies,Binders and Binder Accessories,Small Box,Avery Printable Repositionable Plastic Tabs,0.38,United States,Central,Nebraska,Papillion,68046,2015-03-11,2015-03-12,-46.115,9,79.4,86867,450,False,False,False,Chris,1,2015-03-01,Mar,11,Wednesday,Q1,77.39999999999999,4.643999999999999,-0.580793450881612,True,-0.960793450881612,4-6%,<100,Same/next day,5,NE
18184,Not Specified,0.1,14.42,6.75,796,Amanda Conner,Regular Air,Corporate,Office Supplies,Appliances,Medium Box,Holmes Odor Grabber,0.52,United States,Central,Nebraska,Papillion,68046,2015-06-19,2015-06-22,-20.104,1,15.49,86869,451,False,False,False,Chris,3,2015-06-01,Jun,25,Friday,Q2,14.42,1.4420000000000002,-1.297869593285991,True,-1.817869593285991,10%+,<100,2-3 days,5,NE
19011,Not Specified,0.04,9.11,2.25,797,Eileen Riddle,Regular Air,Corporate,Office Supplies,Pens & Art Supplies,Wrap Bag,Dixon Ticonderoga Core-Lock Colored Pencils,0.52,United States,West,Utah,Roy,84067,2015-06-01,2015-06-04,-3.496,2,18.59,86868,452,False,False,False,William,3,2015-06-01,Jun,23,Monday,Q2,18.22,0.7288,-0.18805809575040344,True,-0.7080580957504035,4-6%,<100,2-3 days,5,UT
19012,Not Specified,0.07,64.65,35.0,797,Eileen Riddle,Regular Air,Corporate,Office Supplies,Storage & Organization,Large Box,Space Solutions Commercial Steel Shelving,0.8,United States,West,Utah,Roy,84067,2015-06-01,2015-06-03,-717.072,13,834.08,86868,453,False,False,False,William,2,2015-06-01,Jun,23,Monday,Q2,840.45,58.831500000000005,-0.859716094379436,True,-1.659716094379436,7-9%,500-2k,2-3 days,5,UT
24851,Low,0.09,6.48,6.86,797,Eileen Riddle,Regular Air,Corporate,Office Supplies,Paper,Small Box,Xerox 204,0.37,United States,West,Utah,Roy,84067,2015-03-06,2015-03-08,-62.23,8,50.88,86870,454,False,False,False,William,2,2015-03-01,Mar,10,Friday,Q1,51.84,4.6656,-1.223073899371069,True,-1.5930738993710691,7-9%,<100,2-3 days,4,UT
20001,Not Specified,0.01,150.98,30.0,799,Lee McKenna Gregory,Delivery Truck,Consumer,Furniture,Chairs & Chairmats,Jumbo Drum,Novimex Swivel Fabric Task Chair,0.74,United States,South,South Carolina,Hilton Head Island,29915,2015-01-06,2015-01-08,131.382,6,958.46,89909,455,False,False,False,Sam,2,2015-01-01,Jan,2,Tuesday,Q1,905.8799999999999,9.0588,0.13707614297936271,False,-0.6029238570206372,1-3%,500-2k,2-3 days,5,SC
20002,Not Specified,0.01,28.28,13.99,799,Lee McKenna Gregory,Express Air,Consumer,Office Supplies,Storage & Organization,Medium Box,Eldon Portable Mobile Manager,0.58,United States,South,South Carolina,Hilton Head Island,29915,2015-01-06,2015-01-08,-89.292,12,368.84,89909,456,False,False,False,Sam,2,2015-01-01,Jan,2,Tuesday,Q1,339.36,3.3936,-0.2420887105520009,True,-0.8220887105520008,1-3%,100-500,2-3 days,5,SC
20003,Not Specified,0.03,35.99,1.1,799,Lee McKenna Gregory,Regular Air,Consumer,Technology,Telephones and Communication,Small Box,Accessory35,0.55,United States,South,South Carolina,Hilton Head Island,29915,2015-01-06,2015-01-07,-211.036,1,30.86,89909,457,False,False,False,Sam,1,2015-01-01,Jan,2,Tuesday,Q1,35.99,1.0797,-6.83849643551523,True,-7.38849643551523,1-3%,<100,Same/next day,5,SC
19265,Low,0.04,50.98,6.5,800,Cheryl Guthrie,Regular Air,Consumer,Technology,Computer Peripherals,Small Box,Microsoft Natural Multimedia Keyboard,0.73,United States,West,Utah,Roy,84067,2015-03-28,2015-04-03,-13.28,11,568.25,89910,458,False,False,False,William,6,2015-03-01,Mar,13,Saturday,Q1,560.78,22.4312,-0.023369995600527934,True,-0.7533699956005279,4-6%,500-2k,4-7 days,4,UT
19266,Low,0.02,6.48,5.14,800,Cheryl Guthrie,Regular Air,Consumer,Office Supplies,Paper,Small Box,Xerox 23,0.37,United States,West,Utah,Roy,84067,2015-03-28,2015-03-30,-48.68,19,126.66,89910,459,False,False,False,William,2,2015-03-01,Mar,13,Saturday,Q1,123.12,2.4624,-0.3843360176851413,True,-0.7543360176851412,1-3%,100-500,2-3 days,4,UT
22484,Medium,0.03,35.99,5.0,803,Marianne Goldstein,Regular Air,Small Business,Technology,Telephones and Communication,Small Box,Accessory27,0.85,United States,South,Florida,New Smyrna Beach,32168,2015-04-29,2015-04-30,-184.548,3,93.82,90048,460,False,False,False,Sam,1,2015-04-01,Apr,18,Wednesday,Q2,107.97,3.2390999999999996,-1.9670432743551483,True,-2.8170432743551483,1-3%,<100,Same/next day,3,FL
5722,Critical,0.06,179.99,13.99,806,Judy Singer,Express Air,Small Business,Technology,Telephones and Communication,Medium Box,VTech VT20-2481 2.4GHz Two-Line Phone System w/Answering Machine,0.57,United States,South,Florida,Miami,33132,2015-01-09,2015-01-11,1220.03784,54,8332.91,40547,461,False,False,False,Sam,2,2015-01-01,Jan,2,Friday,Q1,9719.460000000001,583.1676,0.14641197852850923,False,-0.4235880214714907,4-6%,2k-10k,2-3 days,1,FL
21942,Low,0.09,5.84,0.83,820,Catherine Mullins,Regular Air,Small Business,Office Supplies,Pens & Art Supplies,Wrap Bag,Avery Hi-Liter® Smear-Safe Highlighters,0.49,United States,West,Washington,Walla Walla,99362,2015-05-21,2015-05-25,-2.87,1,5.9,90244,462,False,False,False,William,4,2015-05-01,May,21,Thursday,Q2,5.84,0.5256,-0.4864406779661017,True,-0.9764406779661017,7-9%,<100,4-7 days,4,WA
20661,Low,0.04,6.24,5.22,823,Christian Albright,Regular Air,Small Business,Furniture,Office Furnishings,Small Box,Eldon Expressions Mahogany Wood Desk Collection,0.6,United States,South,Tennessee,Smyrna,37167,2015-01-12,2015-01-17,4.3809,13,80.23,89257,463,False,True,False,Sam,5,2015-01-01,Jan,3,Monday,Q1,81.12,3.2448,0.05460426274460924,False,-0.5453957372553907,4-6%,<100,4-7 days,4,TN
20663,Low,0.09,260.98,41.91,824,Joann Moser,Delivery Truck,Small Business,Furniture,Bookcases,Jumbo Box,"Atlantic Metals Mobile 3-Shelf Bookcases, Custom Colors",0.59,United States,South,Tennessee,Spring Hill,37174,2015-01-12,2015-01-19,-100.744,8,2044.9,89257,464,False,True,False,Sam,7,2015-01-01,Jan,3,Monday,Q1,2087.84,187.9056,-0.04926597877646829,True,-0.6392659787764683,7-9%,2k-10k,4-7 days,4,TN
21350,Critical,0.0,11.97,4.98,825,Marvin Hunt,Regular Air,Home Office,Office Supplies,Appliances,Small Box,Staples 6 Outlet Surge,0.58,United States,Central,Texas,Abilene,79605,2015-05-21,2015-05-24,3.384000000000004,4,53.3,89258,465,False,False,False,Chris,3,2015-05-01,May,21,Thursday,Q2,47.88,0.0,0.06348968105065673,False,-0.5165103189493432,0%,<100,2-3 days,1,TX
24842,Medium,0.01,6.98,1.6,827,Sheryl Marsh,Regular Air,Home Office,Office Supplies,Paper,Wrap Bag,"Adams Phone Message Book, Professional, 400 Message Capacity, 5 3/6” x 11”",0.38,United States,Central,Texas,Amarillo,79109,2015-05-25,2015-05-26,0.3460000000000001,3,21.93,89259,466,False,False,False,Chris,1,2015-05-01,May,22,Monday,Q2,20.94,0.20940000000000003,0.01577747378020976,False,-0.36422252621979023,1-3%,<100,Same/next day,3,TX
24236,Not Specified,0.01,5.18,2.04,829,Monica Law Thompson,Regular Air,Corporate,Office Supplies,Paper,Wrap Bag,Array® Memo Cubes,0.36,United States,South,Arkansas,Texarkana,71854,2015-02-22,2015-02-24,-17.654,5,28.46,90271,467,False,False,False,Sam,2,2015-02-01,Feb,8,Sunday,Q1,25.9,0.259,-0.6203092059030217,True,-0.9803092059030217,1-3%,<100,2-3 days,5,AR
20664,High,0.01,14.42,6.75,830,Douglas Sutton,Regular Air,Corporate,Office Supplies,Appliances,Medium Box,Holmes Odor Grabber,0.52,United States,West,Colorado,Wheat Ridge,80033,2015-01-24,2015-01-24,-13.826,6,89.91,90270,468,False,False,False,William,0,2015-01-01,Jan,4,Saturday,Q1,86.52,0.8652,-0.1537759982204427,True,-0.6737759982204428,1-3%,<100,Same/next day,2,CO
19173,High,0.0,11.66,8.99,833,Gerald Love,Express Air,Corporate,Office Supplies,Pens & Art Supplies,Small Pack,Boston 16765 Mini Stand Up Battery Pencil Sharpener,0.59,United States,West,California,Gilroy,95020,2015-01-09,2015-01-11,-203.67000000000002,11,138.51,89770,469,False,False,False,William,2,2015-01-01,Jan,2,Friday,Q1,128.26,0.0,-1.4704353476283303,True,-2.06043534762833,0%,100-500,2-3 days,2,CA
19383,Not Specified,0.07,6.08,0.91,850,Jesse Hutchinson,Regular Air,Corporate,Office Supplies,Pens & Art Supplies,Wrap Bag,Zebra Zazzle Fluorescent Highlighters,0.51,United States,West,California,Goleta,93117,2015-03-07,2015-03-08,19.57,7,41.96,88569,470,False,True,False,William,1,2015-03-01,Mar,10,Saturday,Q1,42.56,2.9792000000000005,0.4663965681601525,False,-0.043603431839847495,7-9%,<100,Same/next day,5,CA
20604,Low,0.1,50.98,22.24,851,Helen H Heller,Regular Air,Corporate,Furniture,Office Furnishings,Large Box,"Dana Fluorescent Magnifying Lamp, White, 36""",0.55,United States,West,California,Hacienda Heights,91745,2015-02-25,2015-02-27,98.12,6,300.63,88568,471,False,False,False,William,2,2015-02-01,Feb,9,Wednesday,Q1,305.88,30.588,0.3263812660080498,False,-0.22361873399195026,10%+,100-500,2-3 days,4,CA
19384,Not Specified,0.08,19.9,5.29,851,Helen H Heller,Regular Air,Corporate,Office Supplies,Appliances,Medium Box,"Holmes Cool Mist Humidifier for the Whole House with 8-Gallon Output per Day, Extended Life Filter",0.4,United States,West,California,Hacienda Heights,91745,2015-03-07,2015-03-09,107.11,13,240.46,88569,472,False,True,False,William,2,2015-03-01,Mar,10,Saturday,Q1,258.7,20.695999999999998,0.44543791067121347,False,0.045437910671213444,7-9%,100-500,2-3 days,5,CA
19385,Not Specified,0.02,3.36,6.27,851,Helen H Heller,Regular Air,Corporate,Office Supplies,Binders and Binder Accessories,Small Box,Cardinal Poly Pocket Divider Pockets for Ring Binders,0.4,United States,West,California,Hacienda Heights,91745,2015-03-07,2015-03-09,-216.154,21,74.08,88569,473,False,True,False,William,2,2015-03-01,Mar,10,Saturday,Q1,70.56,1.4112,-2.917845572354212,True,-3.3178455723542117,1-3%,<100,2-3 days,5,CA
21353,Critical,0.06,1.26,0.7,851,Helen H Heller,Regular Air,Corporate,Office Supplies,Rubber Bands,Wrap Bag,Bagged Rubber Bands,0.81,United States,West,California,Hacienda Heights,91745,2015-04-30,2015-04-30,-6.6096,4,5.28,88571,474,False,True,False,William,0,2015-04-01,Apr,18,Thursday,Q2,5.04,0.3024,-1.2518181818181817,True,-2.0618181818181816,4-6%,<100,Same/next day,1,CA
26093,High,0.05,4.24,5.41,853,Leah Davenport,Regular Air,Small Business,Office Supplies,Binders and Binder Accessories,Small Box,Storex DuraTech Recycled Plastic Frosted Binders,0.35,United States,West,California,Hesperia,92345,2015-03-16,2015-03-18,-89.217,12,50.83,88570,475,False,False,False,William,2,2015-03-01,Mar,12,Monday,Q1,50.88,2.5440000000000005,-1.7552036199095022,True,-2.1052036199095023,4-6%,<100,2-3 days,2,CA
21351,Critical,0.06,1.76,0.7,854,Karen Hendricks,Regular Air,Corporate,Office Supplies,Pens & Art Supplies,Wrap Bag,Newell 310,0.56,United States,East,Connecticut,Branford,06405,2015-04-30,2015-05-02,1.2236,22,39.26,88571,476,False,True,False,Erin,2,2015-04-01,Apr,18,Thursday,Q2,38.72,2.3232,0.031166581762608253,False,-0.5288334182373918,4-6%,<100,2-3 days,1,CT
21352,Critical,0.02,24.98,8.79,855,Jacob Lanier,Regular Air,Corporate,Office Supplies,Storage & Organization,Small Box,2300 Heavy-Duty Transfer File Systems by Perma,0.66,United States,East,Connecticut,Danbury,06810,2015-04-30,2015-05-01,4.3148,23,606.51,88571,477,False,True,False,Erin,1,2015-04-01,Apr,18,Thursday,Q2,574.54,11.4908,0.007114144861585135,False,-0.6528858551384149,1-3%,500-2k,Same/next day,1,CT
21354,Critical,0.05,35.99,5.99,858,Arthur Brady,Express Air,Corporate,Technology,Telephones and Communication,Wrap Bag,Accessory41,0.38,United States,East,Maine,Lewiston,04240,2015-04-30,2015-05-02,-125.83296,2,64.89,88571,478,False,True,False,Erin,2,2015-04-01,Apr,18,Thursday,Q2,71.98,3.599,-1.9391733703190013,True,-2.3191733703190014,4-6%,<100,2-3 days,1,ME
21214,Critical,0.03,14.2,5.3,865,Dana Burgess,Regular Air,Corporate,Furniture,Office Furnishings,Wrap Bag,Coloredge Poster Frame,0.46,United States,Central,Indiana,East Chicago,46312,2015-05-27,2015-05-28,122.21,18,267.2,90674,479,False,False,False,Chris,1,2015-05-01,May,22,Wednesday,Q2,255.6,7.667999999999999,0.45737275449101794,False,-0.002627245508982079,1-3%,100-500,Same/next day,1,IN
19947,Low,0.04,6.48,5.16,865,Dana Burgess,Express Air,Corporate,Office Supplies,Paper,Small Box,Xerox 1985,0.37,United States,Central,Indiana,East Chicago,46312,2015-02-26,2015-03-02,-11.1332,12,86.79,90675,480,False,False,False,Chris,4,2015-02-01,Feb,9,Thursday,Q1,77.76,3.1104000000000003,-0.1282774513192764,True,-0.49827745131927637,4-6%,<100,4-7 days,4,IN
24774,Not Specified,0.04,29.18,8.55,868,Sharon Ellis,Express Air,Corporate,Furniture,Office Furnishings,Small Box,"Deflect-o SuperTray™ Unbreakable Stackable Tray, Letter, Black",0.42,United States,Central,Minnesota,Shoreview,55126,2015-02-25,2015-02-27,201.7353,10,292.37,91194,481,False,False,False,Chris,2,2015-02-01,Feb,9,Wednesday,Q1,291.8,11.672,0.69,False,0.26999999999999996,4-6%,100-500,2-3 days,5,MN
24775,Not Specified,0.0,80.98,35.0,868,Sharon Ellis,Regular Air,Corporate,Office Supplies,Storage & Organization,Large Box,"Carina 42""Hx23 3/4""W Media Storage Unit",0.83,United States,Central,Minnesota,Shoreview,55126,2015-02-25,2015-02-27,-684.78,8,682.79,91194,482,False,False,False,Chris,2,2015-02-01,Feb,9,Wednesday,Q1,647.84,0.0,-1.0029145125148289,True,-1.832914512514829,0%,500-2k,2-3 days,5,MN
24763,Critical,0.06,6.48,8.88,868,Sharon Ellis,Regular Air,Corporate,Office Supplies,Paper,Small Box,Xerox 224,0.37,United States,Central,Minnesota,Shoreview,55126,2015-03-06,2015-03-07,-237.47,20,125.77,91195,483,False,False,False,Chris,1,2015-03-01,Mar,10,Friday,Q1,129.60000000000002,7.776000000000001,-1.8881291245925103,True,-2.2581291245925104,4-6%,100-500,Same/next day,1,MN
24764,Critical,0.09,349.45,60.0,868,Sharon Ellis,Delivery Truck,Corporate,Furniture,Tables,Jumbo Drum,"SAFCO PlanMaster Heigh-Adjustable Drafting Table Base, 43w x 30d x 30-37h, Black",0.68,United States,Central,Minnesota,Shoreview,55126,2015-03-06,2015-03-07,-2946.051,12,3918.98,91195,484,True,False,False,Chris,1,2015-03-01,Mar,10,Friday,Q1,4193.4,377.40599999999995,-0.7517392280644453,True,-1.4317392280644454,7-9%,2k-10k,Same/next day,1,MN
25507,Not Specified,0.03,14.2,5.3,871,Sandy Ellington,Regular Air,Home Office,Furniture,Office Furnishings,Wrap Bag,Coloredge Poster Frame,0.46,United States,West,Nevada,Reno,89502,2015-03-15,2015-03-17,21.5556,2,31.24,90577,485,False,False,False,William,2,2015-03-01,Mar,11,Sunday,Q1,28.4,0.852,0.69,False,0.22999999999999993,1-3%,<100,2-3 days,5,NV
22547,Not Specified,0.01,5.94,9.92,871,Sandy Ellington,Regular Air,Home Office,Office Supplies,Binders and Binder Accessories,Small Box,Storex Dura Pro™ Binders,0.38,United States,West,Nevada,Reno,89502,2015-05-20,2015-05-23,-239.315,12,74.77,90578,486,False,False,False,William,3,2015-05-01,May,21,Wednesday,Q2,71.28,0.7128,-3.2006820917480274,True,-3.5806820917480273,1-3%,<100,2-3 days,5,NV
22548,Not Specified,0.0,6.48,5.11,871,Sandy Ellington,Regular Air,Home Office,Office Supplies,Paper,Small Box,Xerox 231,0.37,United States,West,Nevada,Reno,89502,2015-05-20,2015-05-22,-33.31,18,127.81,90578,487,False,False,False,William,2,2015-05-01,May,21,Wednesday,Q2,116.64000000000001,0.0,-0.26062123464517645,True,-0.6306212346451765,0%,100-500,2-3 days,5,NV
19262,High,0.04,4.37,5.15,875,Erika Fink,Regular Air,Small Business,Office Supplies,Appliances,Small Box,"Eureka Sanitaire ® Multi-Pro Heavy-Duty Upright, Disposable Bags",0.59,United States,West,Utah,Salt Lake City,84106,2015-02-21,2015-02-22,-74.47959999999999,18,78.59,89059,488,False,False,False,William,1,2015-02-01,Feb,8,Saturday,Q1,78.66,3.1464,-0.94769818043008,True,-1.53769818043008,4-6%,<100,Same/next day,2,UT
19263,High,0.09,155.99,8.99,875,Erika Fink,Regular Air,Small Business,Technology,Telephones and Communication,Small Box,CF 688,0.58,United States,West,Utah,Salt Lake City,84106,2015-02-21,2015-02-23,-232.22056000000003,4,497.11,89059,489,False,False,False,William,2,2015-02-01,Feb,8,Saturday,Q1,623.96,56.1564,-0.4671411961135363,True,-1.0471411961135362,7-9%,100-500,2-3 days,2,UT
18054,Critical,0.07,5.68,1.39,880,Ellen Beck,Regular Air,Small Business,Office Supplies,Envelopes,Small Box,Staples Standard Envelopes,0.38,United States,West,Arizona,Scottsdale,85254,2015-03-25,2015-03-27,18.6438,5,27.02,86153,490,False,False,False,William,2,2015-03-01,Mar,13,Wednesday,Q1,28.4,1.988,0.69,False,0.30999999999999994,7-9%,<100,2-3 days,1,AZ
18055,Critical,0.06,22.84,11.54,880,Ellen Beck,Regular Air,Small Business,Office Supplies,Paper,Small Box,Xerox 1964,0.39,United States,West,Arizona,Scottsdale,85254,2015-03-25,2015-03-27,-31.24,1,27.67,86153,491,False,False,False,William,2,2015-03-01,Mar,13,Wednesday,Q1,22.84,1.3703999999999998,-1.1290205999277194,True,-1.5190205999277193,4-6%,<100,2-3 days,1,AZ
19401,Critical,0.06,25.98,14.36,885,Malcolm Robertson,Delivery Truck,Corporate,Furniture,Chairs & Chairmats,Jumbo Drum,"Global Stack Chair without Arms, Black",0.6,United States,Central,Texas,Amarillo,79109,2015-05-24,2015-05-25,55.888000000000034,41,1033.56,89537,492,False,False,False,Chris,1,2015-05-01,May,21,Sunday,Q2,1065.18,63.9108,0.05407330005031158,False,-0.5459266999496883,4-6%,500-2k,Same/next day,1,TX
26011,Critical,0.08,1.81,0.75,890,Billie Fowler,Regular Air,Consumer,Furniture,Chairs & Chairmats,Jumbo Drum,"Metal Folding Chairs, Beige, 4/Carton",0.58,United States,Central,Texas,Bedford,76021,2015-01-05,2015-01-06,1.3224,11,19.97,89536,493,False,False,False,Chris,1,2015-01-01,Jan,2,Monday,Q1,19.91,1.5928,0.06621932899349024,False,-0.5137806710065097,7-9%,<100,Same/next day,1,TX
26015,Critical,0.04,125.99,5.26,890,Billie Fowler,Regular Air,Consumer,Technology,Telephones and Communication,Small Box,232,0.55,United States,Central,Texas,Bedford,76021,2015-01-05,2015-01-05,455.42069999999995,6,660.03,89536,494,False,False,False,Chris,0,2015-01-01,Jan,2,Monday,Q1,755.9399999999999,30.237599999999997,0.69,False,0.1399999999999999,4-6%,500-2k,Same/next day,1,TX
2045,Critical,0.01,8.34,0.96,894,Gail Rankin Cole,Regular Air,Corporate,Furniture,Office Furnishings,Wrap Bag,Document Clip Frames,0.43,United States,East,District of Columbia,Washington,20024,2015-01-10,2015-01-12,29.332,24,199.12,14596,495,False,False,False,Erin,2,2015-01-01,Jan,2,Saturday,Q1,200.16,2.0016,0.14730815588589796,False,-0.28269184411410203,1-3%,100-500,2-3 days,1,DC
2046,Critical,0.06,3.28,3.97,894,Gail Rankin Cole,Regular Air,Corporate,Office Supplies,Pens & Art Supplies,Wrap Bag,Newell 337,0.56,United States,East,District of Columbia,Washington,20024,2015-01-10,2015-01-11,-86.0,19,63.14,14596,496,False,False,False,Erin,1,2015-01-01,Jan,2,Saturday,Q1,62.31999999999999,3.7391999999999994,-1.3620525815647766,True,-1.9220525815647767,4-6%,<100,Same/next day,1,DC
5421,Low,0.02,1.14,0.7,894,Gail Rankin Cole,Regular Air,Corporate,Office Supplies,Rubber Bands,Wrap Bag,OIC Thumb-Tacks,0.38,United States,East,District of Columbia,Washington,20024,2015-02-02,2015-02-02,-0.49,38,44.85,38529,497,False,False,False,Erin,0,2015-02-01,Feb,6,Monday,Q1,43.31999999999999,0.8663999999999998,-0.01092530657748049,True,-0.3909253065774805,1-3%,<100,Same/next day,4,DC
20045,Critical,0.01,8.34,0.96,896,Jennifer Siegel,Regular Air,Corporate,Furniture,Office Furnishings,Wrap Bag,Document Clip Frames,0.43,United States,Central,Texas,Denton,76201,2015-01-10,2015-01-12,34.3482,6,49.78,90166,498,False,False,False,Chris,2,2015-01-01,Jan,2,Saturday,Q1,50.04,0.5004,0.69,False,0.25999999999999995,1-3%,<100,2-3 days,1,TX
20046,Critical,0.06,3.28,3.97,896,Jennifer Siegel,Regular Air,Corporate,Office Supplies,Pens & Art Supplies,Wrap Bag,Newell 337,0.56,United States,Central,Texas,Denton,76201,2015-01-10,2015-01-11,-66.65,5,16.62,90166,499,False,False,False,Chris,1,2015-01-01,Jan,2,Saturday,Q1,16.4,0.9839999999999999,-4.0102286401925396,True,-4.570228640192539,4-6%,<100,Same/next day,1,TX
19470,Critical,0.06,47.98,3.61,896,Jennifer Siegel,Regular Air,Corporate,Technology,Computer Peripherals,Small Pack,"DS/HD IBM Formatted Diskettes, 200/Pack - Staples",0.71,United States,Central,Texas,Denton,76201,2015-06-20,2015-06-22,35.955,11,517.68,90167,500,False,False,False,Chris,2,2015-06-01,Jun,25,Saturday,Q2,527.78,31.6668,0.06945410292072322,False,-0.6405458970792768,4-6%,500-2k,2-3 days,1,TX
4724,High,0.04,90.97,28.0,898,Harriet Hodges,Delivery Truck,Small Business,Technology,Office Machines,Jumbo Drum,Lexmark Z55se Color Inkjet Printer,0.38,United States,East,New York,New York City,10039,2015-01-12,2015-01-13,-173.0952,6,573.31,33635,501,False,False,False,Erin,1,2015-01-01,Jan,3,Monday,Q1,545.8199999999999,21.8328,-0.3019225201025624,True,-0.6819225201025624,4-6%,500-2k,Same/next day,2,NY
4725,High,0.07,20.34,35.0,898,Harriet Hodges,Regular Air,Small Business,Office Supplies,Storage & Organization,Large Box,Tennsco Commercial Shelving,0.84,United States,East,New York,New York City,10039,2015-01-12,2015-01-13,-96.16,5,140.23,33635,502,False,False,False,Erin,1,2015-01-01,Jan,3,Monday,Q1,101.7,7.119000000000001,-0.6857305854667333,True,-1.5257305854667331,7-9%,100-500,Same/next day,2,NY
1311,Not Specified,0.02,12.53,0.49,898,Harriet Hodges,Regular Air,Small Business,Office Supplies,Labels,Small Box,Round Specialty Laser Printer Labels,0.38,United States,East,New York,New York City,10039,2015-01-27,2015-01-27,263.4,47,594.44,9606,503,False,False,False,Erin,0,2015-01-01,Jan,5,Tuesday,Q1,588.91,11.7782,0.4431061166812461,False,0.0631061166812461,1-3%,500-2k,Same/next day,5,NY
1312,Not Specified,0.07,5.18,2.04,898,Harriet Hodges,Express Air,Small Business,Office Supplies,Paper,Wrap Bag,Array® Memo Cubes,0.36,United States,East,New York,New York City,10039,2015-01-27,2015-01-29,37.31,44,228.5,9606,504,False,False,False,Erin,2,2015-01-01,Jan,5,Tuesday,Q1,227.92,15.954400000000001,0.16328227571115975,False,-0.19671772428884024,7-9%,100-500,2-3 days,5,NY
22724,High,0.04,90.97,28.0,899,Jordan Berry,Delivery Truck,Small Business,Technology,Office Machines,Jumbo Drum,Lexmark Z55se Color Inkjet Printer,0.38,United States,East,Pennsylvania,Altoona,16602,2015-01-12,2015-01-13,-173.0952,2,191.1,86263,505,False,False,False,Erin,1,2015-01-01,Jan,3,Monday,Q1,181.94,7.2776,-0.9057833594976452,True,-1.2857833594976453,4-6%,100-500,Same/next day,2,PA
22725,High,0.07,20.34,35.0,899,Jordan Berry,Regular Air,Small Business,Office Supplies,Storage & Organization,Large Box,Tennsco Commercial Shelving,0.84,United States,East,Pennsylvania,Altoona,16602,2015-01-12,2015-01-13,-96.16,1,28.05,86263,506,False,False,False,Erin,1,2015-01-01,Jan,3,Monday,Q1,20.34,1.4238000000000002,-3.428163992869875,True,-4.268163992869875,7-9%,<100,Same/next day,2,PA
19311,Not Specified,0.02,12.53,0.49,899,Jordan Berry,Regular Air,Small Business,Office Supplies,Labels,Small Box,Round Specialty Laser Printer Labels,0.38,United States,East,Pennsylvania,Altoona,16602,2015-01-27,2015-01-27,104.7213,12,151.77,86264,507,False,False,False,Erin,0,2015-01-01,Jan,5,Tuesday,Q1,150.35999999999999,3.0071999999999997,0.69,False,0.30999999999999994,1-3%,100-500,Same/next day,5,PA
19312,Not Specified,0.07,5.18,2.04,899,Jordan Berry,Express Air,Small Business,Office Supplies,Paper,Wrap Bag,Array® Memo Cubes,0.36,United States,East,Pennsylvania,Altoona,16602,2015-01-27,2015-01-29,37.31,11,57.13,86264,508,False,False,False,Erin,2,2015-01-01,Jan,5,Tuesday,Q1,56.98,3.9886000000000004,0.653071941186767,False,0.29307194118676705,7-9%,<100,2-3 days,5,PA
24981,Not Specified,0.0,5.98,1.49,903,Francis Spivey,Regular Air,Consumer,Office Supplies,Binders and Binder Accessories,Small Box,Avery Hanging File Binders,0.39,United States,East,Massachusetts,Wilmington,01887,2015-03-12,2015-03-14,80.67479999999999,18,116.92,90806,509,False,False,False,Erin,2,2015-03-01,Mar,11,Thursday,Q1,107.64000000000001,0.0,0.69,False,0.29999999999999993,0%,100-500,2-3 days,5,MA
22288,Critical,0.09,35.99,5.99,907,Rachel Casey,Regular Air,Home Office,Technology,Telephones and Communication,Wrap Bag,Accessory41,0.38,United States,South,Kentucky,Henderson,42420,2015-02-26,2015-02-27,114.3165,5,151.6,86459,510,False,False,False,Sam,1,2015-02-01,Feb,9,Thursday,Q1,179.95000000000002,16.195500000000003,0.754066622691293,False,0.374066622691293,7-9%,100-500,Same/next day,1,KY
21345,Medium,0.09,2.6,2.4,907,Rachel Casey,Regular Air,Home Office,Office Supplies,Pens & Art Supplies,Wrap Bag,12 Colored Short Pencils,0.58,United States,South,Kentucky,Henderson,42420,2015-06-17,2015-06-19,1107.408,12,31.73,86460,511,False,False,False,Sam,2,2015-06-01,Jun,25,Wednesday,Q2,31.200000000000003,2.8080000000000003,34.900976993381654,False,34.320976993381656,7-9%,<100,2-3 days,3,KY
19480,Critical,0.0,5.28,5.61,910,Carla Hauser,Regular Air,Corporate,Office Supplies,Paper,Small Box,Xerox 1954,0.4,United States,South,Arkansas,Texarkana,71854,2015-05-14,2015-05-14,-149.212,15,85.26,90187,512,False,False,False,Sam,0,2015-05-01,May,20,Thursday,Q2,79.2,0.0,-1.7500821018062396,True,-2.1500821018062397,0%,<100,Same/next day,1,AR
25356,Not Specified,0.05,7.64,5.83,911,Marsha P Joyner,Regular Air,Corporate,Office Supplies,Paper,Wrap Bag,"Rediform Wirebound ""Phone Memo"" Message Book, 11 x 5-3/4",0.36,United States,East,West Virginia,Wheeling,26003,2015-01-31,2015-02-02,-21.018,2,16.6,90185,513,False,False,False,Erin,2,2015-01-01,Jan,5,Saturday,Q1,15.28,0.764,-1.266144578313253,True,-1.6261445783132529,4-6%,<100,2-3 days,5,WV
25357,Not Specified,0.04,218.75,69.64,911,Marsha P Joyner,Delivery Truck,Corporate,Furniture,Tables,Jumbo Box,BoxOffice By Design Rectangular and Half-Moon Meeting Room Tables,0.72,United States,East,West Virginia,Wheeling,26003,2015-01-31,2015-02-01,-655.5298750000001,10,2285.41,90185,514,False,False,False,Erin,1,2015-01-01,Jan,5,Saturday,Q1,2187.5,87.5,-0.2868325048897135,True,-1.0068325048897135,4-6%,2k-10k,Same/next day,5,WV
24028,High,0.01,59.76,9.71,911,Marsha P Joyner,Regular Air,Corporate,Office Supplies,Storage & Organization,Small Box,"Advantus 10-Drawer Portable Organizer, Chrome Metal Frame, Smoke Drawers",0.57,United States,East,West Virginia,Wheeling,26003,2015-04-04,2015-04-06,354.32879999999994,8,513.52,90186,515,False,False,False,Erin,2,2015-04-01,Apr,14,Saturday,Q2,478.08,4.7808,0.69,False,0.12,1-3%,500-2k,2-3 days,2,WV
24953,High,0.06,350.98,30.0,915,Carol Sherrill,Delivery Truck,Home Office,Furniture,Chairs & Chairmats,Jumbo Drum,Office Star - Professional Matrix Back Chair with 2-to-1 Synchro Tilt and Mesh Fabric Seat,0.61,United States,Central,Texas,Bryan,77803,2015-01-04,2015-01-05,-489.4156,1,346.52,86356,516,False,False,False,Chris,1,2015-01-01,Jan,1,Sunday,Q1,350.98,21.0588,-1.4123733117857555,True,-2.0223733117857554,4-6%,100-500,Same/next day,2,TX
25833,Low,0.05,161.55,19.99,916,Marion Wilcox,Regular Air,Corporate,Office Supplies,Storage & Organization,Small Box,Fellowes Super Stor/Drawer® Files,0.66,United States,Central,Texas,Burleson,76028,2015-01-04,2015-01-11,35.31,3,499.31,86357,517,False,False,False,Chris,7,2015-01-01,Jan,1,Sunday,Q1,484.65000000000003,24.2325,0.07071759027457893,False,-0.5892824097254211,4-6%,100-500,4-7 days,4,TX
25676,High,0.05,35.51,6.31,918,Kerry Jernigan,Regular Air,Consumer,Office Supplies,Storage & Organization,Small Box,Steel Personal Filing/Posting Tote,0.58,United States,West,California,Rancho Cucamonga,91730,2015-04-12,2015-04-14,6.11,2,73.1,90492,518,False,True,False,William,2,2015-04-01,Apr,15,Sunday,Q2,71.02,3.551,0.08358413132694939,False,-0.49641586867305054,4-6%,<100,2-3 days,2,CA
19772,Critical,0.09,58.14,36.61,918,Kerry Jernigan,Delivery Truck,Corporate,Furniture,Bookcases,Jumbo Box,O'Sullivan 3-Shelf Heavy-Duty Bookcases,0.61,United States,West,California,Rancho Cucamonga,91730,2015-05-20,2015-05-21,187.41200000000026,39,2115.06,90493,519,False,False,False,William,1,2015-05-01,May,21,Wednesday,Q2,2267.46,204.07139999999998,0.08860836099212328,False,-0.5213916390078767,7-9%,2k-10k,Same/next day,1,CA
25677,High,0.1,8.34,2.64,919,Tracy Livingston,Regular Air,Consumer,Office Supplies,"Scissors, Rulers and Trimmers",Small Pack,Acme® Elite Stainless Steel Scissors,0.59,United States,West,California,Redding,96003,2015-04-12,2015-04-12,-6.34,6,47.95,90492,520,False,True,False,William,0,2015-04-01,Apr,15,Sunday,Q2,50.04,5.0040000000000004,-0.1322210636079249,True,-0.7222210636079249,10%+,<100,Same/next day,2,CA
21970,Low,0.1,15.98,4.0,920,Jessie Kelly,Regular Air,Corporate,Technology,Computer Peripherals,Small Box,Logitech Access Keyboard,0.37,United States,West,California,Redlands,92374,2015-03-27,2015-04-01,92.72219999999999,9,134.38,90491,521,False,False,False,William,5,2015-03-01,Mar,13,Friday,Q1,143.82,14.382,0.69,False,0.31999999999999995,10%+,100-500,4-7 days,4,CA
25678,High,0.03,8.04,8.94,920,Jessie Kelly,Regular Air,Consumer,Office Supplies,Binders and Binder Accessories,Small Box,"Fellowes Twister Kit, Gray/Clear, 3/pkg",0.4,United States,West,California,Redlands,92374,2015-04-12,2015-04-14,-160.2755,9,76.77,90492,522,False,True,False,William,2,2015-04-01,Apr,15,Sunday,Q2,72.35999999999999,2.1707999999999994,-2.0877360948287094,True,-2.4877360948287093,1-3%,<100,2-3 days,2,CA
18395,Not Specified,0.01,65.99,8.99,922,Dolores Abrams,Express Air,Small Business,Technology,Telephones and Communication,Small Box,5180,0.56,United States,West,California,Rancho Cucamonga,91730,2015-05-20,2015-05-21,396.972,14,782.0,87135,523,False,False,False,William,1,2015-05-01,May,21,Wednesday,Q2,923.8599999999999,9.2386,0.5076368286445012,False,-0.05236317135549884,1-3%,500-2k,Same/next day,5,CA
19973,Critical,0.03,2.18,1.38,925,Ruth Dudley,Regular Air,Small Business,Office Supplies,Rubber Bands,Wrap Bag,Advantus Push Pins,0.44,United States,East,Maine,Augusta,04330,2015-04-06,2015-04-06,-7.04,7,15.73,87134,524,False,True,False,Erin,0,2015-04-01,Apr,15,Monday,Q2,15.260000000000002,0.45780000000000004,-0.44755244755244755,True,-0.8875524475524476,1-3%,<100,Same/next day,1,ME
19974,Critical,0.01,170.98,35.89,929,Calvin Conway,Delivery Truck,Small Business,Furniture,Bookcases,Jumbo Box,"Rush Hierlooms Collection 1"" Thick Stackable Bookcases",0.66,United States,East,New Jersey,Old Bridge,08857,2015-04-06,2015-04-08,538.52,10,1719.07,87134,525,False,True,False,Erin,2,2015-04-01,Apr,15,Monday,Q2,1709.8,17.098,0.31326240350887397,False,-0.34673759649112607,1-3%,500-2k,2-3 days,1,NJ
21077,Critical,0.05,6.04,2.14,936,Robyn Garner,Express Air,Corporate,Office Supplies,Paper,Wrap Bag,"Adams Telephone Message Books, 5 1/4” x 11”",0.38,United States,West,California,Redlands,92374,2015-02-17,2015-02-19,-4.14,1,8.41,90588,526,False,False,False,William,2,2015-02-01,Feb,8,Tuesday,Q1,6.04,0.30200000000000005,-0.4922711058263971,True,-0.8722711058263971,4-6%,<100,2-3 days,1,CA
23716,Not Specified,0.05,5.98,5.46,936,Robyn Garner,Regular Air,Corporate,Office Supplies,Paper,Small Box,Xerox 1983,0.36,United States,West,California,Redlands,92374,2015-06-27,2015-06-27,-31.885,17,104.95,90589,527,False,True,False,William,0,2015-06-01,Jun,26,Saturday,Q2,101.66000000000001,5.083000000000001,-0.30381133873272986,True,-0.6638113387327298,4-6%,100-500,Same/next day,5,CA
23717,Not Specified,0.01,65.99,3.99,937,Kelly Shaw,Regular Air,Corporate,Technology,Telephones and Communication,Small Box,StarTAC 7760,0.59,United States,West,California,Redondo Beach,90278,2015-06-27,2015-06-28,-95.21050000000001,3,166.59,90589,528,False,True,False,William,1,2015-06-01,Jun,26,Saturday,Q2,197.96999999999997,1.9796999999999998,-0.5715259019148808,True,-1.1615259019148807,1-3%,100-500,Same/next day,5,CA
22638,Low,0.09,100.98,35.84,940,Albert Maxwell,Delivery Truck,Home Office,Furniture,Bookcases,Jumbo Box,"Bush Westfield Collection Bookcases, Fully Assembled",0.62,United States,East,Connecticut,New Milford,06776,2015-04-14,2015-04-19,-193.58,4,396.19,90844,529,False,False,False,Erin,5,2015-04-01,Apr,16,Tuesday,Q2,403.92,36.3528,-0.4886039526489816,True,-1.1086039526489815,7-9%,100-500,4-7 days,4,CT
23479,Not Specified,0.03,31.74,12.62,945,Stephanie Sun Perry,Regular Air,Home Office,Office Supplies,Binders and Binder Accessories,Small Box,GBC Wire Binding Strips,0.37,United States,West,California,Saratoga,95070,2015-03-06,2015-03-06,-4.300999999999994,3,98.7,86567,530,False,False,False,William,0,2015-03-01,Mar,10,Friday,Q1,95.22,2.8566,-0.0435764944275582,True,-0.4135764944275582,1-3%,<100,Same/next day,5,CA
24459,Critical,0.09,90.98,56.2,946,Denise Parks,Express Air,Home Office,Furniture,Office Furnishings,Medium Box,Eldon ClusterMat Chair Mat with Cordless Antistatic Protection,0.74,United States,East,Maine,Auburn,04210,2015-03-01,2015-03-02,-1570.32,20,1782.44,86566,531,False,False,False,Erin,1,2015-03-01,Mar,9,Sunday,Q1,1819.6000000000001,163.764,-0.8809945916833104,True,-1.6209945916833104,7-9%,500-2k,Same/next day,1,ME
24693,Critical,0.08,14.2,5.3,947,Dorothy Buchanan,Express Air,Home Office,Furniture,Office Furnishings,Wrap Bag,Coloredge Poster Frame,0.46,United States,East,New Jersey,Bayonne,07002,2015-01-11,2015-01-13,27.23,5,72.11,86565,532,False,False,False,Erin,2,2015-01-01,Jan,2,Sunday,Q1,71.0,5.68,0.37761752877548194,False,-0.08238247122451808,7-9%,<100,2-3 days,1,NJ
1279,Critical,0.06,40.98,2.99,949,Ernest Oh,Regular Air,Consumer,Office Supplies,Binders and Binder Accessories,Small Box,"Avery Trapezoid Ring Binder, 3"" Capacity, Black, 1040 sheets",0.36,United States,West,California,Los Angeles,90049,2015-01-02,2015-01-04,-19.099200000000003,3,124.81,9285,533,False,False,False,William,2,2015-01-01,Jan,1,Friday,Q1,122.94,7.376399999999999,-0.15302619982373208,True,-0.5130261998237321,4-6%,100-500,2-3 days,1,CA
1128,Low,0.02,48.04,5.09,949,Ernest Oh,Regular Air,Consumer,Office Supplies,Paper,Small Box,Xerox 1910,0.37,United States,West,California,Los Angeles,90049,2015-03-22,2015-03-26,373.67,18,881.32,8257,534,False,False,False,William,4,2015-03-01,Mar,12,Sunday,Q1,864.72,17.2944,0.4239890164752871,False,0.05398901647528709,1-3%,500-2k,4-7 days,4,CA
19279,Critical,0.06,40.98,2.99,950,Jane Shah,Regular Air,Consumer,Office Supplies,Binders and Binder Accessories,Small Box,"Avery Trapezoid Ring Binder, 3"" Capacity, Black, 1040 sheets",0.36,United States,Central,Minnesota,Prior Lake,55372,2015-01-02,2015-01-04,-14.80188,1,41.6,89083,535,False,False,False,Chris,2,2015-01-01,Jan,1,Friday,Q1,40.98,2.4587999999999997,-0.35581442307692307,True,-0.715814423076923,4-6%,<100,2-3 days,1,MN
19127,Low,0.05,1500.97,29.7,950,Jane Shah,Delivery Truck,Consumer,Technology,Office Machines,Jumbo Drum,Epson DFX5000+ Dot Matrix Printer,0.57,United States,Central,Minnesota,Prior Lake,55372,2015-03-22,2015-03-22,-2561.3235,1,1497.22,89084,536,False,False,False,Chris,0,2015-03-01,Mar,12,Sunday,Q1,1500.97,75.0485,-1.7107195335354857,True,-2.2807195335354855,4-6%,500-2k,Same/next day,4,MN
19128,Low,0.02,48.04,5.09,950,Jane Shah,Regular Air,Consumer,Office Supplies,Paper,Small Box,Xerox 1910,0.37,United States,Central,Minnesota,Prior Lake,55372,2015-03-22,2015-03-26,168.91889999999998,5,244.81,89084,537,False,False,False,Chris,4,2015-03-01,Mar,12,Sunday,Q1,240.2,4.804,0.69,False,0.31999999999999995,1-3%,100-500,4-7 days,4,MN
19129,Low,0.03,4.28,1.6,950,Jane Shah,Regular Air,Consumer,Office Supplies,Pens & Art Supplies,Wrap Bag,Newell 320,0.58,United States,Central,Minnesota,Prior Lake,55372,2015-03-22,2015-03-29,-6.2,1,4.55,89084,538,False,False,False,Chris,7,2015-03-01,Mar,12,Sunday,Q1,4.28,0.12840000000000001,-1.3626373626373627,True,-1.9426373626373628,1-3%,<100,4-7 days,4,MN
20073,Low,0.1,7.31,0.49,954,Tony Chandler,Regular Air,Small Business,Office Supplies,Labels,Small Box,Self-Adhesive Address Labels for Typewriters by Universal,0.38,United States,Central,Texas,Highland Village,75067,2015-02-12,2015-02-21,19.0647,4,27.63,90771,539,False,False,False,Chris,9,2015-02-01,Feb,7,Thursday,Q1,29.24,2.924,0.69,False,0.30999999999999994,10%+,<100,8+ days,4,TX
20074,Low,0.08,6.7,1.56,954,Tony Chandler,Regular Air,Small Business,Office Supplies,Pens & Art Supplies,Wrap Bag,Turquoise Lead Holder with Pocket Clip,0.52,United States,Central,Texas,Highland Village,75067,2015-02-12,2015-02-12,10.56,5,31.21,90771,540,False,False,False,Chris,0,2015-02-01,Feb,7,Thursday,Q1,33.5,2.68,0.33835309195770585,False,-0.18164690804229416,7-9%,<100,Same/next day,4,TX
25795,Not Specified,0.01,145.45,17.85,959,Sally House,Delivery Truck,Corporate,Technology,Office Machines,Jumbo Drum,Panasonic KX-P1150 Dot Matrix Printer,0.56,United States,Central,Texas,Burleson,76028,2015-03-22,2015-03-23,837.6806999999999,8,1214.03,91581,541,False,False,False,Chris,1,2015-03-01,Mar,12,Sunday,Q1,1163.6,11.636,0.69,False,0.1299999999999999,1-3%,500-2k,Same/next day,5,TX
20428,Low,0.03,2.94,0.96,960,Phillip Chappell,Regular Air,Home Office,Office Supplies,Pens & Art Supplies,Wrap Bag,Newell 343,0.58,United States,West,California,Redondo Beach,90278,2015-02-04,2015-02-08,-4.2,1,3.51,89401,542,False,False,False,William,4,2015-02-01,Feb,6,Wednesday,Q1,2.94,0.0882,-1.1965811965811968,True,-1.7765811965811968,1-3%,<100,4-7 days,4,CA
20685,Not Specified,0.05,124.49,51.94,961,Benjamin Chan,Delivery Truck,Home Office,Furniture,Tables,Jumbo Box,Bevis 36 x 72 Conference Tables,0.63,United States,West,California,Redwood City,94061,2015-02-24,2015-02-24,-44.1636,1,120.12,89402,543,False,False,False,William,0,2015-02-01,Feb,9,Tuesday,Q1,124.49,6.2245,-0.3676623376623377,True,-0.9976623376623377,4-6%,100-500,Same/next day,5,CA
2428,Low,0.03,2.94,0.96,962,Yvonne Clarke,Regular Air,Home Office,Office Supplies,Pens & Art Supplies,Wrap Bag,Newell 343,0.58,United States,Central,Illinois,Chicago,60610,2015-02-04,2015-02-08,-4.2,2,7.01,17636,544,False,False,False,Chris,4,2015-02-01,Feb,6,Wednesday,Q1,5.88,0.1764,-0.5991440798858774,True,-1.1791440798858774,1-3%,<100,4-7 days,4,IL
25093,Medium,0.0,170.98,35.89,970,Lynn Payne,Delivery Truck,Consumer,Furniture,Bookcases,Jumbo Box,"Rush Hierlooms Collection 1"" Thick Stackable Bookcases",0.66,United States,South,Virginia,Rose Hill,24281,2015-04-20,2015-04-21,-102.662,8,1452.18,86173,545,False,False,False,Sam,1,2015-04-01,Apr,17,Monday,Q2,1367.84,0.0,-0.0706950928948202,True,-0.7306950928948203,0%,500-2k,Same/next day,3,VA
20536,Low,0.03,284.98,69.55,972,Gregory Holden,Delivery Truck,Corporate,Furniture,Chairs & Chairmats,Jumbo Drum,Global Commerce™ Series High-Back Swivel/Tilt Chairs,0.6,United States,West,California,Riverside,92503,2015-02-28,2015-03-05,-116.584,2,619.38,87259,546,False,False,False,William,5,2015-02-01,Feb,9,Saturday,Q1,569.96,17.0988,-0.1882269366140334,True,-0.7882269366140333,1-3%,500-2k,4-7 days,4,CA
20537,Low,0.0,12.99,14.37,972,Gregory Holden,Regular Air,Corporate,Furniture,Office Furnishings,Large Box,"Tensor ""Hersey Kiss"" Styled Floor Lamp",0.73,United States,West,California,Riverside,92503,2015-02-28,2015-02-28,12.8961,1,18.69,87259,547,False,False,False,William,0,2015-02-01,Feb,9,Saturday,Q1,12.99,0.0,0.69,False,-0.040000000000000036,0%,<100,Same/next day,4,CA
24298,Low,0.1,2.22,5.0,975,Francis Evans,Regular Air,Corporate,Office Supplies,Appliances,Small Box,Hoover Replacement Belt for Commercial Guardsman Heavy-Duty Upright Vacuum,0.55,United States,East,Massachusetts,Boston,02108,2015-04-04,2015-04-09,-21.3192,3,8.8,87260,548,False,False,False,Erin,5,2015-04-01,Apr,14,Saturday,Q2,6.66,0.666,-2.4226363636363635,True,-2.9726363636363633,10%+,<100,4-7 days,4,MA
22646,Medium,0.0,37.76,12.9,980,Howard Burnett,Regular Air,Corporate,Office Supplies,Storage & Organization,Small Box,"Companion Letter/Legal File, Black",0.57,United States,East,Vermont,South Burlington,05403,2015-02-05,2015-02-06,93.8468,12,477.2,87258,549,False,False,False,Erin,1,2015-02-01,Feb,6,Thursday,Q1,453.12,0.0,0.19666135792120704,False,-0.3733386420787929,0%,100-500,Same/next day,3,VT
20010,Low,0.09,300.97,7.18,983,Sue Drake,Regular Air,Corporate,Technology,Computer Peripherals,Small Box,Gyration Ultra Professional Cordless Optical Suite,0.48,United States,South,Arkansas,Searcy,72143,2015-04-27,2015-04-27,17.772,10,2848.38,90201,550,False,False,False,Sam,0,2015-04-01,Apr,18,Monday,Q2,3009.7000000000003,270.873,0.006239336043645861,False,-0.47376066395635413,7-9%,2k-10k,Same/next day,4,AR
25895,High,0.05,4.28,5.17,993,Gail Currin,Regular Air,Small Business,Office Supplies,Paper,Small Box,Xerox 1971,0.4,United States,West,California,Oxnard,93030,2015-02-19,2015-02-19,-104.57,9,38.58,89432,551,False,False,False,William,0,2015-02-01,Feb,8,Thursday,Q1,38.52,1.9260000000000002,-2.710471747019181,True,-3.1104717470191807,4-6%,<100,Same/next day,2,CA
19004,High,0.1,400.98,76.37,994,Neal Weber,Delivery Truck,Small Business,Furniture,Tables,Jumbo Box,Bretford CR8500 Series Meeting Room Furniture,0.6,United States,East,Maine,Sanford,04073,2015-03-14,2015-03-15,-969.0483660000001,2,810.47,89433,552,False,True,False,Erin,1,2015-03-01,Mar,11,Saturday,Q1,801.96,80.19600000000001,-1.1956622280898739,True,-1.7956622280898737,10%+,500-2k,Same/next day,2,ME
23840,Low,0.09,7.64,5.83,995,Lloyd Spencer,Regular Air,Small Business,Office Supplies,Paper,Wrap Bag,"Rediform Wirebound ""Phone Memo"" Message Book, 11 x 5-3/4",0.36,United States,East,Maine,West Scarborough,04070,2015-05-10,2015-05-15,4.032000000000004,9,72.83,89434,553,False,False,False,Erin,5,2015-05-01,May,19,Sunday,Q2,68.75999999999999,6.188399999999999,0.05536180145544423,False,-0.30463819854455576,7-9%,<100,4-7 days,4,ME
22639,Low,0.08,67.84,0.99,997,Phillip Pollard,Regular Air,Small Business,Office Supplies,Appliances,Small Box,Fellowes Command Center 5-outlet power strip,0.58,United States,East,New Jersey,Bayonne,07002,2015-01-24,2015-01-29,-23.6344,1,63.66,89431,554,False,False,False,Erin,5,2015-01-01,Jan,4,Saturday,Q1,67.84,5.4272,-0.3712598177819667,True,-0.9512598177819667,7-9%,<100,4-7 days,4,NJ
19003,High,0.08,45.19,1.99,999,Rita Barton,Regular Air,Small Business,Technology,Computer Peripherals,Small Pack,"Verbatim DVD-RAM, 9.4GB, Rewritable, Type 1, DS, DataLife Plus",0.55,United States,East,New Jersey,Ridgewood,07450,2015-03-14,2015-03-15,-71.83,3,127.22,89433,555,False,True,False,Erin,1,2015-03-01,Mar,11,Saturday,Q1,135.57,10.8456,-0.5646124823141015,True,-1.1146124823141017,7-9%,100-500,Same/next day,2,NJ
19002,High,0.03,33.98,19.99,1000,Lynn Bell,Regular Air,Small Business,Furniture,Office Furnishings,Small Box,"Linden® 12"" Wall Clock With Oak Frame",0.55,United States,East,Vermont,Bennington,05201,2015-03-14,2015-03-15,-0.7400000000000091,12,432.44,89433,556,False,True,False,Erin,1,2015-03-01,Mar,11,Saturday,Q1,407.76,12.2328,-0.0017112200536490822,True,-0.5517112200536491,1-3%,100-500,Same/next day,2,VT
19380,Low,0.06,10.14,2.27,1005,Lloyd Dickson,Regular Air,Small Business,Office Supplies,Paper,Wrap Bag,"Staples Wirebound Steno Books, 6"" x 9"", 12/Pack",0.36,United States,Central,Illinois,Buffalo Grove,60089,2015-03-04,2015-03-04,-3.88,1,12.18,90043,557,False,False,False,Chris,0,2015-03-01,Mar,10,Wednesday,Q1,10.14,0.6084,-0.3185550082101806,True,-0.6785550082101806,4-6%,<100,Same/next day,4,IL
20167,High,0.02,40.99,17.48,1005,Lloyd Dickson,Regular Air,Small Business,Office Supplies,Paper,Small Box,Xerox 1893,0.36,United States,Central,Illinois,Buffalo Grove,60089,2015-02-27,2015-02-28,551.0928,23,950.43,90044,558,False,False,False,Chris,1,2015-02-01,Feb,9,Friday,Q1,942.7700000000001,18.855400000000003,0.5798352324737225,False,0.2198352324737225,1-3%,500-2k,Same/next day,2,IL
18529,High,0.01,3.15,0.49,1008,Priscilla Frank,Regular Air,Home Office,Office Supplies,Labels,Small Box,Self-Adhesive Removable Labels,0.37,United States,East,Maine,Gorham,04038,2015-05-25,2015-05-27,17.5053,8,25.37,88371,559,False,False,False,Erin,2,2015-05-01,May,22,Monday,Q2,25.2,0.252,0.69,False,0.31999999999999995,1-3%,<100,2-3 days,2,ME
18886,High,0.1,550.98,45.7,1009,Kristin George,Delivery Truck,Corporate,Furniture,Tables,Jumbo Box,Chromcraft Bull-Nose Wood Oval Conference Tables & Bases,0.71,United States,East,Maine,Saco,04072,2015-06-19,2015-06-21,818.546175,14,6963.67,88372,560,False,False,False,Erin,2,2015-06-01,Jun,25,Friday,Q2,7713.72,771.3720000000001,0.11754522758832626,False,-0.5924547724116737,10%+,2k-10k,2-3 days,2,ME
21184,Critical,0.09,28.48,1.99,1014,Theresa Winters,Regular Air,Home Office,Technology,Computer Peripherals,Small Pack,"Memorex 4.7GB DVD+RW, 3/Pack",0.4,United States,South,Arkansas,Bryant,72022,2015-03-01,2015-03-02,-17.15,6,160.17,88387,561,False,False,False,Sam,1,2015-03-01,Mar,9,Sunday,Q1,170.88,15.379199999999999,-0.1070737341574577,True,-0.5070737341574577,7-9%,100-500,Same/next day,1,AR
21185,Critical,0.0,2.08,5.33,1014,Theresa Winters,Regular Air,Home Office,Furniture,Office Furnishings,Small Box,Eldon® Wave Desk Accessories,0.43,United States,South,Arkansas,Bryant,72022,2015-03-01,2015-03-03,-29.540000000000003,3,7.47,88387,562,False,False,False,Sam,2,2015-03-01,Mar,9,Sunday,Q1,6.24,0.0,-3.954484605087015,True,-4.384484605087015,0%,<100,2-3 days,1,AR
21186,Critical,0.06,45.99,4.99,1014,Theresa Winters,Express Air,Home Office,Technology,Telephones and Communication,Small Box,KF 788,0.56,United States,South,Arkansas,Bryant,72022,2015-03-01,2015-03-02,-329.784,10,370.81,88387,563,False,False,False,Sam,1,2015-03-01,Mar,9,Sunday,Q1,459.90000000000003,27.594,-0.8893611283406596,True,-1.4493611283406596,4-6%,100-500,Same/next day,1,AR
20880,Not Specified,0.08,10.91,2.99,1014,Theresa Winters,Regular Air,Home Office,Office Supplies,Binders and Binder Accessories,Small Box,Heavy-Duty E-Z-D® Binders,0.38,United States,South,Arkansas,Bryant,72022,2015-03-05,2015-03-06,-2.1,11,119.99,88388,564,False,False,False,Sam,1,2015-03-01,Mar,10,Thursday,Q1,120.01,9.600800000000001,-0.017501458454871242,True,-0.3975014584548712,7-9%,100-500,Same/next day,5,AR
20531,Medium,0.0,43.98,8.99,1015,Beverly Cameron,Regular Air,Home Office,Office Supplies,Pens & Art Supplies,Small Pack,Boston 1645 Deluxe Heavier-Duty Electric Pencil Sharpener,0.58,United States,South,North Carolina,Apex,27502,2015-03-18,2015-03-18,829.467,14,650.7,88390,565,False,False,False,Sam,0,2015-03-01,Mar,12,Wednesday,Q1,615.7199999999999,0.0,1.2747302904564315,False,0.6947302904564315,0%,500-2k,Same/next day,3,NC
24752,High,0.02,6.48,7.86,1016,Francis Sherrill,Express Air,Home Office,Office Supplies,Paper,Small Box,Xerox 213,0.37,United States,South,North Carolina,Asheville,28806,2015-06-12,2015-06-13,111.222,1,11.41,88389,566,False,False,False,Sam,1,2015-06-01,Jun,24,Friday,Q2,6.48,0.12960000000000002,9.747765118317265,False,9.377765118317265,1-3%,<100,Same/next day,2,NC
25027,Medium,0.05,35.89,14.72,1018,Meredith Humphrey,Regular Air,Home Office,Office Supplies,Envelopes,Small Box,Jet-Pak Recycled Peel 'N' Seal Padded Mailers,0.4,United States,South,North Carolina,Cary,27511,2015-04-08,2015-04-09,22.866,19,680.39,88391,567,False,False,False,Sam,1,2015-04-01,Apr,15,Wednesday,Q2,681.91,34.0955,0.033607195872955214,False,-0.3663928041270448,4-6%,500-2k,Same/next day,3,NC
25028,Medium,0.0,11.48,5.43,1018,Meredith Humphrey,Regular Air,Home Office,Office Supplies,Paper,Small Box,Personal Creations™ Ink Jet Cards and Labels,0.36,United States,South,North Carolina,Cary,27511,2015-04-08,2015-04-08,115.728,6,75.52,88391,568,False,False,False,Sam,0,2015-04-01,Apr,15,Wednesday,Q2,68.88,0.0,1.5324152542372882,False,1.172415254237288,0%,<100,Same/next day,3,NC
24926,Critical,0.09,517.48,16.63,1020,Julie Porter,Delivery Truck,Small Business,Technology,Office Machines,Jumbo Box,Panasonic KX-P3626 Dot Matrix Printer,0.59,United States,Central,Kansas,Pittsburg,66762,2015-03-07,2015-03-07,909.36,5,2354.54,88632,569,False,False,False,Chris,0,2015-03-01,Mar,10,Saturday,Q1,2587.4,232.86599999999999,0.38621556652254796,False,-0.203784433477452,7-9%,2k-10k,Same/next day,1,KS
23562,Critical,0.07,4.13,5.04,1020,Julie Porter,Regular Air,Small Business,Office Supplies,Binders and Binder Accessories,Small Box,"ACCOHIDE® 3-Ring Binder, Blue, 1""",0.38,United States,Central,Kansas,Pittsburg,66762,2015-02-06,2015-02-07,-76.4244,20,79.06,88634,570,False,False,False,Chris,1,2015-02-01,Feb,6,Friday,Q1,82.6,5.782,-0.9666632937009866,True,-1.3466632937009866,7-9%,<100,Same/next day,1,KS
23563,Critical,0.0,4.48,2.5,1020,Julie Porter,Regular Air,Small Business,Office Supplies,Envelopes,Small Box,Ampad #10 Peel & Seel® Holiday Envelopes,0.37,United States,Central,Kansas,Pittsburg,66762,2015-02-06,2015-02-08,8.732,14,65.14,88634,571,False,False,False,Chris,2,2015-02-01,Feb,6,Friday,Q1,62.720000000000006,0.0,0.13404973902364137,False,-0.23595026097635863,0%,<100,2-3 days,1,KS
18921,Critical,0.02,39.06,10.55,1023,Glen Newman,Regular Air,Small Business,Office Supplies,Binders and Binder Accessories,Small Box,Ibico Recycled Linen-Style Covers,0.37,United States,East,Pennsylvania,Wilkinsburg,15221,2015-05-15,2015-05-15,442.0899,16,640.71,88633,572,False,False,False,Erin,0,2015-05-01,May,20,Friday,Q2,624.96,12.499200000000002,0.69,False,0.31999999999999995,1-3%,500-2k,Same/next day,1,PA
18922,Critical,0.1,37.7,2.99,1023,Glen Newman,Regular Air,Small Business,Office Supplies,Binders and Binder Accessories,Small Box,Vinyl Sectional Post Binders,0.35,United States,East,Pennsylvania,Wilkinsburg,15221,2015-05-15,2015-05-16,455.12399999999997,18,659.6,88633,573,False,False,False,Erin,1,2015-05-01,May,20,Friday,Q2,678.6,67.86,0.69,False,0.33999999999999997,10%+,500-2k,Same/next day,1,PA
21402,Not Specified,0.08,65.99,5.92,1026,Eugene Kerr,Regular Air,Small Business,Technology,Telephones and Communication,Small Box,i500plus,0.58,United States,East,New York,Central Islip,11722,2015-02-07,2015-02-07,624.4016399999999,22,1137.6,89005,574,False,False,False,Erin,0,2015-02-01,Feb,6,Saturday,Q1,1451.78,116.1424,0.5488762658227848,False,-0.031123734177215145,7-9%,500-2k,Same/next day,5,NY
20872,High,0.1,5.98,3.85,1026,Eugene Kerr,Regular Air,Small Business,Technology,Computer Peripherals,Small Pack,"Imation 3.5"" IBM-Formatted Diskettes, 10/Pack",0.68,United States,East,New York,Central Islip,11722,2015-05-29,2015-05-30,18.92200000000001,26,151.55,89008,575,False,False,False,Erin,1,2015-05-01,May,22,Friday,Q2,155.48000000000002,15.548000000000002,0.12485648300890802,False,-0.555143516991092,10%+,100-500,Same/next day,2,NY
20873,High,0.07,2.61,0.5,1026,Eugene Kerr,Regular Air,Small Business,Office Supplies,Labels,Small Box,Avery 494,0.39,United States,East,New York,Central Islip,11722,2015-05-29,2015-06-01,39.350699999999996,22,57.03,89008,576,False,False,False,Erin,3,2015-05-01,May,22,Friday,Q2,57.419999999999995,4.0194,0.69,False,0.29999999999999993,7-9%,<100,2-3 days,2,NY
22662,High,0.1,73.98,4.0,1027,Brian Bennett,Regular Air,Small Business,Technology,Computer Peripherals,Small Box,Keytronic French Keyboard,0.79,United States,East,New York,Cheektowaga,14225,2015-03-12,2015-03-13,-229.87,5,347.23,89004,577,False,False,False,Erin,1,2015-03-01,Mar,11,Thursday,Q1,369.90000000000003,36.99,-0.6620107709587305,True,-1.4520107709587307,10%+,100-500,Same/next day,2,NY
22663,High,0.05,51.98,10.17,1027,Brian Bennett,Regular Air,Small Business,Technology,Office Machines,Medium Box,Canon MP25DIII Desktop Whisper-Quiet Printing Calculator,0.37,United States,East,New York,Cheektowaga,14225,2015-03-12,2015-03-13,329.9787,9,478.23,89004,578,False,False,False,Erin,1,2015-03-01,Mar,11,Thursday,Q1,467.82,23.391000000000002,0.69,False,0.31999999999999995,4-6%,100-500,Same/next day,2,NY
24325,Medium,0.07,7.08,2.35,1028,Marguerite Rodgers,Express Air,Small Business,Office Supplies,Pens & Art Supplies,Wrap Bag,SANFORD Major Accent™ Highlighters,0.47,United States,East,New York,Commack,11725,2015-03-29,2015-03-30,30.49,13,93.82,89006,579,False,False,False,Erin,1,2015-03-01,Mar,13,Sunday,Q1,92.04,6.442800000000001,0.32498401193775317,False,-0.1450159880622468,7-9%,<100,Same/next day,3,NY
23398,Not Specified,0.05,83.1,6.13,1028,Marguerite Rodgers,Express Air,Small Business,Technology,Computer Peripherals,Small Box,"Micro Innovations Micro Digital Wireless Keyboard and Mouse, Gray",0.45,United States,East,New York,Commack,11725,2015-05-08,2015-05-09,1152.5276999999999,20,1670.33,89007,580,False,False,False,Erin,1,2015-05-01,May,19,Friday,Q2,1662.0,83.10000000000001,0.69,False,0.23999999999999994,4-6%,500-2k,Same/next day,5,NY
21959,Critical,0.07,125.99,2.5,1035,Kent Burton,Regular Air,Home Office,Technology,Telephones and Communication,Small Box,i2000,0.6,United States,East,Ohio,Delaware,43015,2015-03-13,2015-03-13,-604.4060000000001,1,100.59,90710,581,False,True,False,Erin,0,2015-03-01,Mar,11,Friday,Q1,125.99,8.8193,-6.00860920568645,True,-6.60860920568645,7-9%,100-500,Same/next day,1,OH
21960,Critical,0.03,99.99,19.99,1036,Jessica Huffman,Regular Air,Home Office,Technology,Computer Peripherals,Small Box,US Robotics 56K V.92 External Faxmodem,0.52,United States,East,Ohio,Dublin,43017,2015-03-13,2015-03-14,293.66,6,598.38,90710,582,False,True,False,Erin,1,2015-03-01,Mar,11,Friday,Q1,599.9399999999999,17.998199999999997,0.4907583809619306,False,-0.029241619038069433,1-3%,500-2k,Same/next day,1,OH
20669,Critical,0.1,7.64,5.83,1038,Jon Hale,Regular Air,Corporate,Office Supplies,Paper,Wrap Bag,"Rediform Wirebound ""Phone Memo"" Message Book, 11 x 5-3/4",0.36,United States,South,Florida,Belle Glade,33430,2015-06-16,2015-06-17,-403.18739999999997,5,39.36,90641,583,False,False,False,Sam,1,2015-06-01,Jun,25,Tuesday,Q2,38.199999999999996,3.82,-10.24358231707317,True,-10.603582317073169,10%+,<100,Same/next day,1,FL
18404,Critical,0.06,55.94,4.0,1041,Mildred Chase,Regular Air,Small Business,Technology,Computer Peripherals,Small Box,"Fellowes Smart Design 104-Key Enhanced Keyboard, PS/2 Adapter, Platinum",0.74,United States,West,California,Woodland,95695,2015-04-17,2015-04-18,-13.77,6,322.77,87846,584,False,False,False,William,1,2015-04-01,Apr,16,Friday,Q2,335.64,20.138399999999997,-0.04266195743098801,True,-0.782661957430988,4-6%,100-500,Same/next day,1,CA
18405,Critical,0.07,6.3,0.5,1041,Mildred Chase,Regular Air,Small Business,Office Supplies,Labels,Small Box,Avery 48,0.39,United States,West,California,Woodland,95695,2015-04-17,2015-04-17,44.9121,11,65.09,87846,585,False,False,False,William,0,2015-04-01,Apr,16,Friday,Q2,69.3,4.851,0.69,False,0.29999999999999993,7-9%,<100,Same/next day,1,CA
20937,Critical,0.0,14.42,6.75,1042,Jerome Burch,Express Air,Small Business,Office Supplies,Appliances,Medium Box,Holmes Odor Grabber,0.52,United States,West,California,Yuba City,95991,2015-05-16,2015-05-17,9.33,6,98.96,87847,586,False,False,False,William,1,2015-05-01,May,20,Saturday,Q2,86.52,0.0,0.0942805173807599,False,-0.4257194826192401,0%,<100,Same/next day,1,CA
3926,Critical,0.02,209.84,21.21,1044,Erin Ballard,Regular Air,Home Office,Furniture,Office Furnishings,Large Box,Luxo Professional Fluorescent Magnifier Lamp with Clamp-Mount Base,0.59,United States,West,California,Los Angeles,90004,2015-06-14,2015-06-14,2593.14,62,13546.94,28001,587,False,False,False,William,0,2015-06-01,Jun,24,Sunday,Q2,13010.08,260.2016,0.19141887393020118,False,-0.3985811260697988,1-3%,10k+,Same/next day,1,CA
3927,Critical,0.01,194.3,11.54,1044,Erin Ballard,Regular Air,Home Office,Furniture,Office Furnishings,Large Box,Electrix Halogen Magnifier Lamp,0.59,United States,West,California,Los Angeles,90004,2015-06-14,2015-06-16,1162.76,32,6401.65,28001,588,False,False,False,William,2,2015-06-01,Jun,24,Sunday,Q2,6217.6,62.176,0.18163442237548133,False,-0.40836557762451864,1-3%,2k-10k,2-3 days,1,CA
6711,High,0.0,6.68,5.66,1044,Erin Ballard,Regular Air,Home Office,Office Supplies,Paper,Small Box,Xerox 1923,0.37,United States,West,California,Los Angeles,90004,2015-02-27,2015-02-28,-76.94,90,617.4,47813,589,False,False,True,William,1,2015-02-01,Feb,9,Friday,Q1,601.1999999999999,0.0,-0.12461937155814706,True,-0.49461937155814706,0%,500-2k,Same/next day,2,CA
24711,High,0.0,6.68,5.66,1047,Gayle Pearson,Regular Air,Home Office,Office Supplies,Paper,Small Box,Xerox 1923,0.37,United States,East,Massachusetts,Boston,02109,2015-02-27,2015-02-28,-40.0088,23,157.78,89389,590,False,False,False,Erin,1,2015-02-01,Feb,9,Friday,Q1,153.64,0.0,-0.2535733299530993,True,-0.6235733299530992,0%,100-500,Same/next day,2,MA
26259,Not Specified,0.03,5.44,7.46,1054,Keith R Atkinson,Express Air,Corporate,Office Supplies,Binders and Binder Accessories,Small Box,Wilson Jones Custom Binder Spines & Labels,0.36,United States,West,Arizona,Surprise,85374,2015-05-25,2015-05-27,-51.704,4,26.31,90069,591,False,False,False,William,2,2015-05-01,May,22,Monday,Q2,21.76,0.6528,-1.9651843405549223,True,-2.325184340554922,1-3%,<100,2-3 days,5,AZ
26260,Not Specified,0.08,26.38,5.58,1054,Keith R Atkinson,Regular Air,Corporate,Office Supplies,Paper,Small Box,Xerox 1883,0.39,United States,West,Arizona,Surprise,85374,2015-05-25,2015-05-26,144.7482,8,209.78,90069,592,False,False,False,William,1,2015-05-01,May,22,Monday,Q2,211.04,16.8832,0.69,False,0.29999999999999993,7-9%,100-500,Same/next day,5,AZ
26261,Not Specified,0.06,20.99,2.5,1054,Keith R Atkinson,Regular Air,Corporate,Technology,Telephones and Communication,Wrap Bag,Accessory37,0.81,United States,West,Arizona,Surprise,85374,2015-05-25,2015-05-27,-112.189,1,17.83,90069,593,False,False,False,William,2,2015-05-01,May,22,Monday,Q2,20.99,1.2593999999999999,-6.29214806505889,True,-7.1021480650588895,4-6%,<100,2-3 days,5,AZ
8200,Medium,0.09,138.75,52.42,1060,Gene Gilliam,Delivery Truck,Small Business,Furniture,Tables,Jumbo Box,Balt Split Level Computer Training Table,0.74,United States,South,Georgia,Atlanta,30318,2015-03-24,2015-03-25,-445.97177625000006,23,2527.79,58628,594,False,False,False,Sam,1,2015-03-01,Mar,13,Tuesday,Q1,3191.25,287.2125,-0.17642754194375326,True,-0.9164275419437533,7-9%,2k-10k,Same/next day,3,GA
7980,Low,0.07,6.3,0.5,1060,Gene Gilliam,Regular Air,Small Business,Office Supplies,Labels,Small Box,Avery 51,0.39,United States,South,Georgia,Atlanta,30318,2015-05-30,2015-05-30,4.1674,20,121.87,57061,595,False,False,False,Sam,0,2015-05-01,May,22,Saturday,Q2,126.0,8.82,0.034195454172478865,False,-0.35580454582752113,7-9%,100-500,Same/next day,4,GA
26200,Medium,0.09,138.75,52.42,1062,Willie Robinson,Delivery Truck,Small Business,Furniture,Tables,Jumbo Box,Balt Split Level Computer Training Table,0.74,United States,East,New York,Coram,11727,2015-03-24,2015-03-25,-335.31712500000003,6,659.42,91354,596,False,False,False,Erin,1,2015-03-01,Mar,13,Tuesday,Q1,832.5,74.925,-0.5085031163749963,True,-1.2485031163749962,7-9%,500-2k,Same/next day,3,NY
25979,Low,0.04,22.38,15.1,1062,Willie Robinson,Regular Air,Small Business,Office Supplies,Binders and Binder Accessories,Small Box,"Avery Flip-Chart Easel Binder, Black",0.38,United States,East,New York,Coram,11727,2015-05-30,2015-06-07,16.021800000000013,18,403.53,91355,597,False,False,False,Erin,8,2015-05-01,May,22,Saturday,Q2,402.84,16.113599999999998,0.039704111218496804,False,-0.3402958887815032,4-6%,100-500,8+ days,4,NY
25981,Low,0.06,17.78,5.03,1062,Willie Robinson,Regular Air,Small Business,Furniture,Office Furnishings,Small Box,"Seth Thomas 13 1/2"" Wall Clock",0.54,United States,East,New York,Coram,11727,2015-05-30,2015-06-02,38.067299999999996,3,55.17,91355,598,False,False,False,Erin,3,2015-05-01,May,22,Saturday,Q2,53.34,3.2004,0.69,False,0.1499999999999999,4-6%,<100,2-3 days,4,NY
19445,Critical,0.01,15.99,13.18,1065,Vicki Bond,Regular Air,Corporate,Office Supplies,Binders and Binder Accessories,Small Box,"GBC Pre-Punched Binding Paper, Plastic, White, 8-1/2"" x 11""",0.37,United States,Central,Illinois,Burbank,60459,2015-02-18,2015-02-20,-99.43544000000001,23,377.44,88899,599,False,False,False,Chris,2,2015-02-01,Feb,8,Wednesday,Q1,367.77,3.6776999999999997,-0.2634470114455278,True,-0.6334470114455277,1-3%,100-500,2-3 days,1,IL
20445,Low,0.04,22.84,16.87,1068,Erik Barr,Regular Air,Home Office,Office Supplies,Paper,Small Box,Xerox 1982,0.39,United States,Central,Illinois,Calumet City,60409,2015-03-16,2015-03-16,-97.28,12,286.4,87109,600,False,False,False,Chris,0,2015-03-01,Mar,12,Monday,Q1,274.08,10.963199999999999,-0.3396648044692738,True,-0.7296648044692737,4-6%,100-500,Same/next day,4,IL
24737,Medium,0.02,15.94,5.45,1069,Pam Bennett,Regular Air,Home Office,Office Supplies,Pens & Art Supplies,Small Pack,Boston 16701 Slimline Battery Pencil Sharpener,0.55,United States,Central,Illinois,Carbondale,62901,2015-05-14,2015-05-15,139.61200000000002,41,664.34,87110,601,False,False,False,Chris,1,2015-05-01,May,20,Thursday,Q2,653.54,13.0708,0.21015142848541413,False,-0.3398485715145859,1-3%,500-2k,Same/next day,3,IL
22685,Not Specified,0.01,150.89,60.2,1072,Marion Owens,Delivery Truck,Corporate,Furniture,Chairs & Chairmats,Jumbo Drum,"Global Leather & Oak Executive Chair, Burgundy",0.77,United States,East,Pennsylvania,Bethlehem,18018,2015-03-27,2015-03-30,-505.76,3,473.53,89631,602,False,False,False,Erin,3,2015-03-01,Mar,13,Friday,Q1,452.66999999999996,4.5267,-1.068063269486622,True,-1.838063269486622,1-3%,100-500,2-3 days,5,PA
26176,High,0.04,19.23,6.15,1075,Theodore Tyson,Regular Air,Home Office,Furniture,Office Furnishings,Small Pack,"Executive Impressions 13"" Clairmont Wall Clock",0.44,United States,Central,Illinois,Romeoville,60441,2015-03-09,2015-03-10,152.43479999999997,11,220.92,86422,603,False,False,False,Chris,1,2015-03-01,Mar,11,Monday,Q1,211.53,8.4612,0.6899999999999998,False,0.24999999999999983,4-6%,100-500,Same/next day,2,IL
23312,Not Specified,0.08,13.9,7.59,1080,Colleen Fletcher,Regular Air,Corporate,Office Supplies,"Scissors, Rulers and Trimmers",Small Pack,"Acme Hot Forged Carbon Steel Scissors with Nickel-Plated Handles, 3 7/8"" Cut, 8""L",0.56,United States,Central,Illinois,Saint Charles,60174,2015-05-08,2015-05-09,9.862000000000009,14,196.41,88461,604,False,False,False,Chris,1,2015-05-01,May,19,Friday,Q2,194.6,15.568,0.05021129270403752,False,-0.5097887072959625,7-9%,100-500,Same/next day,5,IL
24324,Not Specified,0.07,55.99,5.0,1083,Hazel Dale,Express Air,Corporate,Technology,Telephones and Communication,Small Pack,Accessory36,0.83,United States,Central,Illinois,Springfield,62701,2015-03-31,2015-04-02,-232.991,1,54.08,88460,605,False,False,False,Chris,2,2015-03-01,Mar,14,Tuesday,Q1,55.99,3.9193000000000007,-4.308265532544379,True,-5.138265532544379,7-9%,<100,2-3 days,5,IL
18047,Not Specified,0.05,7.64,5.83,1085,Ted Dunlap,Regular Air,Home Office,Office Supplies,Paper,Wrap Bag,"Rediform Wirebound ""Phone Memo"" Message Book, 11 x 5-3/4",0.36,United States,East,New York,Deer Park,11729,2015-01-05,2015-01-06,-40.2752,6,47.18,86122,606,False,False,False,Erin,1,2015-01-01,Jan,2,Monday,Q1,45.839999999999996,2.292,-0.8536498516320474,True,-1.2136498516320473,4-6%,<100,Same/next day,5,NY
25279,High,0.04,9.06,9.86,1085,Ted Dunlap,Regular Air,Home Office,Office Supplies,Paper,Small Box,Southworth 25% Cotton Linen-Finish Paper & Envelopes,0.4,United States,East,New York,Deer Park,11729,2015-04-24,2015-04-25,-53.25,3,30.87,86123,607,False,True,False,Erin,1,2015-04-01,Apr,17,Friday,Q2,27.18,1.0872,-1.7249757045675413,True,-2.1249757045675413,4-6%,<100,Same/next day,2,NY
23104,Not Specified,0.06,30.42,8.65,1085,Ted Dunlap,Regular Air,Corporate,Technology,Computer Peripherals,Small Box,"Fellowes Internet Keyboard, Platinum",0.74,United States,East,New York,Deer Park,11729,2015-05-13,2015-05-15,-159.25,10,309.05,86124,608,False,False,False,Erin,2,2015-05-01,May,20,Wednesday,Q2,304.20000000000005,18.252000000000002,-0.5152887882219706,True,-1.2552887882219705,4-6%,100-500,2-3 days,5,NY
23105,Not Specified,0.02,37.94,5.08,1085,Ted Dunlap,Regular Air,Corporate,Office Supplies,Paper,Wrap Bag,"Snap-A-Way® Black Print Carbonless Ruled Speed Letter, Triplicate",0.38,United States,East,New York,Deer Park,11729,2015-05-13,2015-05-14,206.517,8,299.3,86124,609,False,False,False,Erin,1,2015-05-01,May,20,Wednesday,Q2,303.52,6.070399999999999,0.69,False,0.30999999999999994,1-3%,100-500,Same/next day,5,NY
25280,High,0.04,14.27,7.27,1086,Leon Peele,Regular Air,Home Office,Office Supplies,Binders and Binder Accessories,Small Box,"GBC Laser Imprintable Binding System Covers, Desert Sand",0.38,United States,East,New York,Dix Hills,11746,2015-04-24,2015-04-25,2.125,3,45.24,86123,610,False,True,False,Erin,1,2015-04-01,Apr,17,Friday,Q2,42.81,1.7124000000000001,0.04697170645446507,False,-0.3330282935455349,4-6%,<100,Same/next day,2,NY
22537,Medium,0.02,15.14,4.53,1101,Kimberly McCarthy,Regular Air,Small Business,Office Supplies,Storage & Organization,Small Box,Eldon® Gobal File Keepers,0.81,United States,West,California,Oxnard,93030,2015-05-05,2015-05-06,5.8840000000000074,3,51.02,91488,611,False,False,False,William,1,2015-05-01,May,19,Tuesday,Q2,45.42,0.9084000000000001,0.11532732261858109,False,-0.6946726773814189,1-3%,<100,Same/next day,3,CA
21847,Not Specified,0.05,328.14,91.05,1103,Sidney Bowling,Delivery Truck,Home Office,Office Supplies,Appliances,Jumbo Drum,"Sanyo Counter Height Refrigerator with Crisper, 3.6 Cubic Foot, Stainless Steel/Black",0.57,United States,Central,Nebraska,Omaha,68046,2015-04-10,2015-04-11,772.04,7,2291.39,90977,612,False,False,False,Chris,1,2015-04-01,Apr,15,Friday,Q2,2296.98,114.849,0.33693085856183363,False,-0.23306914143816632,4-6%,2k-10k,Same/next day,5,NE
3847,Not Specified,0.05,328.14,91.05,1104,Timothy Ross,Delivery Truck,Home Office,Office Supplies,Appliances,Jumbo Drum,"Sanyo Counter Height Refrigerator with Crisper, 3.6 Cubic Foot, Stainless Steel/Black",0.57,United States,East,New York,New York City,10282,2015-04-10,2015-04-11,772.04,29,9492.92,27456,613,False,False,False,Erin,1,2015-04-01,Apr,15,Friday,Q2,9516.06,475.803,0.08132797916763229,False,-0.48867202083236766,4-6%,2k-10k,Same/next day,5,NY
2808,Medium,0.04,6.35,1.02,1106,Maxine Collier Grady,Regular Air,Small Business,Office Supplies,Paper,Wrap Bag,"Telephone Message Books with Fax/Mobile Section, 5 1/2"" x 3 3/16""",0.39,United States,Central,Texas,Dallas,75220,2015-05-20,2015-05-23,81.91,52,318.47,20261,614,False,False,False,Chris,3,2015-05-01,May,21,Wednesday,Q2,330.2,13.208,0.25719848023361697,False,-0.13280151976638305,4-6%,100-500,2-3 days,3,TX
106,High,0.01,9.31,3.98,1106,Maxine Collier Grady,Regular Air,Small Business,Office Supplies,"Scissors, Rulers and Trimmers",Small Pack,Acme® Forged Steel Scissors with Black Enamel Handles,0.56,United States,Central,Texas,Dallas,75220,2015-05-21,2015-05-22,-10.9,61,586.96,646,615,False,False,False,Chris,1,2015-05-01,May,21,Thursday,Q2,567.9100000000001,5.679100000000001,-0.01857026032438326,True,-0.5785702603243833,1-3%,500-2k,Same/next day,2,TX
6443,Not Specified,0.08,140.81,24.49,1106,Maxine Collier Grady,Regular Air,Consumer,Furniture,Chairs & Chairmats,Large Box,Hon Olson Stacker Stools,0.57,United States,Central,Texas,Dallas,75220,2015-06-06,2015-06-08,1232.79,81,11272.77,45824,616,False,False,False,Chris,2,2015-06-01,Jun,23,Saturday,Q2,11405.61,912.4488000000001,0.1093599887161718,False,-0.46064001128382814,7-9%,10k+,2-3 days,5,TX
18106,High,0.01,9.31,3.98,1107,Joanna Keith,Regular Air,Small Business,Office Supplies,"Scissors, Rulers and Trimmers",Small Pack,Acme® Forged Steel Scissors with Black Enamel Handles,0.56,United States,Central,Texas,Lake Jackson,77566,2015-05-21,2015-05-22,2.1800000000000015,15,144.33,86411,617,False,False,False,Chris,1,2015-05-01,May,21,Thursday,Q2,139.65,1.3965,0.01510427492551792,False,-0.5448957250744821,1-3%,100-500,Same/next day,2,TX
20807,Medium,0.09,31.74,12.62,1108,Dwight Bishop,Express Air,Small Business,Office Supplies,Binders and Binder Accessories,Small Box,GBC Wire Binding Strips,0.37,United States,Central,Texas,Lancaster,75146,2015-05-20,2015-05-20,67.1075,9,270.55,86409,618,False,False,False,Chris,0,2015-05-01,May,21,Wednesday,Q2,285.65999999999997,25.709399999999995,0.24804102753649973,False,-0.12195897246350026,7-9%,100-500,Same/next day,3,TX
20808,Medium,0.04,6.35,1.02,1108,Dwight Bishop,Regular Air,Small Business,Office Supplies,Paper,Wrap Bag,"Telephone Message Books with Fax/Mobile Section, 5 1/2"" x 3 3/16""",0.39,United States,Central,Texas,Lancaster,75146,2015-05-20,2015-05-23,54.937799999999996,13,79.62,86409,619,False,False,False,Chris,3,2015-05-01,May,21,Wednesday,Q2,82.55,3.302,0.69,False,0.29999999999999993,4-6%,<100,2-3 days,3,TX
20809,Medium,0.02,65.99,8.99,1108,Dwight Bishop,Express Air,Small Business,Technology,Telephones and Communication,Small Box,Talkabout T8367,0.56,United States,Central,Texas,Lancaster,75146,2015-05-20,2015-05-21,168.237,8,479.79,86409,620,False,False,False,Chris,1,2015-05-01,May,21,Wednesday,Q2,527.92,10.558399999999999,0.35064715813168257,False,-0.20935284186831749,1-3%,100-500,Same/next day,3,TX
22480,Medium,0.08,8.37,10.16,1109,Dennis Welch,Regular Air,Consumer,Furniture,Office Furnishings,Large Box,Westinghouse Clip-On Gooseneck Lamps,0.59,United States,Central,Texas,Laredo,78041,2015-06-29,2015-06-29,-169.232,13,108.99,86410,621,False,False,False,Chris,0,2015-06-01,Jun,27,Monday,Q2,108.80999999999999,8.704799999999999,-1.5527296082209379,True,-2.1427296082209377,7-9%,100-500,Same/next day,3,TX
20176,Not Specified,0.03,300.98,54.92,1112,Luis Kerr,Delivery Truck,Corporate,Furniture,Bookcases,Jumbo Box,"Atlantic Metals Mobile 5-Shelf Bookcases, Custom Colors",0.55,United States,West,California,Yucaipa,92399,2015-04-02,2015-04-04,1272.5808,12,3527.82,90832,622,False,False,False,William,2,2015-04-01,Apr,14,Thursday,Q2,3611.76,108.3528,0.3607272479888429,False,-0.18927275201115712,1-3%,2k-10k,2-3 days,5,CA
20177,Not Specified,0.02,2550.14,29.7,1112,Luis Kerr,Delivery Truck,Corporate,Technology,Office Machines,Jumbo Drum,Epson DFX-8500 Dot Matrix Printer,0.57,United States,West,California,Yucaipa,92399,2015-04-02,2015-04-04,-5390.738892,2,4698.21,90832,623,False,False,False,William,2,2015-04-01,Apr,14,Thursday,Q2,5100.28,102.0056,-1.1474027112453467,True,-1.7174027112453465,1-3%,2k-10k,2-3 days,5,CA
26060,Critical,0.01,2.89,0.5,1113,Julia Reynolds,Regular Air,Corporate,Office Supplies,Labels,Small Box,Avery 498,0.38,United States,West,Colorado,Arvada,80004,2015-04-06,2015-04-07,29.725199999999997,14,43.08,90833,624,False,False,False,William,1,2015-04-01,Apr,15,Monday,Q2,40.46,0.4046,0.69,False,0.30999999999999994,1-3%,<100,Same/next day,1,CO
26061,Critical,0.0,55.99,5.0,1113,Julia Reynolds,Regular Air,Corporate,Technology,Telephones and Communication,Small Pack,Accessory6,0.8,United States,West,Colorado,Arvada,80004,2015-04-06,2015-04-08,-187.11,5,258.93,90833,625,False,False,False,William,2,2015-04-01,Apr,15,Monday,Q2,279.95,0.0,-0.7226277372262774,True,-1.5226277372262773,0%,100-500,2-3 days,1,CO
21579,Not Specified,0.06,64.65,35.0,1117,Samantha Koch,Regular Air,Home Office,Office Supplies,Storage & Organization,Large Box,Space Solutions Commercial Steel Shelving,0.8,United States,West,Arizona,Tucson,85705,2015-02-05,2015-02-06,-139.2872,4,277.6,86768,626,False,False,False,William,1,2015-02-01,Feb,6,Thursday,Q1,258.6,15.516,-0.5017550432276657,True,-1.3017550432276659,4-6%,100-500,Same/next day,5,AZ
21329,Low,0.04,19.98,8.68,1121,Tonya Proctor,Regular Air,Consumer,Office Supplies,Paper,Small Box,Southworth 25% Cotton Premium Laser Paper and Envelopes,0.37,United States,West,California,Temecula,92592,2015-02-07,2015-02-14,108.0,8,168.04,86767,627,False,False,False,William,7,2015-02-01,Feb,6,Saturday,Q1,159.84,6.3936,0.6427041180671269,False,0.2727041180671269,4-6%,100-500,4-7 days,4,CA
21330,Low,0.08,125.99,7.69,1121,Tonya Proctor,Regular Air,Consumer,Technology,Telephones and Communication,Small Box,Timeport L7089,0.58,United States,West,California,Temecula,92592,2015-02-07,2015-02-09,377.154,7,703.46,86767,628,False,False,False,William,2,2015-02-01,Feb,6,Saturday,Q1,881.93,70.5544,0.5361413584283399,False,-0.043858641571660084,7-9%,500-2k,2-3 days,4,CA
20612,High,0.03,7.3,7.72,1123,Peggy Lanier,Regular Air,Small Business,Office Supplies,Binders and Binder Accessories,Small Box,"Angle-D Binders with Locking Rings, Label Holders",0.38,United States,West,California,Roseville,95661,2015-03-15,2015-03-18,-127.052,14,103.61,87015,629,False,False,False,William,3,2015-03-01,Mar,11,Sunday,Q1,102.2,3.066,-1.226252292249783,True,-1.606252292249783,1-3%,100-500,2-3 days,2,CA
18212,High,0.09,175.99,4.99,1123,Peggy Lanier,Regular Air,Small Business,Technology,Telephones and Communication,Small Box,5165,0.59,United States,West,California,Roseville,95661,2015-06-20,2015-06-22,2169.7464,22,3144.56,87016,630,False,True,False,William,2,2015-06-01,Jun,25,Saturday,Q2,3871.78,348.4602,0.6900000000000001,False,0.10000000000000009,7-9%,2k-10k,2-3 days,2,CA
18211,High,0.09,160.98,35.02,1124,Randy Jiang,Delivery Truck,Small Business,Furniture,Bookcases,Jumbo Box,Rush Hierlooms Collection Rich Wood Bookcases,0.72,United States,East,Connecticut,Norwich,06360,2015-06-20,2015-06-21,-229.93,18,2653.02,87016,631,False,True,False,Erin,1,2015-06-01,Jun,25,Saturday,Q2,2897.64,260.7876,-0.08666726975296078,True,-0.8066672697529608,7-9%,2k-10k,Same/next day,2,CT
22052,Medium,0.02,4.06,6.89,1127,Ray Grady,Regular Air,Consumer,Office Supplies,Appliances,Small Box,Eureka Disposable Bags for Sanitaire® Vibra Groomer I® Upright Vac,0.6,United States,Central,Texas,Eagle Pass,78852,2015-02-24,2015-02-26,-93.73519999999999,16,66.81,87221,632,False,False,False,Chris,2,2015-02-01,Feb,9,Tuesday,Q1,64.96,1.2992,-1.403011525220775,True,-2.003011525220775,1-3%,<100,2-3 days,3,TX
26377,Low,0.04,4.71,0.7,1127,Ray Grady,Regular Air,Consumer,Office Supplies,Rubber Bands,Wrap Bag,Plymouth Boxed Rubber Bands by Plymouth,0.8,United States,Central,Texas,Eagle Pass,78852,2015-06-22,2015-06-26,4.53,19,90.52,87222,633,False,True,False,Chris,4,2015-06-01,Jun,26,Monday,Q2,89.49,3.5795999999999997,0.050044189129474156,False,-0.7499558108705259,4-6%,<100,4-7 days,4,TX
26378,Low,0.06,4.2,2.26,1128,Kurt O'Connor,Regular Air,Consumer,Office Supplies,Paper,Wrap Bag,"Important Message Pads, 50 4-1/4 x 5-1/2 Forms per Pad",0.36,United States,Central,Texas,Edinburg,78539,2015-06-22,2015-06-27,9.78,13,55.97,87222,634,False,True,False,Chris,5,2015-06-01,Jun,26,Monday,Q2,54.6,3.276,0.17473646596390924,False,-0.18526353403609075,4-6%,<100,4-7 days,4,TX
4501,Low,0.04,8.6,6.19,1129,Pam Patton,Regular Air,Home Office,Office Supplies,Binders and Binder Accessories,Small Box,Avery Printable Repositionable Plastic Tabs,0.38,United States,East,Massachusetts,Boston,02118,2015-02-16,2015-02-23,-63.813500000000005,37,311.66,32037,635,False,False,False,Erin,7,2015-02-01,Feb,8,Monday,Q1,318.2,12.728,-0.20475357761663351,True,-0.5847535776166335,4-6%,100-500,4-7 days,4,MA
4502,Low,0.07,699.99,24.49,1129,Pam Patton,Regular Air,Home Office,Technology,Copiers and Fax,Large Box,Canon Imageclass D680 Copier / Fax,0.54,United States,East,Massachusetts,Boston,02118,2015-02-16,2015-02-20,325.29,15,9862.51,32037,636,False,False,False,Erin,4,2015-02-01,Feb,8,Monday,Q1,10499.85,734.9895000000001,0.032982476063395626,False,-0.5070175239366044,7-9%,2k-10k,4-7 days,4,MA
6891,Not Specified,0.05,5.78,7.64,1129,Pam Patton,Express Air,Corporate,Office Supplies,Paper,Small Box,HP Office Recycled Paper (20Lb. and 87 Bright),0.36,United States,East,Massachusetts,Boston,02118,2015-03-29,2015-03-31,-116.05,29,177.41,49125,637,False,False,False,Erin,2,2015-03-01,Mar,13,Sunday,Q1,167.62,8.381,-0.6541344907276929,True,-1.014134490727693,4-6%,100-500,2-3 days,5,MA
1917,Medium,0.02,7.64,1.39,1129,Pam Patton,Regular Air,Home Office,Office Supplies,Envelopes,Small Box,"#10- 4 1/8"" x 9 1/2"" Security-Tint Envelopes",0.36,United States,East,Massachusetts,Boston,02118,2015-05-21,2015-05-23,117.38,52,406.91,13735,638,False,False,False,Erin,2,2015-05-01,May,21,Thursday,Q2,397.28,7.9456,0.2884667371163156,False,-0.07153326288368439,1-3%,100-500,2-3 days,3,MA
5568,Low,0.03,30.98,6.5,1129,Pam Patton,Regular Air,Corporate,Technology,Computer Peripherals,Small Box,Logitech Internet Navigator Keyboard,0.79,United States,East,Massachusetts,Boston,02118,2015-06-13,2015-06-17,-144.2,44,1332.09,39430,639,False,False,False,Erin,4,2015-06-01,Jun,24,Saturday,Q2,1363.1200000000001,40.8936,-0.10825094400528493,True,-0.8982509440052849,1-3%,500-2k,4-7 days,4,MA
8099,Low,0.02,4.98,6.07,1129,Pam Patton,Regular Air,Home Office,Office Supplies,Paper,Small Box,Xerox 1897,0.36,United States,East,Massachusetts,Boston,02118,2015-01-26,2015-01-28,-46.92,19,105.5,57794,640,False,False,False,Erin,2,2015-01-01,Jan,5,Monday,Q1,94.62,1.8924,-0.444739336492891,True,-0.804739336492891,1-3%,100-500,2-3 days,4,MA
19917,Medium,0.02,7.64,1.39,1131,Benjamin Strauss,Regular Air,Home Office,Office Supplies,Envelopes,Small Box,"#10- 4 1/8"" x 9 1/2"" Security-Tint Envelopes",0.36,United States,Central,Texas,El Paso,79907,2015-05-21,2015-05-23,70.19369999999999,13,101.73,88103,641,False,False,False,Chris,2,2015-05-01,May,21,Thursday,Q2,99.32,1.9864,0.69,False,0.32999999999999996,1-3%,100-500,2-3 days,3,TX
23860,Medium,0.06,6.37,5.19,1132,Michael Robbins,Regular Air,Corporate,Office Supplies,Binders and Binder Accessories,Small Box,"C-Line Peel & Stick Add-On Filing Pockets, 8-3/4 x 5-1/8, 10/Pack",0.38,United States,Central,Texas,Euless,76039,2015-02-10,2015-02-11,-48.2195,6,37.7,88101,642,False,False,False,Chris,1,2015-02-01,Feb,7,Tuesday,Q1,38.22,2.2931999999999997,-1.2790318302387267,True,-1.6590318302387268,4-6%,<100,Same/next day,3,TX
22501,Low,0.04,8.6,6.19,1132,Michael Robbins,Regular Air,Home Office,Office Supplies,Binders and Binder Accessories,Small Box,Avery Printable Repositionable Plastic Tabs,0.38,United States,Central,Texas,Euless,76039,2015-02-16,2015-02-23,-63.813500000000005,9,75.81,88102,643,False,False,False,Chris,7,2015-02-01,Feb,8,Monday,Q1,77.39999999999999,3.0959999999999996,-0.841755705052104,True,-1.221755705052104,4-6%,<100,4-7 days,4,TX
22502,Low,0.07,699.99,24.49,1132,Michael Robbins,Regular Air,Home Office,Technology,Copiers and Fax,Large Box,Canon Imageclass D680 Copier / Fax,0.54,United States,Central,Texas,Euless,76039,2015-02-16,2015-02-20,325.29,4,2630.0,88102,644,False,False,False,Chris,4,2015-02-01,Feb,8,Monday,Q1,2799.96,195.99720000000002,0.12368441064638784,False,-0.4163155893536122,7-9%,2k-10k,4-7 days,4,TX
23568,Low,0.03,30.98,6.5,1132,Michael Robbins,Regular Air,Corporate,Technology,Computer Peripherals,Small Box,Logitech Internet Navigator Keyboard,0.79,United States,Central,Texas,Euless,76039,2015-06-13,2015-06-17,-115.35999999999999,11,333.02,88104,645,False,False,False,Chris,4,2015-06-01,Jun,24,Saturday,Q2,340.78000000000003,10.2234,-0.3464056212840069,True,-1.136405621284007,1-3%,100-500,4-7 days,4,TX
26099,Low,0.02,4.98,6.07,1133,Marjorie Owens,Regular Air,Home Office,Office Supplies,Paper,Small Box,Xerox 1897,0.36,United States,Central,Texas,Farmers Branch,75234,2015-01-26,2015-01-28,-46.92,5,27.76,88105,646,False,False,False,Chris,2,2015-01-01,Jan,5,Monday,Q1,24.900000000000002,0.49800000000000005,-1.6902017291066282,True,-2.0502017291066283,1-3%,<100,2-3 days,4,TX
22119,High,0.09,270.97,28.06,1136,Carmen McPherson,Delivery Truck,Consumer,Technology,Office Machines,Jumbo Drum,Epson LQ-570e Dot Matrix Printer,0.56,United States,Central,Illinois,Carol Stream,60188,2015-01-02,2015-01-04,2660.1432,15,3855.28,87940,647,False,False,False,Chris,2,2015-01-01,Jan,1,Friday,Q1,4064.55,365.8095,0.69,False,0.1299999999999999,7-9%,2k-10k,2-3 days,2,IL
19357,Medium,0.02,160.98,30.0,1138,Malcolm Floyd,Delivery Truck,Home Office,Furniture,Chairs & Chairmats,Jumbo Drum,Office Star - Mid Back Dual function Ergonomic High Back Chair with 2-Way Adjustable Arms,0.62,United States,Central,Texas,The Colony,75056,2015-02-16,2015-02-19,-51.116,1,192.49,86574,648,False,False,False,Chris,3,2015-02-01,Feb,8,Monday,Q1,160.98,3.2196,-0.2655514572185568,True,-0.8855514572185568,1-3%,100-500,2-3 days,3,TX
25467,Medium,0.05,363.25,19.99,1142,Russell Chan,Regular Air,Home Office,Office Supplies,Appliances,Small Box,Hoover WindTunnel™ Plus Canister Vacuum,0.57,United States,Central,Texas,Waco,76706,2015-01-04,2015-01-06,1766.7795,7,2560.55,86573,649,False,False,False,Chris,2,2015-01-01,Jan,1,Sunday,Q1,2542.75,127.1375,0.69,False,0.12,4-6%,2k-10k,2-3 days,3,TX
24539,Medium,0.01,18.97,9.54,1142,Russell Chan,Regular Air,Home Office,Office Supplies,Paper,Small Box,Xerox 1939,0.37,United States,Central,Texas,Waco,76706,2015-06-06,2015-06-09,85.875,11,227.67,86575,650,False,False,False,Chris,3,2015-06-01,Jun,23,Saturday,Q2,208.67,2.0867,0.37719067070760315,False,0.007190670707603153,1-3%,100-500,2-3 days,3,TX
25179,Low,0.05,7.59,4.0,1151,Edna Huang,Regular Air,Corporate,Furniture,Office Furnishings,Wrap Bag,"Master Giant Foot® Doorstop, Safety Yellow",0.42,United States,East,Massachusetts,South Hadley,01075,2015-06-09,2015-06-09,6.0927,1,8.83,91344,651,False,False,False,Erin,0,2015-06-01,Jun,24,Tuesday,Q2,7.59,0.3795,0.69,False,0.26999999999999996,4-6%,<100,Same/next day,4,MA
24224,Critical,0.09,9.11,2.15,1155,Alex Nicholson,Express Air,Consumer,Office Supplies,Paper,Wrap Bag,"Black Print Carbonless Snap-Off® Rapid Letter, 8 1/2"" x 7""",0.4,United States,West,California,Montebello,90640,2015-01-02,2015-01-04,20.2996,4,34.41,90853,652,False,False,False,William,2,2015-01-01,Jan,1,Friday,Q1,36.44,3.2796,0.5899331589654171,False,0.18993315896541707,7-9%,<100,2-3 days,1,CA
24225,Critical,0.08,15.04,1.97,1155,Alex Nicholson,Regular Air,Consumer,Office Supplies,Paper,Wrap Bag,White GlueTop Scratch Pads,0.39,United States,West,California,Montebello,90640,2015-01-02,2015-01-02,108.5163,11,157.27,90853,653,False,False,False,William,0,2015-01-01,Jan,1,Friday,Q1,165.44,13.2352,0.69,False,0.29999999999999993,7-9%,100-500,Same/next day,1,CA
20212,High,0.06,175.99,8.99,1156,Edith Forbes,Regular Air,Consumer,Technology,Telephones and Communication,Small Box,2180,0.57,United States,East,Massachusetts,Tewksbury,01876,2015-02-14,2015-02-15,48.47148,7,1013.84,90855,654,False,False,False,Erin,1,2015-02-01,Feb,7,Saturday,Q1,1231.93,73.9158,0.04780979247218496,False,-0.522190207527815,4-6%,500-2k,Same/next day,2,MA
20897,High,0.04,100.98,35.84,1159,Arlene Weeks,Delivery Truck,Consumer,Furniture,Bookcases,Jumbo Box,"Bush Westfield Collection Bookcases, Fully Assembled",0.62,United States,East,New Jersey,Union City,07086,2015-05-20,2015-05-21,-152.76,1,110.75,90854,655,False,False,False,Erin,1,2015-05-01,May,21,Wednesday,Q2,100.98,4.0392,-1.3793227990970653,True,-1.9993227990970652,4-6%,100-500,Same/next day,2,NJ
18860,Not Specified,0.09,9.78,1.39,1170,Jessie Houston,Regular Air,Consumer,Office Supplies,Envelopes,Small Box,"Staples #10 Laser & Inkjet Envelopes, 4 1/8"" x 9 1/2"", 100/Box",0.39,United States,East,Delaware,Newark,19711,2015-06-02,2015-06-03,125.20739999999999,19,181.46,87520,656,False,False,False,Erin,1,2015-06-01,Jun,23,Tuesday,Q2,185.82,16.723799999999997,0.69,False,0.29999999999999993,7-9%,100-500,Same/next day,5,DE
18861,Not Specified,0.0,200.99,8.08,1170,Jessie Houston,Regular Air,Consumer,Technology,Telephones and Communication,Small Box,5125,0.59,United States,East,Delaware,Newark,19711,2015-06-02,2015-06-04,281.5344,6,1076.3,87520,657,False,False,False,Erin,2,2015-06-01,Jun,23,Tuesday,Q2,1205.94,0.0,0.2615761404812785,False,-0.3284238595187215,0%,500-2k,2-3 days,5,DE
19182,High,0.03,4.48,49.0,1178,Sandy Hunt,Regular Air,Consumer,Office Supplies,Appliances,Large Box,Hoover Portapower™ Portable Vacuum,0.6,United States,South,Florida,Altamonte Springs,32701,2015-04-09,2015-04-11,64.26599999999999,2,21.46,89787,658,False,False,False,Sam,2,2015-04-01,Apr,15,Thursday,Q2,8.96,0.26880000000000004,2.9946877912395147,False,2.3946877912395146,1-3%,<100,2-3 days,2,FL
19183,High,0.06,350.99,39.0,1178,Sandy Hunt,Delivery Truck,Consumer,Furniture,Chairs & Chairmats,Jumbo Drum,Global Leather Executive Chair,0.55,United States,South,Florida,Altamonte Springs,32701,2015-04-09,2015-04-11,-302.6156,10,3506.78,89787,659,False,False,False,Sam,2,2015-04-01,Apr,15,Thursday,Q2,3509.9,210.594,-0.08629443535094872,True,-0.6362944353509488,4-6%,2k-10k,2-3 days,2,FL
19184,High,0.09,40.98,6.5,1178,Sandy Hunt,Express Air,Consumer,Technology,Computer Peripherals,Small Box,Targus USB Numeric Keypad,0.74,United States,South,Florida,Altamonte Springs,32701,2015-04-09,2015-04-11,5.6916,7,267.69,89787,660,False,False,False,Sam,2,2015-04-01,Apr,15,Thursday,Q2,286.85999999999996,25.817399999999996,0.021261907430236468,False,-0.7187380925697635,7-9%,100-500,2-3 days,2,FL
19185,High,0.09,349.45,60.0,1178,Sandy Hunt,Delivery Truck,Consumer,Furniture,Tables,Jumbo Drum,"SAFCO PlanMaster Heigh-Adjustable Drafting Table Base, 43w x 30d x 30-37h, Black",0.68,United States,South,Florida,Altamonte Springs,32701,2015-04-09,2015-04-10,-369.10999999999996,7,2307.26,89787,661,True,False,False,Sam,1,2015-04-01,Apr,15,Thursday,Q2,2446.15,220.1535,-0.15997763581044178,True,-0.8399776358104418,7-9%,2k-10k,Same/next day,2,FL
19484,High,0.07,2.61,0.5,1182,Jesse Williamson,Regular Air,Home Office,Office Supplies,Labels,Small Box,Avery 494,0.39,United States,West,Utah,Spanish Fork,84660,2015-05-23,2015-05-23,27.013499999999997,15,39.15,86913,662,False,False,False,William,0,2015-05-01,May,21,Saturday,Q2,39.15,2.7405000000000004,0.69,False,0.29999999999999993,7-9%,<100,Same/next day,2,UT
21522,Not Specified,0.04,35.99,3.3,1183,Becky O'Brien,Regular Air,Home Office,Technology,Telephones and Communication,Small Pack,Accessory9,0.39,United States,West,Utah,Springville,84663,2015-06-29,2015-06-29,184.19549999999998,9,266.95,86914,663,False,False,False,William,0,2015-06-01,Jun,27,Monday,Q2,323.91,12.956400000000002,0.69,False,0.29999999999999993,4-6%,100-500,Same/next day,5,UT
22190,Medium,0.0,6783.02,24.49,1185,Lee Xu,Regular Air,Consumer,Technology,Office Machines,Large Box,Polycom ViewStation™ ISDN Videoconferencing Unit,0.39,United States,South,Alabama,Madison,35756,2015-03-21,2015-03-22,4.109999999999999,3,20552.55,85938,664,False,False,False,Sam,1,2015-03-01,Mar,12,Saturday,Q1,20349.06,0.0,0.00019997518556091578,False,-0.3898000248144391,0%,10k+,Same/next day,3,AL
20764,Not Specified,0.08,11.7,6.96,1185,Lee Xu,Regular Air,Consumer,Office Supplies,Appliances,Medium Box,Harmony HEPA Quiet Air Purifiers,0.5,United States,South,Alabama,Madison,35756,2015-04-10,2015-04-13,28.566,8,87.8,85940,665,False,False,False,Sam,3,2015-04-01,Apr,15,Friday,Q2,93.6,7.4879999999999995,0.32535307517084283,False,-0.17464692482915717,7-9%,<100,2-3 days,5,AL
24358,Critical,0.07,400.97,48.26,1186,Glenda Herbert,Delivery Truck,Consumer,Technology,Office Machines,Jumbo Box,Hewlett-Packard Deskjet 1220Cse Color Inkjet Printer,0.36,United States,West,California,Huntington Beach,92646,2015-04-09,2015-04-10,2581.5590999999995,10,3741.39,85939,666,False,False,False,William,1,2015-04-01,Apr,15,Thursday,Q2,4009.7000000000003,280.67900000000003,0.6899999999999998,False,0.32999999999999985,7-9%,2k-10k,Same/next day,1,CA
18829,Low,0.06,10.89,4.5,1189,Dwight Stephenson,Regular Air,Consumer,Office Supplies,Appliances,Small Box,Belkin 6 Outlet Metallic Surge Strip,0.59,United States,West,California,Huntington Beach,92646,2015-06-17,2015-06-22,-25.112000000000002,14,149.32,87584,667,False,False,False,William,5,2015-06-01,Jun,25,Wednesday,Q2,152.46,9.1476,-0.16817572997589073,True,-0.7581757299758907,4-6%,100-500,4-7 days,4,CA
18830,Low,0.03,10.64,5.16,1189,Dwight Stephenson,Regular Air,Consumer,Furniture,Office Furnishings,Small Box,"Eldon Expressions Punched Metal & Wood Desk Accessories, Pewter & Cherry",0.57,United States,West,California,Huntington Beach,92646,2015-06-17,2015-06-22,17.376,16,177.01,87584,668,False,False,False,William,5,2015-06-01,Jun,25,Wednesday,Q2,170.24,5.1072,0.09816394553980003,False,-0.47183605446019994,1-3%,100-500,4-7 days,4,CA
18831,Low,0.03,7.96,4.95,1189,Dwight Stephenson,Regular Air,Consumer,Furniture,Office Furnishings,Small Box,Staples Plastic Wall Frames,0.41,United States,West,California,Huntington Beach,92646,2015-06-17,2015-06-19,24.260399999999997,4,35.16,87584,669,False,False,False,William,2,2015-06-01,Jun,25,Wednesday,Q2,31.84,0.9551999999999999,0.69,False,0.27999999999999997,1-3%,<100,2-3 days,4,CA
19553,Low,0.03,28.53,1.49,1191,John Morse,Regular Air,Small Business,Office Supplies,Binders and Binder Accessories,Small Box,Lock-Up Easel 'Spel-Binder',0.38,United States,East,Connecticut,New Britain,06050,2015-06-28,2015-07-01,59.44049999999999,3,88.84,87587,670,False,True,False,Erin,3,2015-06-01,Jun,26,Sunday,Q2,85.59,2.5677,0.6690736154885186,False,0.2890736154885186,1-3%,<100,2-3 days,4,CT
830,Low,0.03,10.64,5.16,1193,Louis Parrish,Regular Air,Consumer,Furniture,Office Furnishings,Small Box,"Eldon Expressions Punched Metal & Wood Desk Accessories, Pewter & Cherry",0.57,United States,East,District of Columbia,Washington,20016,2015-06-17,2015-06-22,14.48,63,696.96,5984,671,False,False,False,Erin,5,2015-06-01,Jun,25,Wednesday,Q2,670.32,20.1096,0.020775941230486684,False,-0.5492240587695133,1-3%,500-2k,4-7 days,4,DC
831,Low,0.03,7.96,4.95,1193,Louis Parrish,Regular Air,Consumer,Furniture,Office Furnishings,Small Box,Staples Plastic Wall Frames,0.41,United States,East,District of Columbia,Washington,20016,2015-06-17,2015-06-19,22.25,17,149.41,5984,672,False,False,False,Erin,2,2015-06-01,Jun,25,Wednesday,Q2,135.32,4.0596,0.14891908172143767,False,-0.2610809182785623,1-3%,100-500,2-3 days,4,DC
4131,High,0.05,52.4,16.11,1193,Louis Parrish,Regular Air,Consumer,Office Supplies,Binders and Binder Accessories,Small Box,Ibico Laser Imprintable Binding System Covers,0.39,United States,East,District of Columbia,Washington,20016,2015-02-25,2015-02-27,592.5265,85,4556.63,29350,673,False,False,False,Erin,2,2015-02-01,Feb,9,Wednesday,Q1,4454.0,222.70000000000002,0.13003612318753113,False,-0.2599638768124689,4-6%,2k-10k,2-3 days,2,DC
4133,High,0.05,36.55,13.89,1193,Louis Parrish,Express Air,Consumer,Office Supplies,Pens & Art Supplies,Wrap Bag,"Dixon Ticonderoga Core-Lock Colored Pencils, 48-Color Set",0.41,United States,East,District of Columbia,Washington,20016,2015-02-25,2015-02-26,232.8,83,2948.61,29350,674,False,False,False,Erin,1,2015-02-01,Feb,9,Wednesday,Q1,3033.6499999999996,151.68249999999998,0.07895245556380803,False,-0.33104754443619194,4-6%,2k-10k,Same/next day,2,DC
5468,Not Specified,0.03,5.98,1.49,1193,Louis Parrish,Regular Air,Small Business,Office Supplies,Binders and Binder Accessories,Small Box,Avery Hanging File Binders,0.39,United States,East,District of Columbia,Washington,20016,2015-05-01,2015-05-03,38.08,85,517.85,38852,675,False,False,False,Erin,2,2015-05-01,May,18,Friday,Q2,508.3,15.249,0.07353480737665347,False,-0.31646519262334655,1-3%,500-2k,2-3 days,5,DC
1552,Low,0.09,49.99,19.99,1193,Louis Parrish,Regular Air,Small Business,Technology,Computer Peripherals,Small Box,Zoom V.92 USB External Faxmodem,0.41,United States,East,District of Columbia,Washington,20016,2015-06-28,2015-06-30,-17.03,48,2373.32,11206,676,False,False,False,Erin,2,2015-06-01,Jun,26,Sunday,Q2,2399.52,215.9568,-0.007175602110124214,True,-0.41717560211012417,7-9%,2k-10k,2-3 days,4,DC
1553,Low,0.03,28.53,1.49,1193,Louis Parrish,Regular Air,Small Business,Office Supplies,Binders and Binder Accessories,Small Box,Lock-Up Easel 'Spel-Binder',0.38,United States,East,District of Columbia,Washington,20016,2015-06-28,2015-07-01,39.626999999999995,11,325.73,11206,677,False,False,False,Erin,3,2015-06-01,Jun,26,Sunday,Q2,313.83000000000004,9.414900000000001,0.12165597273815734,False,-0.2583440272618427,1-3%,100-500,2-3 days,4,DC
23468,Not Specified,0.03,5.98,1.49,1194,Sidney Brewer,Regular Air,Small Business,Office Supplies,Binders and Binder Accessories,Small Box,Avery Hanging File Binders,0.39,United States,South,Florida,Immokalee,34142,2015-05-01,2015-05-03,20.495999999999995,21,127.94,87586,678,False,False,False,Sam,2,2015-05-01,May,18,Friday,Q2,125.58000000000001,3.7674000000000003,0.16020009379396588,False,-0.22979990620603413,1-3%,100-500,2-3 days,5,FL
19358,High,0.08,355.98,58.92,1197,Grace McNeill Hunt,Delivery Truck,Small Business,Furniture,Chairs & Chairmats,Jumbo Drum,Hon 4700 Series Mobuis™ Mid-Back Task Chairs with Adjustable Arms,0.64,United States,East,Massachusetts,Sudbury,01776,2015-03-18,2015-03-20,103.83,4,1350.94,87583,679,False,False,False,Erin,2,2015-03-01,Mar,12,Wednesday,Q1,1423.92,113.9136,0.0768575954520556,False,-0.5631424045479444,7-9%,500-2k,2-3 days,2,MA
22132,High,0.1,15.14,4.53,1199,Edward Lamm,Regular Air,Consumer,Office Supplies,Storage & Organization,Small Box,Eldon® Gobal File Keepers,0.81,United States,East,New Hampshire,Nashua,03060,2015-02-25,2015-02-28,-24.8976,5,75.17,87585,680,False,True,False,Erin,3,2015-02-01,Feb,9,Wednesday,Q1,75.7,7.57,-0.33121724092058,True,-1.14121724092058,10%+,<100,2-3 days,2,NH
22131,High,0.05,52.4,16.11,1200,Beth English,Regular Air,Consumer,Office Supplies,Binders and Binder Accessories,Small Box,Ibico Laser Imprintable Binding System Covers,0.39,United States,East,New Jersey,Elmwood Park,07407,2015-02-25,2015-02-27,776.7743999999999,21,1125.76,87585,681,False,True,False,Erin,2,2015-02-01,Feb,9,Wednesday,Q1,1100.3999999999999,55.019999999999996,0.69,False,0.29999999999999993,4-6%,500-2k,2-3 days,2,NJ
22133,High,0.05,36.55,13.89,1202,Faye Wolf,Express Air,Consumer,Office Supplies,Pens & Art Supplies,Wrap Bag,"Dixon Ticonderoga Core-Lock Colored Pencils, 48-Color Set",0.41,United States,East,New Jersey,South Orange,07079,2015-02-25,2015-02-26,344.544,21,746.03,87585,682,False,True,False,Erin,1,2015-02-01,Feb,9,Wednesday,Q1,767.55,38.3775,0.4618366553623849,False,0.05183665536238491,4-6%,500-2k,Same/next day,2,NJ
19552,Low,0.09,49.99,19.99,1203,Judy Merritt,Regular Air,Small Business,Technology,Computer Peripherals,Small Box,Zoom V.92 USB External Faxmodem,0.41,United States,East,Rhode Island,Cranston,02920,2015-06-28,2015-06-30,-8.515,12,593.33,87587,683,False,True,False,Erin,2,2015-06-01,Jun,26,Sunday,Q2,599.88,53.9892,-0.014351204220248428,True,-0.4243512042202484,7-9%,500-2k,2-3 days,4,RI
18636,Low,0.01,3.08,0.5,1211,Debra Proctor,Regular Air,Corporate,Office Supplies,Labels,Small Box,Avery 497,0.37,United States,Central,Indiana,Fort Wayne,46806,2015-02-01,2015-02-06,9.0045,4,13.05,88598,684,False,False,False,Chris,5,2015-02-01,Feb,5,Sunday,Q1,12.32,0.1232,0.69,False,0.31999999999999995,1-3%,<100,4-7 days,4,IN
22528,High,0.08,4.91,4.97,1212,Eileen Fletcher,Regular Air,Corporate,Office Supplies,Binders and Binder Accessories,Small Box,"Pressboard Covers with Storage Hooks, 9 1/2"" x 11"", Light Blue",0.38,United States,Central,Indiana,Gary,46404,2015-01-15,2015-01-16,-99.7625,12,58.95,88600,685,False,True,False,Chris,1,2015-01-01,Jan,3,Thursday,Q1,58.92,4.7136000000000005,-1.6923240033927056,True,-2.0723240033927057,7-9%,<100,Same/next day,2,IN
22529,High,0.01,3499.99,24.49,1212,Eileen Fletcher,Regular Air,Corporate,Technology,Copiers and Fax,Large Box,Canon imageCLASS 2200 Advanced Copier,0.37,United States,Central,Indiana,Gary,46404,2015-01-15,2015-01-16,-3061.82,1,3672.89,88600,686,False,True,False,Chris,1,2015-01-01,Jan,3,Thursday,Q1,3499.99,34.9999,-0.8336269259357074,True,-1.2036269259357075,1-3%,2k-10k,Same/next day,2,IN
24270,Low,0.07,29.89,1.99,1213,Jeremy Pratt,Express Air,Corporate,Technology,Computer Peripherals,Small Pack,"Verbatim DVD-RAM, 5.2GB, Rewritable, Type 1, DS",0.5,United States,Central,Indiana,Granger,46530,2015-02-04,2015-02-09,258.6189,13,374.81,88599,687,False,False,False,Chris,5,2015-02-01,Feb,6,Wednesday,Q1,388.57,27.199900000000003,0.69,False,0.18999999999999995,7-9%,100-500,4-7 days,4,IN
24271,Low,0.03,8.34,4.82,1213,Jeremy Pratt,Regular Air,Corporate,Office Supplies,Paper,Small Box,Southworth 25% Cotton Antique Laid Paper & Envelopes,0.4,United States,Central,Indiana,Granger,46530,2015-02-04,2015-02-08,-6.71,5,43.27,88599,688,False,False,False,Chris,4,2015-02-01,Feb,6,Wednesday,Q1,41.7,1.2510000000000001,-0.15507279870580076,True,-0.5550727987058008,1-3%,<100,4-7 days,4,IN
22530,High,0.03,5.84,1.2,1213,Jeremy Pratt,Regular Air,Corporate,Office Supplies,Pens & Art Supplies,Wrap Bag,Newell 312,0.55,United States,Central,Indiana,Granger,46530,2015-01-15,2015-01-17,-0.009999999999999787,2,11.74,88600,689,False,True,False,Chris,2,2015-01-01,Jan,3,Thursday,Q1,11.68,0.3504,-0.0008517887563883975,True,-0.5508517887563884,1-3%,<100,2-3 days,2,IN
7632,Medium,0.09,130.98,30.0,1217,Billy Perry Browning,Delivery Truck,Small Business,Furniture,Chairs & Chairmats,Jumbo Drum,"Office Star - Contemporary Task Swivel chair with 2-way adjustable arms, Plum",0.78,United States,East,Massachusetts,Boston,02112,2015-04-28,2015-05-01,-421.76,41,5258.94,54595,690,False,False,True,Erin,3,2015-04-01,Apr,18,Tuesday,Q2,5370.179999999999,483.3161999999999,-0.08019867121511179,True,-0.8601986712151118,7-9%,2k-10k,2-3 days,3,MA
25631,Medium,0.02,8.34,2.64,1226,Ken Cash,Regular Air,Small Business,Office Supplies,"Scissors, Rulers and Trimmers",Small Pack,Acme® Elite Stainless Steel Scissors,0.59,United States,East,Rhode Island,Pawtucket,02861,2015-04-28,2015-04-30,6.79,8,66.74,90800,691,False,True,False,Erin,2,2015-04-01,Apr,18,Tuesday,Q2,66.72,1.3344,0.10173808810308661,False,-0.48826191189691337,1-3%,<100,2-3 days,3,RI
25632,Medium,0.09,130.98,30.0,1227,Elsie Hwang,Delivery Truck,Small Business,Furniture,Chairs & Chairmats,Jumbo Drum,"Office Star - Contemporary Task Swivel chair with 2-way adjustable arms, Plum",0.78,United States,East,Vermont,South Burlington,05403,2015-04-28,2015-05-01,-421.76,10,1282.67,90800,692,False,True,False,Erin,3,2015-04-01,Apr,18,Tuesday,Q2,1309.8,117.88199999999999,-0.3288141143084347,True,-1.1088141143084347,7-9%,500-2k,2-3 days,3,VT
7810,Medium,0.0,7.1,6.05,1228,Hazel Jennings,Regular Air,Small Business,Office Supplies,Binders and Binder Accessories,Small Box,"Wilson Jones Hanging View Binder, White, 1""",0.39,United States,East,Pennsylvania,Philadelphia,19140,2015-02-16,2015-02-17,-60.145,28,208.83,55874,693,False,False,True,Erin,1,2015-02-01,Feb,8,Monday,Q1,198.79999999999998,0.0,-0.28800938562467077,True,-0.6780093856246707,0%,100-500,Same/next day,3,PA
7811,Medium,0.01,4.98,4.62,1228,Hazel Jennings,Express Air,Small Business,Technology,Computer Peripherals,Small Pack,"Imation 3.5"", DISKETTE 44766 HGHLD3.52HD/FM, 10/Pack",0.64,United States,East,Pennsylvania,Philadelphia,19140,2015-02-16,2015-02-18,-111.72,41,228.3,55874,694,False,False,True,Erin,2,2015-02-01,Feb,8,Monday,Q1,204.18,2.0418000000000003,-0.4893561103810775,True,-1.1293561103810776,1-3%,100-500,2-3 days,3,PA
7812,Medium,0.06,5.68,1.39,1228,Hazel Jennings,Regular Air,Small Business,Office Supplies,Envelopes,Small Box,Staples Standard Envelopes,0.38,United States,East,Pennsylvania,Philadelphia,19140,2015-02-16,2015-02-16,33.01,24,129.53,55874,695,False,False,True,Erin,0,2015-02-01,Feb,8,Monday,Q1,136.32,8.1792,0.2548444375820273,False,-0.1251555624179727,4-6%,100-500,Same/next day,3,PA
25811,Medium,0.01,4.98,4.62,1229,Patrick Byrne,Express Air,Small Business,Technology,Computer Peripherals,Small Pack,"Imation 3.5"", DISKETTE 44766 HGHLD3.52HD/FM, 10/Pack",0.64,United States,Central,Texas,Sulphur Springs,75482,2015-02-16,2015-02-18,-111.72,10,55.68,90378,696,False,False,False,Chris,2,2015-02-01,Feb,8,Monday,Q1,49.800000000000004,0.49800000000000005,-2.0064655172413794,True,-2.6464655172413796,1-3%,<100,2-3 days,3,TX
21206,Critical,0.1,120.98,9.07,1233,Gary Hester,Express Air,Consumer,Office Supplies,Binders and Binder Accessories,Small Box,GBC VeloBinder Electric Binding Machine,0.35,United States,Central,Texas,Flower Mound,75028,2015-04-09,2015-04-11,297.45716,5,568.24,89375,697,False,False,False,Chris,2,2015-04-01,Apr,15,Thursday,Q2,604.9,60.49,0.5234709981697874,False,0.1734709981697874,10%+,500-2k,2-3 days,1,TX
21207,Critical,0.02,152.48,6.5,1233,Gary Hester,Express Air,Consumer,Technology,Computer Peripherals,Small Box,Adesso Programmable 142-Key Keyboard,0.74,United States,Central,Texas,Flower Mound,75028,2015-04-09,2015-04-11,-564.6024,1,162.91,89375,698,False,False,False,Chris,2,2015-04-01,Apr,15,Thursday,Q2,152.48,3.0496,-3.465731999263397,True,-4.205731999263397,1-3%,100-500,2-3 days,1,TX
19874,High,0.09,99.99,19.99,1233,Gary Hester,Regular Air,Consumer,Technology,Computer Peripherals,Small Box,US Robotics 56K V.92 External Faxmodem,0.52,United States,Central,Texas,Flower Mound,75028,2015-06-04,2015-06-06,-161.475,1,97.65,89376,699,False,False,False,Chris,2,2015-06-01,Jun,23,Thursday,Q2,99.99,8.999099999999999,-1.6536098310291858,True,-2.173609831029186,7-9%,<100,2-3 days,2,TX
19875,High,0.04,205.99,5.26,1233,Gary Hester,Regular Air,Consumer,Technology,Telephones and Communication,Small Box,i470,0.56,United States,Central,Texas,Flower Mound,75028,2015-06-04,2015-06-05,-0.81400000000001,6,1018.61,89376,700,False,False,False,Chris,1,2015-06-01,Jun,23,Thursday,Q2,1235.94,49.4376,-0.0007991282237559125,True,-0.560799128223756,4-6%,500-2k,Same/next day,2,TX
20592,Medium,0.03,128.24,12.65,1237,Eva Simpson,Regular Air,Corporate,Furniture,Chairs & Chairmats,Medium Box,SAFCO Folding Chair Trolley,0.62,United States,Central,Texas,Carrollton,75007,2015-01-31,2015-02-02,790.4639999999998,9,1145.6,86075,701,True,True,False,Chris,2,2015-01-01,Jan,5,Saturday,Q1,1154.16,34.6248,0.69,False,0.06999999999999995,1-3%,500-2k,2-3 days,3,TX
18625,Not Specified,0.02,7.38,5.21,1237,Eva Simpson,Regular Air,Corporate,Furniture,Office Furnishings,Small Box,"Eldon® Expressions™ Wood Desk Accessories, Oak",0.56,United States,Central,Texas,Carrollton,75007,2015-03-29,2015-03-30,7.74,3,24.52,86076,702,False,False,False,Chris,1,2015-03-01,Mar,13,Sunday,Q1,22.14,0.4428,0.31566068515497553,False,-0.24433931484502452,1-3%,<100,Same/next day,5,TX
20432,Medium,0.05,300.98,13.99,1237,Eva Simpson,Regular Air,Corporate,Technology,Office Machines,Medium Box,Polycom VoiceStation 100,0.39,United States,Central,Texas,Carrollton,75007,2015-05-25,2015-05-26,3985.3089,20,5775.81,86077,703,False,False,False,Chris,1,2015-05-01,May,22,Monday,Q2,6019.6,300.98,0.69,False,0.29999999999999993,4-6%,2k-10k,Same/next day,3,TX
20433,Medium,0.04,205.99,5.0,1237,Eva Simpson,Express Air,Corporate,Technology,Telephones and Communication,Small Box,Phone 918,0.59,United States,Central,Texas,Carrollton,75007,2015-05-25,2015-05-26,13.956800000000015,11,1878.24,86077,704,False,False,False,Chris,1,2015-05-01,May,22,Monday,Q2,2265.8900000000003,90.63560000000001,0.007430786267995579,False,-0.5825692137320044,4-6%,500-2k,Same/next day,3,TX
20593,Medium,0.01,160.98,30.0,1238,April Bowers,Delivery Truck,Corporate,Furniture,Chairs & Chairmats,Jumbo Drum,Office Star - Mid Back Dual function Ergonomic High Back Chair with 2-Way Adjustable Arms,0.62,United States,Central,Texas,Cedar Hill,75104,2015-01-31,2015-02-02,788.79,10,1634.67,86075,705,False,True,False,Chris,2,2015-01-01,Jan,5,Saturday,Q1,1609.8,16.098,0.48253775991484515,False,-0.13746224008515484,1-3%,500-2k,2-3 days,3,TX
20920,Not Specified,0.0,387.99,19.99,1241,Bradley Schroeder,Regular Air,Corporate,Office Supplies,Binders and Binder Accessories,Small Box,Fellowes PB300 Plastic Comb Binding Machine,0.38,United States,South,Alabama,Auburn,36830,2015-03-16,2015-03-17,-70.14,23,9280.72,90880,706,False,False,False,Sam,1,2015-03-01,Mar,12,Monday,Q1,8923.77,0.0,-0.007557603289399961,True,-0.3875576032894,0%,2k-10k,Same/next day,5,AL
20233,Critical,0.06,200.97,15.59,1241,Bradley Schroeder,Delivery Truck,Small Business,Technology,Office Machines,Jumbo Drum,Hewlett-Packard Deskjet 6122 Color Inkjet Printer,0.36,United States,South,Alabama,Auburn,36830,2015-03-25,2015-03-25,531.6179999999999,7,1348.83,90881,707,False,False,False,Sam,0,2015-03-01,Mar,13,Wednesday,Q1,1406.79,84.4074,0.3941326927781855,False,0.034132692778185536,4-6%,500-2k,Same/next day,1,AL
5117,High,0.1,22.38,15.1,1246,Lois Hansen,Regular Air,Home Office,Office Supplies,Binders and Binder Accessories,Small Box,"Avery Flip-Chart Easel Binder, Black",0.38,United States,East,New York,New York City,10009,2015-04-05,2015-04-06,-107.5135,26,564.98,36452,708,False,False,False,Erin,1,2015-04-01,Apr,14,Sunday,Q2,581.88,58.188,-0.1902961166766965,True,-0.5702961166766964,10%+,500-2k,Same/next day,2,NY
5118,High,0.04,6.98,2.83,1246,Lois Hansen,Regular Air,Home Office,Furniture,Office Furnishings,Small Pack,G.E. Halogen Desk Lamp Bulbs,0.37,United States,East,New York,New York City,10009,2015-04-05,2015-04-07,46.01,18,129.48,36452,709,False,False,False,Erin,2,2015-04-01,Apr,14,Sunday,Q2,125.64000000000001,5.025600000000001,0.3553444547420451,False,-0.014655545257954872,4-6%,100-500,2-3 days,2,NY
6581,Low,0.03,256.99,11.25,1246,Lois Hansen,Regular Air,Home Office,Technology,Computer Peripherals,Small Box,Hayes Optima 56K V.90 Internal Voice Modem,0.51,United States,East,New York,New York City,10009,2015-05-22,2015-05-22,1489.8,32,8216.28,46853,710,False,False,False,Erin,0,2015-05-01,May,21,Friday,Q2,8223.68,246.7104,0.18132293446669293,False,-0.3286770655333071,1-3%,2k-10k,Same/next day,4,NY
23117,High,0.1,22.38,15.1,1247,Henry O'Connell,Regular Air,Home Office,Office Supplies,Binders and Binder Accessories,Small Box,"Avery Flip-Chart Easel Binder, Black",0.38,United States,Central,Texas,Leander,78641,2015-04-05,2015-04-06,-107.5135,7,152.11,91555,711,False,False,False,Chris,1,2015-04-01,Apr,14,Sunday,Q2,156.66,15.666,-0.7068141476563012,True,-1.0868141476563014,10%+,100-500,Same/next day,2,TX
23118,High,0.04,6.98,2.83,1247,Henry O'Connell,Regular Air,Home Office,Furniture,Office Furnishings,Small Pack,G.E. Halogen Desk Lamp Bulbs,0.37,United States,Central,Texas,Leander,78641,2015-04-05,2015-04-07,24.8193,5,35.97,91555,712,False,False,False,Chris,2,2015-04-01,Apr,14,Sunday,Q2,34.900000000000006,1.3960000000000004,0.69,False,0.31999999999999995,4-6%,<100,2-3 days,2,TX
18413,High,0.0,3.89,7.01,1250,Kara Patton,Regular Air,Corporate,Office Supplies,Binders and Binder Accessories,Small Box,Avery Binder Labels,0.37,United States,Central,Illinois,Carpentersville,60110,2015-04-09,2015-04-09,-255.1689,21,85.64,87877,713,False,False,False,Chris,0,2015-04-01,Apr,15,Thursday,Q2,81.69,0.0,-2.9795527790751986,True,-3.3495527790751987,0%,<100,Same/next day,2,IL
18414,High,0.09,120.98,30.0,1250,Kara Patton,Delivery Truck,Corporate,Furniture,Chairs & Chairmats,Jumbo Drum,Hon Every-Day® Chair Series Swivel Task Chairs,0.64,United States,Central,Illinois,Carpentersville,60110,2015-04-09,2015-04-11,74.0048,22,2508.15,87877,714,False,False,False,Chris,2,2015-04-01,Apr,15,Thursday,Q2,2661.56,239.54039999999998,0.02950573131591013,False,-0.6104942686840898,7-9%,2k-10k,2-3 days,2,IL
18415,High,0.1,30.98,5.76,1250,Kara Patton,Regular Air,Corporate,Office Supplies,Paper,Small Box,"IBM Multi-Purpose Copy Paper, 8 1/2 x 11"", Case",0.4,United States,Central,Illinois,Carpentersville,60110,2015-04-09,2015-04-10,109.42479999999999,8,225.62,87877,715,False,False,False,Chris,1,2015-04-01,Apr,15,Thursday,Q2,247.84,24.784000000000002,0.4849960109919333,False,0.08499601099193327,10%+,100-500,Same/next day,2,IL
19322,Low,0.02,46.89,5.1,1253,Vickie Coates,Regular Air,Home Office,Office Supplies,Appliances,Medium Box,Bionaire Personal Warm Mist Humidifier/Vaporizer,0.46,United States,Central,Texas,Cedar Park,78613,2015-04-23,2015-04-23,421.34849999999994,13,610.65,89981,716,False,False,False,Chris,0,2015-04-01,Apr,17,Thursday,Q2,609.57,12.191400000000002,0.69,False,0.22999999999999993,1-3%,500-2k,Same/next day,4,TX
19323,Low,0.05,140.98,36.09,1253,Vickie Coates,Delivery Truck,Home Office,Furniture,Bookcases,Jumbo Box,"Sauder Forest Hills Library, Woodland Oak Finish",0.77,United States,Central,Texas,Cedar Park,78613,2015-04-23,2015-04-25,-373.09,5,699.24,89981,717,False,False,False,Chris,2,2015-04-01,Apr,17,Thursday,Q2,704.9,35.245,-0.5335650134431669,True,-1.3035650134431669,4-6%,500-2k,2-3 days,4,TX
19324,Low,0.1,212.6,110.2,1253,Vickie Coates,Delivery Truck,Home Office,Furniture,Tables,Jumbo Box,Bush Advantage Collection® Round Conference Table,0.73,United States,Central,Texas,Cedar Park,78613,2015-04-23,2015-04-25,-3465.072,12,2346.03,89981,718,False,False,False,Chris,2,2015-04-01,Apr,17,Thursday,Q2,2551.2,255.12,-1.4769939003337553,True,-2.2069939003337553,10%+,2k-10k,2-3 days,4,TX
23455,Medium,0.04,2.08,1.49,1254,Anne Bland,Regular Air,Home Office,Office Supplies,Binders and Binder Accessories,Small Box,Economy Binders,0.36,United States,Central,Texas,Channelview,77530,2015-05-21,2015-05-23,-11.281500000000001,16,33.77,89982,719,False,False,False,Chris,2,2015-05-01,May,21,Thursday,Q2,33.28,1.3312000000000002,-0.3340687000296121,True,-0.6940687000296121,4-6%,<100,2-3 days,3,TX
23815,Critical,0.06,80.98,35.0,1254,Anne Bland,Regular Air,Home Office,Office Supplies,Storage & Organization,Large Box,Carina Double Wide Media Storage Towers in Natural & Black,0.81,United States,Central,Texas,Channelview,77530,2015-03-12,2015-03-13,-218.77,2,172.79,89983,720,False,False,False,Chris,1,2015-03-01,Mar,11,Thursday,Q1,161.96,9.717600000000001,-1.2661033624631057,True,-2.0761033624631056,4-6%,100-500,Same/next day,1,TX
23926,Medium,0.06,3.95,2.0,1254,Anne Bland,Regular Air,Home Office,Office Supplies,Rubber Bands,Wrap Bag,Advantus Map Pennant Flags and Round Head Tacks,0.53,United States,Central,Texas,Channelview,77530,2015-03-24,2015-03-25,-9.68,5,19.66,89984,721,False,False,False,Chris,1,2015-03-01,Mar,13,Tuesday,Q1,19.75,1.185,-0.4923702950152594,True,-1.0223702950152593,4-6%,<100,Same/next day,3,TX
18131,Medium,0.01,115.99,56.14,1257,Ryan Foster,Delivery Truck,Home Office,Technology,Office Machines,Jumbo Drum,Hewlett-Packard Deskjet 5550 Color Inkjet Printer,0.4,United States,West,Colorado,Aurora,80013,2015-05-22,2015-05-23,-164.39520000000002,5,604.35,86535,722,False,False,False,William,1,2015-05-01,May,21,Friday,Q2,579.9499999999999,5.799499999999999,-0.27201985604368334,True,-0.6720198560436834,1-3%,500-2k,Same/next day,3,CO
18693,Critical,0.04,2.52,1.92,1257,Ryan Foster,Regular Air,Home Office,Office Supplies,"Scissors, Rulers and Trimmers",Wrap Bag,Letter Slitter,0.82,United States,West,Colorado,Aurora,80013,2015-04-24,2015-04-24,-8.208,1,3.13,86536,723,False,False,False,William,0,2015-04-01,Apr,17,Friday,Q2,2.52,0.1008,-2.622364217252396,True,-3.442364217252396,4-6%,<100,Same/next day,1,CO
24939,High,0.03,3.69,2.5,1259,Keith Hobbs,Express Air,Home Office,Office Supplies,Envelopes,Small Box,Colored Envelopes,0.39,United States,South,Kentucky,Danville,40422,2015-04-20,2015-04-20,-2196.684,9,38.65,86534,724,False,False,False,Sam,0,2015-04-01,Apr,17,Monday,Q2,33.21,0.9963,-56.83529107373869,True,-57.22529107373869,1-3%,<100,Same/next day,2,KY
21771,Critical,0.02,73.98,14.52,1261,Vickie Gonzalez,Regular Air,Home Office,Technology,Computer Peripherals,Small Box,Keytronic French Keyboard,0.65,United States,West,Colorado,Broomfield,80020,2015-05-07,2015-05-10,43.53800000000001,5,378.23,89730,725,False,False,False,William,3,2015-05-01,May,19,Thursday,Q2,369.90000000000003,7.398000000000001,0.11510985379266586,False,-0.5348901462073341,1-3%,100-500,2-3 days,1,CO
24559,Critical,0.05,5.28,6.26,1265,Danielle Kramer,Regular Air,Home Office,Office Supplies,Paper,Small Box,Xerox 1928,0.4,United States,Central,Oklahoma,Altus,73521,2015-06-11,2015-06-12,-11.376000000000001,1,7.15,89729,726,False,False,False,Chris,1,2015-06-01,Jun,24,Thursday,Q2,5.28,0.264,-1.5910489510489512,True,-1.9910489510489513,4-6%,<100,Same/next day,1,OK
22363,Critical,0.01,13.99,7.51,1267,Rosemary Branch,Regular Air,Corporate,Technology,Office Machines,Medium Box,Sharp EL500L Fraction Calculator,0.39,United States,South,Florida,Boca Raton,33433,2015-02-10,2015-02-11,533.742,2,29.85,89514,727,False,False,False,Sam,1,2015-02-01,Feb,7,Tuesday,Q1,27.98,0.2798,17.880804020100502,False,17.4908040201005,1-3%,<100,Same/next day,1,FL
21848,Not Specified,0.08,128.24,12.65,1267,Rosemary Branch,Regular Air,Corporate,Furniture,Chairs & Chairmats,Medium Box,SAFCO Folding Chair Trolley,0.62,United States,South,Florida,Boca Raton,33433,2015-05-12,2015-05-13,-379.344,3,366.44,89515,728,True,False,False,Sam,1,2015-05-01,May,20,Tuesday,Q2,384.72,30.777600000000003,-1.0352144962340355,True,-1.6552144962340356,7-9%,100-500,Same/next day,5,FL
21849,Not Specified,0.04,5.98,4.38,1267,Rosemary Branch,Regular Air,Corporate,Technology,Computer Peripherals,Small Pack,"Imation 3.5"" DS/HD IBM Formatted Diskettes, 10/Pack",0.75,United States,South,Florida,Boca Raton,33433,2015-05-12,2015-05-14,-1522.3039999999999,11,69.75,89515,729,False,False,False,Sam,2,2015-05-01,May,20,Tuesday,Q2,65.78,2.6312,-21.825146953405017,True,-22.575146953405017,4-6%,<100,2-3 days,5,FL
19550,Medium,0.07,125.99,7.69,1271,Joanne Church,Regular Air,Corporate,Technology,Telephones and Communication,Small Box,StarTAC 3000,0.59,United States,West,California,La Mesa,91941,2015-04-09,2015-04-10,588.2456999999999,8,852.53,88410,730,False,False,False,William,1,2015-04-01,Apr,15,Thursday,Q2,1007.92,70.5544,0.69,False,0.09999999999999998,7-9%,500-2k,Same/next day,3,CA
19398,Low,0.1,34.23,5.02,1271,Joanne Church,Regular Air,Corporate,Furniture,Office Furnishings,Small Box,Hand-Finished Solid Wood Document Frame,0.55,United States,West,California,La Mesa,91941,2015-05-01,2015-05-06,151.56539999999998,7,219.66,88411,731,False,False,False,William,5,2015-05-01,May,18,Friday,Q2,239.60999999999999,23.961,0.69,False,0.1399999999999999,10%+,100-500,4-7 days,4,CA
20628,Critical,0.07,40.98,7.47,1279,Josephine Rao,Regular Air,Corporate,Office Supplies,Binders and Binder Accessories,Small Box,"Wilson Jones Ledger-Size, Piano-Hinge Binder, 2"", Blue",0.37,United States,Central,Indiana,Hammond,46324,2015-03-01,2015-03-02,54.901500000000006,2,81.9,90114,732,False,False,False,Chris,1,2015-03-01,Mar,9,Sunday,Q1,81.96,5.7372000000000005,0.6703479853479853,False,0.30034798534798535,7-9%,<100,Same/next day,1,IN
25005,Not Specified,0.0,442.14,14.7,1279,Josephine Rao,Delivery Truck,Corporate,Technology,Office Machines,Jumbo Drum,Okidata ML390 Turbo Dot Matrix Printers,0.56,United States,Central,Indiana,Hammond,46324,2015-03-05,2015-03-05,501.51,5,2343.34,90115,733,False,False,False,Chris,0,2015-03-01,Mar,10,Thursday,Q1,2210.7,0.0,0.21401503836404448,False,-0.3459849616359556,0%,2k-10k,Same/next day,5,IN
2628,Critical,0.07,40.98,7.47,1280,Harold Albright,Regular Air,Corporate,Office Supplies,Binders and Binder Accessories,Small Box,"Wilson Jones Ledger-Size, Piano-Hinge Binder, 2"", Blue",0.37,United States,West,Washington,Seattle,98119,2015-03-01,2015-03-02,54.901500000000006,8,327.61,19042,734,False,False,False,William,1,2015-03-01,Mar,9,Sunday,Q1,327.84,22.948800000000002,0.1675818808949666,False,-0.2024181191050334,7-9%,100-500,Same/next day,1,WA
22125,Low,0.1,238.4,24.49,1281,Pauline Denton,Regular Air,Small Business,Furniture,Chairs & Chairmats,Large Box,Safco Contoured Stacking Chairs,0.62,United States,Central,Indiana,Vincennes,47591,2015-01-24,2015-01-26,875.2844,8,1774.5,89112,735,True,False,False,Chris,2,2015-01-01,Jan,4,Saturday,Q1,1907.2,190.72000000000003,0.4932569174415328,False,-0.12674308255846717,10%+,500-2k,2-3 days,4,IN
22126,Low,0.03,199.99,24.49,1281,Pauline Denton,Express Air,Small Business,Technology,Copiers and Fax,Large Box,Canon PC-428 Personal Copier,0.46,United States,Central,Indiana,Vincennes,47591,2015-01-24,2015-01-26,727.7361,5,1054.69,89112,736,False,False,False,Chris,2,2015-01-01,Jan,4,Saturday,Q1,999.95,29.9985,0.69,False,0.22999999999999993,1-3%,500-2k,2-3 days,4,IN
4125,Low,0.1,238.4,24.49,1282,Dana Sharpe,Regular Air,Small Business,Furniture,Chairs & Chairmats,Large Box,Safco Contoured Stacking Chairs,0.62,United States,East,Pennsylvania,Philadelphia,19134,2015-01-24,2015-01-26,460.67600000000004,30,6654.39,29319,737,True,False,False,Erin,2,2015-01-01,Jan,4,Saturday,Q1,7152.0,715.2,0.06922888499171224,False,-0.5507711150082878,10%+,2k-10k,2-3 days,4,PA
4126,Low,0.03,199.99,24.49,1282,Dana Sharpe,Express Air,Small Business,Technology,Copiers and Fax,Large Box,Canon PC-428 Personal Copier,0.46,United States,East,Pennsylvania,Philadelphia,19134,2015-01-24,2015-01-26,393.41999999999996,21,4429.69,29319,738,False,False,False,Erin,2,2015-01-01,Jan,4,Saturday,Q1,4199.79,125.99369999999999,0.0888143414098955,False,-0.37118565859010455,1-3%,2k-10k,2-3 days,4,PA
19990,Not Specified,0.04,150.98,13.99,1298,Herbert Beard,Regular Air,Home Office,Technology,Office Machines,Medium Box,Canon MP41DH Printing Calculator,0.38,United States,Central,Texas,Sulphur Springs,75482,2015-02-12,2015-02-15,606.0545999999999,6,878.34,90662,739,False,False,False,Chris,3,2015-02-01,Feb,7,Thursday,Q1,905.8799999999999,36.2352,0.69,False,0.30999999999999994,4-6%,500-2k,2-3 days,5,TX
19991,Not Specified,0.04,176.19,11.87,1298,Herbert Beard,Regular Air,Home Office,Office Supplies,Storage & Organization,Small Box,Fellowes High-Stak® Drawer Files,0.62,United States,Central,Texas,Sulphur Springs,75482,2015-02-12,2015-02-14,320.1,4,676.57,90662,740,False,False,False,Chris,2,2015-02-01,Feb,7,Thursday,Q1,704.76,28.1904,0.4731217760172636,False,-0.14687822398273642,4-6%,500-2k,2-3 days,5,TX
23120,High,0.03,39.48,1.99,1303,Cindy Harvey,Regular Air,Consumer,Technology,Computer Peripherals,Small Pack,"80 Minute CD-R Spindle, 100/Pack - Staples",0.54,United States,West,Utah,Tooele,84074,2015-02-19,2015-02-21,317.0895,12,459.55,87003,741,False,False,False,William,2,2015-02-01,Feb,8,Thursday,Q1,473.76,14.2128,0.69,False,0.1499999999999999,1-3%,100-500,2-3 days,2,UT
20652,Low,0.01,65.99,5.31,1303,Cindy Harvey,Regular Air,Consumer,Technology,Telephones and Communication,Small Box,3390,0.57,United States,West,Utah,Tooele,84074,2015-02-19,2015-02-26,250.36272000000002,9,536.9,87005,742,False,False,False,William,7,2015-02-01,Feb,8,Thursday,Q1,593.91,5.9391,0.4663116409014715,False,-0.10368835909852847,1-3%,500-2k,4-7 days,4,UT
25092,Medium,0.08,2.88,0.5,1304,Sherri McIntosh,Regular Air,Consumer,Office Supplies,Labels,Small Box,Avery 507,0.39,United States,West,Utah,West Jordan,84084,2015-04-23,2015-04-24,6.0306,3,8.74,87004,743,False,False,False,William,1,2015-04-01,Apr,17,Thursday,Q2,8.64,0.6912,0.69,False,0.29999999999999993,7-9%,<100,Same/next day,3,UT
26274,High,0.04,62.18,10.84,1305,Chris Pritchard,Regular Air,Consumer,Furniture,Office Furnishings,Medium Box,Deflect-o Glass Clear Studded Chair Mats,0.63,United States,West,Utah,West Valley City,84120,2015-02-17,2015-02-19,125.8077,3,182.33,87002,744,False,False,False,William,2,2015-02-01,Feb,8,Tuesday,Q1,186.54,7.4616,0.69,False,0.05999999999999994,4-6%,100-500,2-3 days,2,UT
22832,Low,0.04,8.33,1.99,1307,Teresa Hill,Regular Air,Small Business,Technology,Computer Peripherals,Small Pack,"80 Minute Slim Jewel Case CD-R , 10/Pack - Staples",0.52,United States,West,Oregon,Coos Bay,97420,2015-06-30,2015-07-07,44.891999999999996,16,131.26,91451,745,False,False,False,William,7,2015-06-01,Jun,27,Tuesday,Q2,133.28,5.3312,0.34200822794453756,False,-0.17799177205546246,4-6%,100-500,4-7 days,4,OR
3167,Medium,0.04,5.34,2.99,1314,Keith Marsh,Regular Air,Home Office,Office Supplies,Binders and Binder Accessories,Small Box,Wilson Jones 14 Line Acrylic Coated Pressboard Data Binders,0.38,United States,West,California,Los Angeles,90058,2015-03-30,2015-04-01,3.4509999999999996,45,240.6,22755,746,False,False,False,William,2,2015-03-01,Mar,14,Monday,Q1,240.29999999999998,9.612,0.014343308395677472,False,-0.3656566916043225,4-6%,100-500,2-3 days,3,CA
3168,Medium,0.06,55.99,5.0,1314,Keith Marsh,Regular Air,Home Office,Technology,Telephones and Communication,Small Pack,Accessory6,0.8,United States,West,California,Los Angeles,90058,2015-03-30,2015-04-01,-275.253,5,236.88,22755,747,False,False,False,William,2,2015-03-01,Mar,14,Monday,Q1,279.95,16.796999999999997,-1.1619934143870314,True,-1.9619934143870315,4-6%,100-500,2-3 days,3,CA
3791,Low,0.05,80.98,35.0,1314,Keith Marsh,Regular Air,Home Office,Office Supplies,Storage & Organization,Large Box,Carina Double Wide Media Storage Towers in Natural & Black,0.81,United States,West,California,Los Angeles,90058,2015-01-05,2015-01-09,-746.44,34,2710.47,27013,748,False,False,False,William,4,2015-01-01,Jan,2,Monday,Q1,2753.32,137.66600000000003,-0.27539135279121335,True,-1.0853913527912133,4-6%,2k-10k,4-7 days,4,CA
3792,Low,0.05,279.48,35.0,1314,Keith Marsh,Regular Air,Home Office,Office Supplies,Storage & Organization,Large Box,"Tennsco Snap-Together Open Shelving Units, Starter Sets and Add-On Units",0.8,United States,West,California,Los Angeles,90058,2015-01-05,2015-01-05,-274.95,31,8354.73,27013,749,False,False,False,William,0,2015-01-01,Jan,2,Monday,Q1,8663.880000000001,433.1940000000001,-0.032909501563784825,True,-0.8329095015637848,4-6%,2k-10k,Same/next day,4,CA
21166,Medium,0.0,4.91,5.68,1315,Adam Saunders Gray,Regular Air,Home Office,Office Supplies,Binders and Binder Accessories,Small Box,"Acco Pressboard Covers with Storage Hooks, 14 7/8"" x 11"", Light Blue",0.36,United States,West,Colorado,Colorado Springs,80906,2015-03-30,2015-03-31,-95.0475,9,48.3,87602,750,False,True,False,William,1,2015-03-01,Mar,14,Monday,Q1,44.19,0.0,-1.967857142857143,True,-2.327857142857143,0%,<100,Same/next day,3,CO
21167,Medium,0.04,5.34,2.99,1316,Marion Lindsey,Regular Air,Home Office,Office Supplies,Binders and Binder Accessories,Small Box,Wilson Jones 14 Line Acrylic Coated Pressboard Data Binders,0.38,United States,West,Colorado,Commerce City,80022,2015-03-30,2015-04-01,3.4509999999999996,11,58.81,87602,751,False,True,False,William,2,2015-03-01,Mar,14,Monday,Q1,58.739999999999995,2.3495999999999997,0.05868049651419826,False,-0.32131950348580174,4-6%,<100,2-3 days,3,CO
21168,Medium,0.06,55.99,5.0,1316,Marion Lindsey,Regular Air,Home Office,Technology,Telephones and Communication,Small Pack,Accessory6,0.8,United States,West,Colorado,Commerce City,80022,2015-03-30,2015-04-01,-275.253,1,47.38,87602,752,False,True,False,William,2,2015-03-01,Mar,14,Monday,Q1,55.99,3.3594,-5.8094765723934145,True,-6.609476572393414,4-6%,<100,2-3 days,3,CO
21791,Low,0.05,80.98,35.0,1316,Marion Lindsey,Regular Air,Home Office,Office Supplies,Storage & Organization,Large Box,Carina Double Wide Media Storage Towers in Natural & Black,0.81,United States,West,Colorado,Commerce City,80022,2015-01-05,2015-01-09,-746.44,8,637.76,87603,753,False,False,False,William,4,2015-01-01,Jan,2,Monday,Q1,647.84,32.392,-1.170408931259408,True,-1.980408931259408,4-6%,500-2k,4-7 days,4,CO
21792,Low,0.05,279.48,35.0,1316,Marion Lindsey,Regular Air,Home Office,Office Supplies,Storage & Organization,Large Box,"Tennsco Snap-Together Open Shelving Units, Starter Sets and Add-On Units",0.8,United States,West,Colorado,Commerce City,80022,2015-01-05,2015-01-05,-274.95,8,2156.06,87603,754,False,False,False,William,0,2015-01-01,Jan,2,Monday,Q1,2235.84,111.79200000000002,-0.1275242804003599,True,-0.92752428040036,4-6%,2k-10k,Same/next day,4,CO
21006,Low,0.02,55.99,3.3,1338,Denise McIntosh,Regular Air,Home Office,Technology,Telephones and Communication,Small Pack,Accessory24,0.59,United States,Central,Illinois,Chicago,60623,2015-02-10,2015-02-10,525.2004,16,761.16,91244,755,False,True,False,Chris,0,2015-02-01,Feb,7,Tuesday,Q1,895.84,17.916800000000002,0.69,False,0.09999999999999998,1-3%,500-2k,Same/next day,4,IL
3004,Low,0.0,22.38,15.1,1340,Marie Bass,Express Air,Home Office,Office Supplies,Binders and Binder Accessories,Small Box,"Avery Flip-Chart Easel Binder, Black",0.38,United States,East,New York,New York City,10170,2015-02-10,2015-02-17,-52.647,29,682.68,21636,756,False,False,False,Erin,7,2015-02-01,Feb,7,Tuesday,Q1,649.02,0.0,-0.07711812269291615,True,-0.4571181226929162,0%,500-2k,4-7 days,4,NY
3005,Low,0.07,5.98,4.69,1340,Marie Bass,Regular Air,Home Office,Office Supplies,Storage & Organization,Small Box,"Perma STOR-ALL™ Hanging File Box, 13 1/8""W x 12 1/4""D x 10 1/2""H",0.68,United States,East,New York,New York City,10170,2015-02-10,2015-02-15,-24.44,11,73.44,21636,757,False,False,False,Erin,5,2015-02-01,Feb,7,Tuesday,Q1,65.78,4.6046000000000005,-0.33278867102396514,True,-1.0127886710239653,7-9%,<100,4-7 days,4,NY
3006,Low,0.02,55.99,3.3,1340,Marie Bass,Regular Air,Home Office,Technology,Telephones and Communication,Small Pack,Accessory24,0.59,United States,East,New York,New York City,10170,2015-02-10,2015-02-10,366.507,63,2997.07,21636,758,False,False,False,Erin,0,2015-02-01,Feb,7,Tuesday,Q1,3527.3700000000003,70.54740000000001,0.12228843503822066,False,-0.4677115649617793,1-3%,2k-10k,Same/next day,4,NY
3431,Not Specified,0.07,3.98,0.83,1340,Marie Bass,Regular Air,Home Office,Office Supplies,Pens & Art Supplies,Wrap Bag,Fluorescent Highlighters by Dixon,0.51,United States,East,New York,New York City,10170,2015-06-06,2015-06-09,27.38,76,282.85,24455,759,False,False,False,Erin,3,2015-06-01,Jun,23,Saturday,Q2,302.48,21.173600000000004,0.09680042425313769,False,-0.41319957574686234,7-9%,100-500,2-3 days,5,NY
21005,Low,0.07,5.98,4.69,1341,Edward Bynum,Regular Air,Home Office,Office Supplies,Storage & Organization,Small Box,"Perma STOR-ALL™ Hanging File Box, 13 1/8""W x 12 1/4""D x 10 1/2""H",0.68,United States,East,Pennsylvania,Chambersburg,17201,2015-02-10,2015-02-15,-12.708800000000002,3,20.03,91244,760,False,True,False,Erin,5,2015-02-01,Feb,7,Tuesday,Q1,17.94,1.2558000000000002,-0.6344882675986021,True,-1.3144882675986023,7-9%,<100,4-7 days,4,PA
21430,Not Specified,0.0,20.89,1.99,1341,Edward Bynum,Regular Air,Home Office,Technology,Computer Peripherals,Small Pack,"IBM 80 Minute CD-R Spindle, 50/Pack",0.48,United States,East,Pennsylvania,Chambersburg,17201,2015-06-06,2015-06-08,-5.295,4,84.56,91245,761,False,False,False,Erin,2,2015-06-01,Jun,23,Saturday,Q2,83.56,0.0,-0.06261825922421949,True,-0.5426182592242195,0%,<100,2-3 days,5,PA
21431,Not Specified,0.07,3.98,0.83,1341,Edward Bynum,Regular Air,Home Office,Office Supplies,Pens & Art Supplies,Wrap Bag,Fluorescent Highlighters by Dixon,0.51,United States,East,Pennsylvania,Chambersburg,17201,2015-06-06,2015-06-09,41.07,19,70.71,91245,762,False,False,False,Erin,3,2015-06-01,Jun,23,Saturday,Q2,75.62,5.293400000000001,0.580823080186678,False,0.07082308018667804,7-9%,<100,2-3 days,5,PA
20804,Low,0.1,2.62,0.8,1347,Vivian Goldstein,Regular Air,Home Office,Office Supplies,Rubber Bands,Wrap Bag,Staples Metal Binder Clips,0.39,United States,South,Florida,Brandon,33511,2015-04-30,2015-05-06,-94.4909,21,51.86,89686,763,False,False,False,Sam,6,2015-04-01,Apr,18,Thursday,Q2,55.02,5.502000000000001,-1.8220381797146161,True,-2.2120381797146162,10%+,<100,4-7 days,4,FL
22414,High,0.0,12.2,6.02,1350,Jackie Burke,Express Air,Home Office,Furniture,Office Furnishings,Small Pack,Advantus Panel Wall Certificate Holder - 8.5x11,0.43,United States,South,Florida,Carol City,33055,2015-04-17,2015-04-18,-172.298,4,56.24,88233,764,False,False,False,Sam,1,2015-04-01,Apr,16,Friday,Q2,48.8,0.0,-3.063620199146515,True,-3.4936201991465152,0%,<100,Same/next day,2,FL
18499,Not Specified,0.1,110.99,8.99,1351,Janet McCullough,Express Air,Home Office,Technology,Telephones and Communication,Small Box,LX 677,0.57,United States,South,Florida,Coconut Creek,33063,2015-01-27,2015-01-29,3285.48,7,627.78,88232,765,False,False,False,Sam,2,2015-01-01,Jan,5,Tuesday,Q1,776.93,77.693,5.233489438975438,False,4.6634894389754376,10%+,500-2k,2-3 days,5,FL
24232,High,0.05,17.67,8.99,1352,Vivian Clarke,Regular Air,Home Office,Furniture,Office Furnishings,Small Pack,"Executive Impressions 12"" Wall Clock",0.47,United States,East,Maryland,Camp Springs,20746,2015-04-30,2015-05-01,46.0368,16,283.44,88234,766,False,False,False,Erin,1,2015-04-01,Apr,18,Thursday,Q2,282.72,14.136000000000003,0.1624216765453006,False,-0.3075783234546994,4-6%,100-500,Same/next day,2,MD
20870,High,0.1,4.13,0.99,1354,Aaron Dillon,Regular Air,Consumer,Office Supplies,Labels,Small Box,Avery 491,0.39,United States,Central,Texas,Weatherford,76086,2015-02-11,2015-02-11,-1.0712000000000002,2,8.3,91209,767,False,False,False,Chris,0,2015-02-01,Feb,7,Wednesday,Q1,8.26,0.8260000000000001,-0.12906024096385543,True,-0.5190602409638554,10%+,<100,Same/next day,2,TX
20871,High,0.04,4.98,0.49,1354,Aaron Dillon,Regular Air,Consumer,Office Supplies,Labels,Small Box,Avery White Multi-Purpose Labels,0.39,United States,Central,Texas,Weatherford,76086,2015-02-11,2015-02-13,4.4104,2,10.04,91209,768,False,False,False,Chris,2,2015-02-01,Feb,7,Wednesday,Q1,9.96,0.39840000000000003,0.4392828685258965,False,0.04928286852589647,4-6%,<100,2-3 days,2,TX
18733,Medium,0.03,125.99,7.69,1357,Marguerite Yu,Regular Air,Home Office,Technology,Telephones and Communication,Small Box,Timeport L7089,0.58,United States,Central,Texas,Weslaco,78596,2015-06-03,2015-06-05,500.95799999999997,9,981.65,88184,769,False,False,False,Chris,2,2015-06-01,Jun,23,Wednesday,Q2,1133.9099999999999,34.01729999999999,0.510322416339836,False,-0.06967758366016397,1-3%,500-2k,2-3 days,3,TX
18645,High,0.07,119.99,16.8,1357,Marguerite Yu,Delivery Truck,Home Office,Technology,Office Machines,Jumbo Box,Epson C62 Color Inkjet Printer,0.35,United States,Central,Texas,Weslaco,78596,2015-06-28,2015-06-30,1206.5961,15,1748.69,88185,770,False,False,False,Chris,2,2015-06-01,Jun,26,Sunday,Q2,1799.85,125.9895,0.69,False,0.33999999999999997,7-9%,500-2k,2-3 days,2,TX
20830,High,0.03,14.34,5.0,1360,Arlene Gibbons,Regular Air,Consumer,Furniture,Office Furnishings,Small Pack,Nu-Dell Leatherette Frames,0.49,United States,Central,Iowa,Muscatine,52761,2015-01-26,2015-01-27,82.31009999999999,8,119.29,89595,771,False,True,False,Chris,1,2015-01-01,Jan,5,Monday,Q1,114.72,3.4415999999999998,0.69,False,0.19999999999999996,1-3%,100-500,Same/next day,2,IA
20829,High,0.01,2.89,0.5,1361,Kristina Collier,Regular Air,Consumer,Office Supplies,Labels,Small Box,Avery 498,0.38,United States,Central,Michigan,Allen Park,48101,2015-01-26,2015-01-28,1.2236,1,3.08,89595,772,False,True,False,Chris,2,2015-01-01,Jan,5,Monday,Q1,2.89,0.028900000000000002,0.3972727272727273,False,0.017272727272727273,1-3%,<100,2-3 days,2,MI
24432,Critical,0.01,6.48,6.22,1361,Kristina Collier,Express Air,Consumer,Office Supplies,Paper,Small Box,Xerox 1894,0.37,United States,Central,Michigan,Allen Park,48101,2015-02-10,2015-02-11,-15.6312,9,69.46,89596,773,False,False,False,Chris,1,2015-02-01,Feb,7,Tuesday,Q1,58.32000000000001,0.5832,-0.22503887129283043,True,-0.5950388712928304,1-3%,<100,Same/next day,1,MI
24433,Critical,0.03,85.99,3.3,1361,Kristina Collier,Regular Air,Consumer,Technology,Telephones and Communication,Small Pack,Accessory20,0.37,United States,Central,Michigan,Allen Park,48101,2015-02-10,2015-02-12,790.5468,16,1145.72,89596,774,False,False,False,Chris,2,2015-02-01,Feb,7,Tuesday,Q1,1375.84,41.2752,0.69,False,0.31999999999999995,1-3%,500-2k,2-3 days,1,MI
23011,Medium,0.05,12.97,1.49,1363,Earl Roy,Regular Air,Consumer,Office Supplies,Binders and Binder Accessories,Small Box,"Mead 1st Gear 2"" Zipper Binder, Asst. Colors",0.35,United States,South,Florida,Casselberry,32707,2015-02-04,2015-02-06,5.465999999999999,2,26.37,89993,775,False,False,False,Sam,2,2015-02-01,Feb,6,Wednesday,Q1,25.94,1.2970000000000002,0.2072810011376564,False,-0.14271899886234357,4-6%,<100,2-3 days,3,FL
23012,Medium,0.06,5.81,3.37,1363,Earl Roy,Regular Air,Consumer,Office Supplies,Rubber Bands,Wrap Bag,"Advantus Push Pins, Aluminum Head",0.54,United States,South,Florida,Casselberry,32707,2015-02-04,2015-02-06,-149.1182,9,53.44,89993,776,False,False,False,Sam,2,2015-02-01,Feb,6,Wednesday,Q1,52.29,3.1374,-2.7903854790419165,True,-3.3303854790419165,4-6%,<100,2-3 days,3,FL
19333,Not Specified,0.1,5.98,5.35,1364,Chris Ford,Regular Air,Home Office,Office Supplies,Paper,Small Box,Xerox 1947,0.4,United States,East,Maryland,Camp Springs,20746,2015-03-17,2015-03-17,-90.26,10,57.34,89994,777,False,False,False,Erin,0,2015-03-01,Mar,12,Tuesday,Q1,59.800000000000004,5.98,-1.5741192884548307,True,-1.9741192884548306,10%+,<100,Same/next day,5,MD
20539,Medium,0.03,73.98,14.52,1367,James Hunter,Regular Air,Consumer,Technology,Computer Peripherals,Small Box,Keytronic French Keyboard,0.65,United States,Central,Texas,Lubbock,79424,2015-01-07,2015-01-10,-326.23159999999996,1,79.02,90513,778,False,False,False,Chris,3,2015-01-01,Jan,2,Wednesday,Q1,73.98,2.2194,-4.128468742090609,True,-4.77846874209061,1-3%,<100,2-3 days,3,TX
26034,Medium,0.09,4.55,1.49,1368,Patsy Harmon,Regular Air,Consumer,Office Supplies,Binders and Binder Accessories,Small Box,Presstex Flexible Ring Binders,0.35,United States,Central,Texas,Lufkin,75901,2015-03-23,2015-03-25,16.898,6,25.45,90514,779,False,True,False,Chris,2,2015-03-01,Mar,13,Monday,Q1,27.299999999999997,2.457,0.6639685658153242,False,0.3139685658153242,7-9%,<100,2-3 days,3,TX
26035,Medium,0.07,9.78,5.76,1369,Joe D Dean,Express Air,Consumer,Office Supplies,Envelopes,Small Box,"Staples #10 Laser & Inkjet Envelopes, 4 1/8"" x 9 1/2"", 100/Box",0.35,United States,Central,Texas,Mansfield,76063,2015-03-23,2015-03-25,20.14,11,110.72,90514,780,False,True,False,Chris,2,2015-03-01,Mar,13,Monday,Q1,107.58,7.530600000000001,0.18190028901734104,False,-0.16809971098265894,7-9%,100-500,2-3 days,3,TX
24534,Critical,0.06,44.01,3.5,1374,Earl Buck,Regular Air,Home Office,Office Supplies,Appliances,Small Box,Acco Smartsocket® Color-Coded Six-Outlet AC Adapter Model Surge Protectors,0.59,United States,West,California,Stockton,95207,2015-06-07,2015-06-08,-21.232,1,46.94,88212,781,False,False,False,William,1,2015-06-01,Jun,23,Sunday,Q2,44.01,2.6405999999999996,-0.45232211333617384,True,-1.0423221133361738,4-6%,<100,Same/next day,1,CA
19932,Low,0.05,2.89,0.5,1380,Jeanne Walker,Regular Air,Home Office,Office Supplies,Labels,Small Box,Avery 498,0.38,United States,East,New Hampshire,Portsmouth,03801,2015-06-27,2015-07-03,18.0642,9,26.18,88213,782,False,False,False,Erin,6,2015-06-01,Jun,26,Saturday,Q2,26.01,1.3005000000000002,0.69,False,0.30999999999999994,4-6%,<100,4-7 days,4,NH
19018,Medium,0.03,2.23,4.57,1383,Christina Hanna,Regular Air,Consumer,Furniture,Office Furnishings,Small Pack,Eldon Pizzaz™ Desk Accessories,0.41,United States,West,Utah,West Valley City,84120,2015-05-01,2015-05-02,-93.25,12,28.66,89406,783,False,False,False,William,1,2015-05-01,May,18,Friday,Q2,26.759999999999998,0.8028,-3.253663642707606,True,-3.6636636427076064,1-3%,<100,Same/next day,3,UT
25790,Not Specified,0.07,11.29,5.03,1384,George McLamb,Regular Air,Consumer,Office Supplies,Storage & Organization,Small Box,X-Rack™ File for Hanging Folders,0.59,United States,South,Virginia,Alexandria,22304,2015-06-30,2015-07-02,-163.03,11,123.18,89407,784,False,False,False,Sam,2,2015-06-01,Jun,27,Tuesday,Q2,124.19,8.6933,-1.3235103101152783,True,-1.9135103101152784,7-9%,100-500,2-3 days,5,VA
22984,Low,0.02,70.97,3.5,1384,George McLamb,Regular Air,Consumer,Office Supplies,Appliances,Small Box,Tripp Lite Isotel 8 Ultra 8 Outlet Metal Surge,0.59,United States,South,Virginia,Alexandria,22304,2015-06-07,2015-06-14,23.61599999999995,21,1533.59,89408,785,False,False,False,Sam,7,2015-06-01,Jun,23,Sunday,Q2,1490.37,29.807399999999998,0.015399161444714657,False,-0.5746008385552853,1-3%,500-2k,4-7 days,4,VA
18970,Critical,0.06,1.74,4.08,1389,Jean Khan,Regular Air,Corporate,Furniture,Office Furnishings,Small Pack,"Eldon Regeneration Recycled Desk Accessories, Smoke",0.53,United States,West,California,Menlo Park,94025,2015-01-25,2015-01-26,-11.0732,1,2.77,88726,786,False,False,False,William,1,2015-01-01,Jan,4,Sunday,Q1,1.74,0.10439999999999999,-3.9975451263537907,True,-4.5275451263537905,4-6%,<100,Same/next day,1,CA
19852,High,0.08,2.62,0.8,1389,Jean Khan,Express Air,Small Business,Office Supplies,Rubber Bands,Wrap Bag,Staples Metal Binder Clips,0.39,United States,West,California,Menlo Park,94025,2015-05-13,2015-05-15,21.769499999999997,12,31.55,88728,787,False,False,False,William,2,2015-05-01,May,20,Wednesday,Q2,31.44,2.5152,0.69,False,0.29999999999999993,7-9%,<100,2-3 days,2,CA
19111,High,0.09,2.61,0.5,1389,Jean Khan,Regular Air,Consumer,Office Supplies,Labels,Small Box,Avery 494,0.39,United States,West,California,Menlo Park,94025,2015-06-03,2015-06-05,29.380199999999995,17,42.58,88729,788,False,False,False,William,2,2015-06-01,Jun,23,Wednesday,Q2,44.37,3.9932999999999996,0.69,False,0.29999999999999993,7-9%,<100,2-3 days,2,CA
18702,Critical,0.1,8.17,1.69,1390,Hazel Jones,Regular Air,Corporate,Office Supplies,Paper,Wrap Bag,"Wirebound Message Forms, Four 2 3/4 x 5 Forms per Page, Pink Paper",0.38,United States,West,California,Stockton,95207,2015-05-16,2015-05-16,100.2984,19,145.36,88731,789,False,False,False,William,0,2015-05-01,May,20,Saturday,Q2,155.23,15.523,0.69,False,0.30999999999999994,10%+,100-500,Same/next day,1,CA
18703,Critical,0.03,110.99,2.5,1390,Hazel Jones,Regular Air,Corporate,Technology,Telephones and Communication,Small Box,T18,0.57,United States,West,California,Stockton,95207,2015-05-16,2015-05-18,2495.3988,38,3616.52,88731,790,False,False,False,William,2,2015-05-01,May,20,Saturday,Q2,4217.62,126.5286,0.69,False,0.12,1-3%,2k-10k,2-3 days,1,CA
20523,Not Specified,0.0,2.88,0.7,1391,Carolyn Greer,Express Air,Consumer,Office Supplies,Pens & Art Supplies,Wrap Bag,Newell 340,0.56,United States,West,California,Sunnyvale,94086,2015-04-24,2015-04-24,-0.10999999999999943,1,7.96,88727,791,False,False,False,William,0,2015-04-01,Apr,17,Friday,Q2,2.88,0.0,-0.013819095477386863,True,-0.573819095477387,0%,<100,Same/next day,5,CA
20163,Low,0.07,12.28,6.13,1391,Carolyn Greer,Regular Air,Small Business,Office Supplies,Storage & Organization,Small Box,Recycled Eldon Regeneration Jumbo File,0.57,United States,West,California,Sunnyvale,94086,2015-05-03,2015-05-10,15.236000000000018,33,389.59,88730,792,False,False,False,William,7,2015-05-01,May,18,Sunday,Q2,405.23999999999995,28.366799999999998,0.03910777997381868,False,-0.5308922200261813,7-9%,100-500,4-7 days,4,CA
5297,Not Specified,0.0,8.6,6.19,1402,Wesley Tate,Regular Air,Corporate,Office Supplies,Binders and Binder Accessories,Small Box,Avery Printable Repositionable Plastic Tabs,0.38,United States,Central,Illinois,Chicago,60653,2015-01-15,2015-01-15,-42.8536,48,447.89,37729,793,False,False,False,Chris,0,2015-01-01,Jan,3,Thursday,Q1,412.79999999999995,0.0,-0.09567884971756459,True,-0.4756788497175646,0%,100-500,Same/next day,5,IL
6080,Medium,0.04,30.73,4.0,1402,Wesley Tate,Regular Air,Home Office,Technology,Computer Peripherals,Small Box,Fellowes 17-key keypad for PS/2 interface,0.75,United States,Central,Illinois,Chicago,60653,2015-01-21,2015-01-22,-20.79,48,1420.84,43079,794,False,False,False,Chris,1,2015-01-01,Jan,4,Wednesday,Q1,1475.04,59.001599999999996,-0.014632189409081951,True,-0.764632189409082,4-6%,500-2k,Same/next day,3,IL
23297,Not Specified,0.0,8.6,6.19,1405,Crystal Floyd,Regular Air,Corporate,Office Supplies,Binders and Binder Accessories,Small Box,Avery Printable Repositionable Plastic Tabs,0.38,United States,Central,Michigan,Battle Creek,49017,2015-01-15,2015-01-15,-33.21154,12,111.97,86144,795,False,False,False,Chris,0,2015-01-01,Jan,3,Thursday,Q1,103.19999999999999,0.0,-0.2966110565329999,True,-0.6766110565329999,0%,100-500,Same/next day,5,MI
24080,Medium,0.04,30.73,4.0,1405,Crystal Floyd,Regular Air,Home Office,Technology,Computer Peripherals,Small Box,Fellowes 17-key keypad for PS/2 interface,0.75,United States,Central,Michigan,Battle Creek,49017,2015-01-21,2015-01-22,-20.79,12,355.21,86145,796,False,False,False,Chris,1,2015-01-01,Jan,4,Wednesday,Q1,368.76,14.750399999999999,-0.058528757636327804,True,-0.8085287576363278,4-6%,100-500,Same/next day,3,MI
19417,Medium,0.0,65.99,5.26,1410,Charles Ward,Regular Air,Corporate,Technology,Telephones and Communication,Small Box,g520,0.59,United States,West,California,Moreno Valley,92553,2015-04-07,2015-04-08,369.9987,9,536.23,87086,797,False,False,False,William,1,2015-04-01,Apr,15,Tuesday,Q2,593.91,0.0,0.69,False,0.09999999999999998,0%,500-2k,Same/next day,3,CA
24407,Not Specified,0.08,3.38,0.85,1412,Marc Ray,Regular Air,Corporate,Office Supplies,Pens & Art Supplies,Wrap Bag,Avery Hi-Liter® Fluorescent Desk Style Markers,0.48,United States,West,California,Mountain View,94043,2015-02-02,2015-02-04,20.4536,12,38.81,87087,798,False,False,False,William,2,2015-02-01,Feb,6,Monday,Q1,40.56,3.2448,0.5270188095851585,False,0.04701880958515847,7-9%,<100,2-3 days,5,CA
1417,Medium,0.0,65.99,5.26,1413,Pamela Wiley,Regular Air,Corporate,Technology,Telephones and Communication,Small Box,g520,0.59,United States,East,Massachusetts,Boston,02113,2015-04-07,2015-04-08,542.25,36,2144.92,10277,799,False,False,False,Erin,1,2015-04-01,Apr,15,Tuesday,Q2,2375.64,0.0,0.2528066314827593,False,-0.3371933685172407,0%,2k-10k,Same/next day,3,MA
6406,Not Specified,0.02,16.48,1.99,1413,Pamela Wiley,Express Air,Corporate,Technology,Computer Peripherals,Small Pack,Maxell DVD-RAM Discs,0.42,United States,East,Massachusetts,Boston,02113,2015-02-02,2015-02-04,69.61,27,484.56,45539,800,False,False,False,Erin,2,2015-02-01,Feb,6,Monday,Q1,444.96000000000004,8.8992,0.14365610037972593,False,-0.27634389962027406,1-3%,100-500,2-3 days,5,MA
25129,Critical,0.02,417.4,75.23,1416,Betsy Gibson,Delivery Truck,Small Business,Furniture,Tables,Jumbo Box,Bretford “Just In Time” Height-Adjustable Multi-Task Work Tables,0.79,United States,Central,Indiana,Indianapolis,46203,2015-05-06,2015-05-07,-634.8654,1,471.21,90538,801,False,False,False,Chris,1,2015-05-01,May,19,Wednesday,Q2,417.4,8.347999999999999,-1.3473088431909341,True,-2.137308843190934,1-3%,100-500,Same/next day,1,IN
24722,High,0.04,46.89,5.1,1416,Betsy Gibson,Regular Air,Small Business,Office Supplies,Appliances,Medium Box,Bionaire Personal Warm Mist Humidifier/Vaporizer,0.46,United States,Central,Indiana,Indianapolis,46203,2015-06-25,2015-06-27,87.12,4,182.61,90540,802,False,True,False,Chris,2,2015-06-01,Jun,26,Thursday,Q2,187.56,7.502400000000001,0.47708230655495315,False,0.01708230655495313,4-6%,100-500,2-3 days,2,IN
22823,Low,0.07,4.84,0.71,1418,Rebecca Lindsey,Regular Air,Small Business,Office Supplies,Pens & Art Supplies,Wrap Bag,*Staples* Highlighting Markers,0.52,United States,Central,Indiana,Kokomo,46901,2015-01-01,2015-01-03,25.240199999999998,8,36.58,90539,803,False,False,False,Chris,2,2015-01-01,Jan,1,Thursday,Q1,38.72,2.7104000000000004,0.69,False,0.16999999999999993,7-9%,<100,2-3 days,4,IN
24295,Not Specified,0.01,124.49,51.94,1419,Brooke Lancaster,Delivery Truck,Small Business,Furniture,Tables,Jumbo Box,Bevis 36 x 72 Conference Tables,0.63,United States,Central,Indiana,Lafayette,47905,2015-06-25,2015-06-26,-94.674645,18,2376.12,90540,804,False,True,False,Chris,1,2015-06-01,Jun,26,Thursday,Q2,2240.8199999999997,22.408199999999997,-0.03984421872632696,True,-0.6698442187263269,1-3%,2k-10k,Same/next day,5,IN
19024,Low,0.05,350.99,39.0,1424,Robyn Zhou,Delivery Truck,Home Office,Furniture,Chairs & Chairmats,Jumbo Drum,Global Leather Executive Chair,0.55,United States,West,Colorado,Englewood,80112,2015-01-12,2015-01-14,451.2804,3,1020.08,89448,805,False,False,False,William,2,2015-01-01,Jan,3,Monday,Q1,1052.97,52.648500000000006,0.44239706689671393,False,-0.10760293310328611,4-6%,500-2k,2-3 days,4,CO
19025,Low,0.0,8.74,1.39,1424,Robyn Zhou,Regular Air,Home Office,Office Supplies,Envelopes,Small Box,"#10- 4 1/8"" x 9 1/2"" Recycled Envelopes",0.38,United States,West,Colorado,Englewood,80112,2015-01-12,2015-01-16,44.988,7,65.2,89448,806,False,False,False,William,4,2015-01-01,Jan,3,Monday,Q1,61.18,0.0,0.69,False,0.30999999999999994,0%,<100,4-7 days,4,CO
19026,Low,0.02,1.98,0.7,1424,Robyn Zhou,Regular Air,Home Office,Office Supplies,Rubber Bands,Wrap Bag,"Brites Rubber Bands, 1 1/2 oz. Box",0.83,United States,West,Colorado,Englewood,80112,2015-01-12,2015-01-16,-20.732799999999997,11,22.59,89448,807,False,False,False,William,4,2015-01-01,Jan,3,Monday,Q1,21.78,0.43560000000000004,-0.9177866312527666,True,-1.7477866312527666,1-3%,<100,4-7 days,4,CO
23620,Not Specified,0.05,8.04,8.94,1424,Robyn Zhou,Regular Air,Home Office,Office Supplies,Binders and Binder Accessories,Small Box,"Fellowes Twister Kit, Gray/Clear, 3/pkg",0.4,United States,West,Colorado,Englewood,80112,2015-06-20,2015-06-22,-164.39479999999998,15,121.36,89449,808,False,False,False,William,2,2015-06-01,Jun,25,Saturday,Q2,120.6,6.03,-1.3546044825313115,True,-1.7546044825313114,4-6%,100-500,2-3 days,5,CO
22824,Low,0.04,2036.48,14.7,1425,Gregory Crane,Delivery Truck,Small Business,Technology,Office Machines,Jumbo Drum,Lexmark 4227 Plus Dot Matrix Printer,0.55,United States,West,Colorado,Fort Collins,80525,2015-01-01,2015-01-06,-4793.004,1,2013.67,89450,809,False,False,False,William,5,2015-01-01,Jan,1,Thursday,Q1,2036.48,81.4592,-2.3802331067155986,True,-2.9302331067155984,4-6%,2k-10k,4-7 days,4,CO
22407,Low,0.09,125.99,2.5,1427,Stacy Gould,Regular Air,Home Office,Technology,Telephones and Communication,Small Box,i2000,0.6,United States,Central,Michigan,Bay City,48708,2015-02-05,2015-02-09,1258.7876999999999,18,1824.33,90905,810,False,False,False,Chris,4,2015-02-01,Feb,6,Thursday,Q1,2267.8199999999997,204.10379999999998,0.69,False,0.08999999999999997,7-9%,500-2k,4-7 days,4,MI
19810,Not Specified,0.05,9.78,1.39,1432,Kerry Green,Regular Air,Corporate,Office Supplies,Envelopes,Small Box,"Staples #10 Laser & Inkjet Envelopes, 4 1/8"" x 9 1/2"", 100/Box",0.39,United States,Central,Indiana,Indianapolis,46203,2015-03-05,2015-03-06,74.2785,11,107.65,86826,811,False,True,False,Chris,1,2015-03-01,Mar,10,Thursday,Q1,107.58,5.3790000000000004,0.69,False,0.29999999999999993,4-6%,100-500,Same/next day,5,IN
18762,Low,0.07,10.98,4.8,1432,Kerry Green,Regular Air,Corporate,Office Supplies,Envelopes,Small Box,"Manila Recycled Extra-Heavyweight Clasp Envelopes, 6"" x 9""",0.36,United States,Central,Indiana,Indianapolis,46203,2015-06-20,2015-06-27,52.92,16,165.21,86827,812,False,False,False,Chris,7,2015-06-01,Jun,25,Saturday,Q2,175.68,12.297600000000001,0.32031959324496095,False,-0.03968040675503903,7-9%,100-500,4-7 days,4,IN
19811,Not Specified,0.02,3.28,3.97,1433,Frances Jackson,Express Air,Corporate,Office Supplies,Pens & Art Supplies,Wrap Bag,Newell 337,0.56,United States,Central,Indiana,Jeffersonville,47130,2015-03-05,2015-03-06,-66.35,7,25.15,86826,813,False,True,False,Chris,1,2015-03-01,Mar,10,Thursday,Q1,22.959999999999997,0.45919999999999994,-2.6381709741550696,True,-3.1981709741550697,1-3%,<100,Same/next day,5,IN
20124,High,0.07,300.98,64.73,1433,Frances Jackson,Delivery Truck,Corporate,Furniture,Chairs & Chairmats,Jumbo Drum,"Global Leather and Oak Executive Chair, Black",0.56,United States,Central,Indiana,Jeffersonville,47130,2015-05-19,2015-05-21,1399.6400000000003,14,4285.56,86828,814,False,False,False,Chris,2,2015-05-01,May,21,Tuesday,Q2,4213.72,294.96040000000005,0.3265944240659331,False,-0.23340557593406697,7-9%,2k-10k,2-3 days,2,IN
20125,High,0.01,20.98,45.0,1433,Frances Jackson,Delivery Truck,Corporate,Office Supplies,Storage & Organization,Jumbo Drum,"Tennsco Lockers, Sand",0.61,United States,Central,Indiana,Jeffersonville,47130,2015-05-19,2015-05-19,232.64200000000028,28,631.37,86828,815,False,False,False,Chris,0,2015-05-01,May,21,Tuesday,Q2,587.44,5.8744000000000005,0.36847173606601563,False,-0.24152826393398436,1-3%,500-2k,Same/next day,2,IN
21955,Critical,0.01,80.98,35.0,1438,Jean Weiss Diaz,Regular Air,Corporate,Office Supplies,Storage & Organization,Large Box,"Carina 42""Hx23 3/4""W Media Storage Unit",0.83,United States,East,Ohio,Elyria,44035,2015-01-22,2015-01-24,-409.3736,3,267.83,90120,816,False,False,False,Erin,2,2015-01-01,Jan,4,Thursday,Q1,242.94,2.4294000000000002,-1.528482992943285,True,-2.358482992943285,1-3%,100-500,2-3 days,1,OH
23415,Critical,0.05,6.48,6.22,1439,Kyle Kaufman,Regular Air,Corporate,Office Supplies,Paper,Small Box,Xerox 1894,0.37,United States,East,Ohio,Euclid,44117,2015-04-28,2015-04-29,-29.07,3,21.46,90121,817,False,False,False,Erin,1,2015-04-01,Apr,18,Tuesday,Q2,19.44,0.9720000000000001,-1.3546132339235788,True,-1.724613233923579,4-6%,<100,Same/next day,1,OH
22672,Not Specified,0.04,177.98,0.99,1442,Rodney Field,Regular Air,Corporate,Office Supplies,Appliances,Small Box,Kensington 7 Outlet MasterPiece Power Center,0.56,United States,Central,Missouri,Springfield,65807,2015-06-25,2015-06-27,1909.8854999999996,15,2767.95,89076,818,False,False,False,Chris,2,2015-06-01,Jun,26,Thursday,Q2,2669.7,106.788,0.69,False,0.1299999999999999,4-6%,2k-10k,2-3 days,5,MO
21945,Low,0.02,15.99,13.18,1442,Rodney Field,Express Air,Corporate,Office Supplies,Binders and Binder Accessories,Small Box,"GBC Pre-Punched Binding Paper, Plastic, White, 8-1/2"" x 11""",0.37,United States,Central,Missouri,Springfield,65807,2015-01-30,2015-02-03,-76.9925,7,123.03,89077,819,False,False,False,Chris,4,2015-01-01,Jan,5,Friday,Q1,111.93,2.2386000000000004,-0.6258026497602212,True,-0.9958026497602211,1-3%,100-500,4-7 days,4,MO
21946,Low,0.09,46.94,6.77,1442,Rodney Field,Express Air,Corporate,Furniture,Office Furnishings,Small Box,"Howard Miller 13"" Diameter Goldtone Round Wall Clock",0.44,United States,Central,Missouri,Springfield,65807,2015-01-30,2015-01-30,297.96959999999996,10,431.84,89077,820,False,False,False,Chris,0,2015-01-01,Jan,5,Friday,Q1,469.4,42.245999999999995,0.69,False,0.24999999999999994,7-9%,100-500,Same/next day,4,MO
23793,Medium,0.1,218.08,18.06,1450,Veronica Peck,Express Air,Consumer,Furniture,Chairs & Chairmats,Large Box,"Lifetime Advantage™ Folding Chairs, 4/Carton",0.57,United States,West,California,South Lake Tahoe,96150,2015-05-24,2015-05-25,1318.83,12,2366.51,86735,821,False,False,False,William,1,2015-05-01,May,21,Sunday,Q2,2616.96,261.696,0.5572890036382689,False,-0.012710996361731008,10%+,2k-10k,Same/next day,3,CA
25006,High,0.05,85.99,0.99,1459,Steve Raynor,Regular Air,Consumer,Technology,Telephones and Communication,Wrap Bag,Accessory34,0.55,United States,South,South Carolina,Taylors,29687,2015-04-05,2015-04-07,36.215999999999994,4,291.64,86734,822,False,False,False,Sam,2,2015-04-01,Apr,14,Sunday,Q2,343.96,17.198,0.12418049650253736,False,-0.42581950349746267,4-6%,100-500,2-3 days,2,SC
18105,High,0.05,12.95,4.98,1461,Norman Adams,Regular Air,Consumer,Office Supplies,Binders and Binder Accessories,Small Box,GBC Binding covers,0.4,United States,Central,Indiana,Lafayette,47905,2015-06-02,2015-06-04,134.16825,19,252.36,86397,823,False,False,False,Chris,2,2015-06-01,Jun,23,Tuesday,Q2,246.04999999999998,12.3025,0.5316541844983357,False,0.13165418449833566,4-6%,100-500,2-3 days,2,IN
23735,High,0.0,65.99,8.99,1466,Wesley Reid,Regular Air,Small Business,Technology,Telephones and Communication,Small Box,5180,0.56,United States,Central,Nebraska,Columbus,68601,2015-06-11,2015-06-13,253.30319999999998,10,575.07,91115,824,False,False,False,Chris,2,2015-06-01,Jun,24,Thursday,Q2,659.9,0.0,0.44047368146486504,False,-0.11952631853513501,0%,500-2k,2-3 days,2,NE
25917,Low,0.04,130.98,54.74,1466,Wesley Reid,Delivery Truck,Small Business,Furniture,Bookcases,Jumbo Box,"O'Sullivan Elevations Bookcase, Cherry Finish",0.69,United States,Central,Nebraska,Columbus,68601,2015-06-12,2015-06-12,-723.784,14,1781.66,91116,825,False,True,False,Chris,0,2015-06-01,Jun,24,Friday,Q2,1833.7199999999998,73.3488,-0.4062413704073729,True,-1.0962413704073728,4-6%,500-2k,Same/next day,4,NE
25915,Low,0.04,105.29,10.12,1469,Vicki Zhu Daniels,Regular Air,Small Business,Furniture,Office Furnishings,Large Box,Eldon Antistatic Chair Mats for Low to Medium Pile Carpets,0.79,United States,West,Utah,Clearfield,84015,2015-06-12,2015-06-16,589.188,9,940.64,91116,826,False,True,False,William,4,2015-06-01,Jun,24,Friday,Q2,947.61,37.9044,0.6263692804898793,False,-0.16363071951012076,4-6%,500-2k,4-7 days,4,UT
25916,Low,0.07,31.76,45.51,1469,Vicki Zhu Daniels,Delivery Truck,Small Business,Furniture,Tables,Jumbo Box,Hon iLevel™ Computer Training Table,0.65,United States,West,Utah,Clearfield,84015,2015-06-12,2015-06-14,-1314.992,18,439.27,91116,827,False,True,False,William,2,2015-06-01,Jun,24,Friday,Q2,571.6800000000001,40.01760000000001,-2.9935848111639767,True,-3.6435848111639766,7-9%,100-500,2-3 days,4,UT
21710,High,0.03,420.98,19.99,1471,Danielle Daniel,Regular Air,Home Office,Office Supplies,Binders and Binder Accessories,Small Box,GBC DocuBind 200 Manual Binding Machine,0.35,United States,East,Ohio,Westerville,43081,2015-03-21,2015-03-22,3043.0310999999997,10,4410.19,87077,828,False,False,False,Erin,1,2015-03-01,Mar,12,Saturday,Q1,4209.8,126.294,0.69,False,0.33999999999999997,1-3%,2k-10k,Same/next day,2,OH
23958,Not Specified,0.02,30.98,6.5,1472,Tommy Ellis Ritchie,Express Air,Home Office,Technology,Computer Peripherals,Small Box,Logitech Internet Navigator Keyboard,0.79,United States,East,Ohio,Westlake,44145,2015-06-30,2015-07-01,-44.624,17,552.89,87078,829,False,False,False,Erin,1,2015-06-01,Jun,27,Tuesday,Q2,526.66,10.533199999999999,-0.08071044873302104,True,-0.8707104487330211,1-3%,500-2k,Same/next day,5,OH
22313,Medium,0.05,20.27,3.99,1472,Tommy Ellis Ritchie,Regular Air,Home Office,Office Supplies,Appliances,Small Box,Fellowes Mighty 8 Compact Surge Protector,0.57,United States,East,Ohio,Westlake,44145,2015-05-25,2015-05-26,309.254,30,621.56,87079,830,False,False,False,Erin,1,2015-05-01,May,22,Monday,Q2,608.1,30.405,0.49754488705836936,False,-0.0724551129416306,4-6%,500-2k,Same/next day,3,OH
24937,Critical,0.04,9.78,1.99,1473,Paul Puckett,Express Air,Home Office,Technology,Computer Peripherals,Small Pack,"Memorex Slim 80 Minute CD-R, 10/Pack",0.43,United States,East,Ohio,Wooster,44691,2015-01-21,2015-01-22,61.292699999999996,9,88.83,87076,831,False,False,False,Erin,1,2015-01-01,Jan,4,Wednesday,Q1,88.02,3.5208,0.69,False,0.25999999999999995,4-6%,<100,Same/next day,1,OH
7544,Not Specified,0.07,8.95,2.01,1481,Marvin MacDonald,Regular Air,Corporate,Office Supplies,Paper,Wrap Bag,"Recycled Desk Saver Line ""While You Were Out"" Book, 5 1/2"" X 4""",0.39,United States,West,California,Los Angeles,90049,2015-03-27,2015-03-28,91.73,36,307.65,53953,832,False,False,False,William,1,2015-03-01,Mar,13,Friday,Q1,322.2,22.554000000000002,0.29816349748090365,False,-0.09183650251909636,7-9%,100-500,Same/next day,5,CA
25544,Not Specified,0.07,8.95,2.01,1482,Michael Tanner,Regular Air,Corporate,Office Supplies,Paper,Wrap Bag,"Recycled Desk Saver Line ""While You Were Out"" Book, 5 1/2"" X 4""",0.39,United States,Central,Michigan,Bay City,48708,2015-03-27,2015-03-28,53.067899999999995,9,76.91,91362,833,False,False,False,Chris,1,2015-03-01,Mar,13,Friday,Q1,80.55,5.6385000000000005,0.69,False,0.29999999999999993,7-9%,<100,Same/next day,5,MI
22745,Not Specified,0.05,9.65,6.22,1482,Michael Tanner,Regular Air,Corporate,Furniture,Office Furnishings,Small Box,"Eldon Expressions™ Desk Accessory, Wood Pencil Holder, Oak",0.55,United States,Central,Michigan,Bay City,48708,2015-02-28,2015-02-28,-14.6432,15,151.34,91363,834,False,False,False,Chris,0,2015-02-01,Feb,9,Saturday,Q1,144.75,7.237500000000001,-0.09675697105854368,True,-0.6467569710585437,4-6%,100-500,Same/next day,5,MI
21806,High,0.06,99.99,19.99,1484,Alison Stewart,Regular Air,Home Office,Technology,Computer Peripherals,Small Box,US Robotics 56K V.92 External Faxmodem,0.52,United States,Central,Illinois,Des Plaines,60016,2015-03-11,2015-03-14,-127.56,3,290.24,91235,835,False,False,False,Chris,3,2015-03-01,Mar,11,Wednesday,Q1,299.96999999999997,17.998199999999997,-0.4394983461962514,True,-0.9594983461962514,4-6%,100-500,2-3 days,2,IL
21807,High,0.0,193.17,19.99,1484,Alison Stewart,Regular Air,Home Office,Office Supplies,Storage & Organization,Small Box,Fellowes Staxonsteel® Drawer Files,0.71,United States,Central,Illinois,Des Plaines,60016,2015-03-11,2015-03-12,282.18,5,971.4,91235,836,False,False,False,Chris,1,2015-03-01,Mar,11,Wednesday,Q1,965.8499999999999,0.0,0.2904879555281038,False,-0.41951204447189616,0%,500-2k,Same/next day,2,IL
21808,High,0.08,20.99,3.3,1484,Alison Stewart,Express Air,Home Office,Technology,Telephones and Communication,Small Pack,Accessory39,0.81,United States,Central,Illinois,Des Plaines,60016,2015-03-11,2015-03-11,-96.338,11,193.51,91235,837,False,False,False,Chris,0,2015-03-01,Mar,11,Wednesday,Q1,230.89,18.4712,-0.49784507260606686,True,-1.3078450726060669,7-9%,100-500,Same/next day,2,IL
22763,Not Specified,0.04,11.5,7.19,1485,Wayne Sutherland,Regular Air,Home Office,Office Supplies,Binders and Binder Accessories,Small Box,Ibico Covers for Plastic or Wire Binding Elements,0.4,United States,Central,Illinois,Downers Grove,60516,2015-02-20,2015-02-23,-23.35788,14,157.81,91236,838,False,False,False,Chris,3,2015-02-01,Feb,8,Friday,Q1,161.0,6.44,-0.14801267346809455,True,-0.5480126734680946,4-6%,100-500,2-3 days,5,IL
22764,Not Specified,0.02,15.7,11.25,1485,Wayne Sutherland,Regular Air,Home Office,Office Supplies,Storage & Organization,Small Box,Hanging Personal Folder File,0.6,United States,Central,Illinois,Downers Grove,60516,2015-02-20,2015-02-21,-18.2416,1,19.44,91236,839,False,False,False,Chris,1,2015-02-01,Feb,8,Friday,Q1,15.7,0.314,-0.9383539094650204,True,-1.5383539094650205,1-3%,<100,Same/next day,5,IL
22765,Not Specified,0.05,225.02,28.66,1485,Wayne Sutherland,Delivery Truck,Home Office,Office Supplies,Storage & Organization,Jumbo Drum,Tennsco Double-Tier Lockers,0.72,United States,Central,Illinois,Downers Grove,60516,2015-02-20,2015-02-22,1428.9104,21,4636.63,91236,840,False,False,False,Chris,2,2015-02-01,Feb,8,Friday,Q1,4725.42,236.27100000000002,0.3081786556184125,False,-0.41182134438158746,4-6%,2k-10k,2-3 days,5,IL
18460,High,0.04,119.99,14.0,1492,Don Beard,Delivery Truck,Corporate,Technology,Office Machines,Jumbo Drum,Epson C82 Color Inkjet Printer,0.36,United States,Central,Missouri,Ozark,65721,2015-06-16,2015-06-18,509.9583,6,739.07,88004,841,False,False,False,Chris,2,2015-06-01,Jun,25,Tuesday,Q2,719.9399999999999,28.7976,0.69,False,0.32999999999999996,4-6%,500-2k,2-3 days,2,MO
19472,Critical,0.06,8.37,10.16,1494,Kate Lehman,Regular Air,Corporate,Furniture,Office Furnishings,Large Box,Westinghouse Clip-On Gooseneck Lamps,0.59,United States,East,Maryland,Dundalk,21222,2015-03-11,2015-03-13,-255.65,18,157.64,85880,842,False,True,False,Erin,2,2015-03-01,Mar,11,Wednesday,Q1,150.66,9.0396,-1.6217330626744484,True,-2.2117330626744485,4-6%,100-500,2-3 days,1,MD
19473,Critical,0.09,6.48,9.17,1494,Kate Lehman,Express Air,Corporate,Office Supplies,Paper,Small Box,Xerox 1996,0.37,United States,East,Maryland,Dundalk,21222,2015-03-11,2015-03-13,-76.54,6,42.16,85880,843,False,True,False,Erin,2,2015-03-01,Mar,11,Wednesday,Q1,38.88,3.4992,-1.8154648956356738,True,-2.1854648956356737,7-9%,<100,2-3 days,1,MD
24286,Critical,0.09,6.28,5.29,1497,Gloria Jacobs,Regular Air,Corporate,Furniture,Office Furnishings,Small Box,"Eldon® 200 Class™ Desk Accessories, Burgundy",0.43,United States,East,New York,Elmira,14901,2015-03-11,2015-03-12,-10.09,2,14.08,85880,844,False,True,False,Erin,1,2015-03-01,Mar,11,Wednesday,Q1,12.56,1.1304,-0.7166193181818181,True,-1.146619318181818,7-9%,<100,Same/next day,1,NY
24287,Critical,0.03,15.14,4.53,1497,Gloria Jacobs,Regular Air,Corporate,Office Supplies,Storage & Organization,Small Box,Eldon® Gobal File Keepers,0.81,United States,East,New York,Elmira,14901,2015-03-11,2015-03-13,-92.87,17,256.73,85880,845,False,True,False,Erin,2,2015-03-01,Mar,11,Wednesday,Q1,257.38,7.721399999999999,-0.36174190784092236,True,-1.1717419078409224,1-3%,100-500,2-3 days,1,NY
20016,Medium,0.05,2.16,6.05,1499,Charlotte L Doyle,Regular Air,Home Office,Office Supplies,Binders and Binder Accessories,Small Box,Peel & Stick Add-On Corner Pockets,0.37,United States,South,Florida,Coral Gables,33134,2015-02-04,2015-02-05,-298.886,8,18.59,90731,846,False,False,False,Sam,1,2015-02-01,Feb,6,Wednesday,Q1,17.28,0.8640000000000001,-16.077783754706832,True,-16.447783754706833,4-6%,<100,Same/next day,3,FL
20017,Medium,0.03,6.48,6.6,1499,Charlotte L Doyle,Regular Air,Home Office,Office Supplies,Paper,Small Box,Xerox 21,0.37,United States,South,Florida,Coral Gables,33134,2015-02-04,2015-02-05,-145.852,9,58.83,90731,847,False,False,False,Sam,1,2015-02-01,Feb,6,Wednesday,Q1,58.32000000000001,1.7496000000000003,-2.479211286758457,True,-2.849211286758457,1-3%,<100,Same/next day,3,FL
20018,Medium,0.08,146.05,80.2,1499,Charlotte L Doyle,Delivery Truck,Home Office,Furniture,Tables,Jumbo Box,BPI Conference Tables,0.71,United States,South,Florida,Coral Gables,33134,2015-02-04,2015-02-05,-27.951,11,1557.66,90731,848,False,False,False,Sam,1,2015-02-01,Feb,6,Wednesday,Q1,1606.5500000000002,128.52400000000003,-0.017944224028350216,True,-0.7279442240283501,7-9%,500-2k,Same/next day,3,FL
21682,Critical,0.08,3.69,0.5,1502,Renee Huang,Regular Air,Small Business,Office Supplies,Labels,Small Box,Avery 487,0.38,United States,South,Florida,Coral Springs,33065,2015-05-07,2015-05-10,-3.6547,38,129.43,89193,849,False,False,False,Sam,3,2015-05-01,May,19,Thursday,Q2,140.22,11.217600000000001,-0.028236884802595997,True,-0.408236884802596,7-9%,100-500,2-3 days,1,FL
18868,Low,0.08,5.84,1.0,1502,Renee Huang,Express Air,Small Business,Office Supplies,Pens & Art Supplies,Wrap Bag,"Quartet Omega® Colored Chalk, 12/Pack",0.38,United States,South,Florida,Coral Springs,33065,2015-06-29,2015-07-03,731.9219999999999,11,61.39,89194,850,False,False,False,Sam,4,2015-06-01,Jun,27,Monday,Q2,64.24,5.1392,11.922495520443068,False,11.542495520443067,7-9%,<100,4-7 days,4,FL
18869,Low,0.0,205.99,8.99,1502,Renee Huang,Regular Air,Small Business,Technology,Telephones and Communication,Small Box,StarTAC 8000,0.6,United States,South,Florida,Coral Springs,33065,2015-06-29,2015-07-02,186.558,13,2435.52,89194,851,False,False,False,Sam,3,2015-06-01,Jun,27,Monday,Q2,2677.87,0.0,0.07659883720930233,False,-0.5234011627906976,0%,2k-10k,2-3 days,4,FL
18061,Low,0.0,85.99,0.99,1505,Kay Schultz,Regular Air,Small Business,Technology,Telephones and Communication,Wrap Bag,Accessory4,0.85,United States,Central,Texas,College Station,77840,2015-06-13,2015-06-18,-138.03680000000003,6,464.86,86181,852,False,False,False,Chris,5,2015-06-01,Jun,24,Saturday,Q2,515.9399999999999,0.0,-0.2969427354472315,True,-1.1469427354472315,0%,100-500,4-7 days,4,TX
23329,Critical,0.09,20.98,1.49,1511,Joseph Dawson,Regular Air,Corporate,Office Supplies,Binders and Binder Accessories,Small Box,Avery Legal 4-Ring Binder,0.35,United States,Central,Indiana,Muncie,47302,2015-06-22,2015-06-24,199.1823,14,288.67,90303,853,False,False,False,Chris,2,2015-06-01,Jun,26,Monday,Q2,293.72,26.434800000000003,0.69,False,0.33999999999999997,7-9%,100-500,2-3 days,1,IN
23470,Critical,0.06,55.48,4.85,1519,Randall Boykin,Regular Air,Consumer,Office Supplies,Paper,Small Box,Xerox 1888,0.37,United States,East,Maine,Auburn,04210,2015-06-14,2015-06-14,711.0518999999999,19,1030.51,89957,854,False,True,False,Erin,0,2015-06-01,Jun,24,Sunday,Q2,1054.12,63.24719999999999,0.69,False,0.31999999999999995,4-6%,500-2k,Same/next day,1,ME
23471,Critical,0.1,122.99,70.2,1522,Earl Watts,Delivery Truck,Consumer,Furniture,Chairs & Chairmats,Jumbo Drum,"Global High-Back Leather Tilter, Burgundy",0.74,United States,Central,Minnesota,Hopkins,55305,2015-06-14,2015-06-15,-899.675,17,2026.91,89957,855,False,True,False,Chris,1,2015-06-01,Jun,24,Sunday,Q2,2090.83,209.083,-0.44386529248955303,True,-1.183865292489553,10%+,2k-10k,Same/next day,1,MN
19269,High,0.04,11.34,5.01,1526,Larry Hall,Regular Air,Home Office,Office Supplies,Paper,Small Box,Xerox 188,0.36,United States,South,Alabama,Birmingham,35211,2015-02-10,2015-02-11,-189.224,10,115.53,86812,856,False,False,False,Sam,1,2015-02-01,Feb,7,Tuesday,Q1,113.4,4.5360000000000005,-1.637877607547823,True,-1.997877607547823,4-6%,100-500,Same/next day,2,AL
24974,Critical,0.03,30.98,8.99,1527,Neil Parker,Express Air,Small Business,Office Supplies,Pens & Art Supplies,Small Pack,"Boston School Pro Electric Pencil Sharpener, 1670",0.58,United States,South,Alabama,Decatur,35601,2015-01-09,2015-01-11,0.5099999999999987,5,162.39,86813,857,False,True,False,Sam,2,2015-01-01,Jan,2,Friday,Q1,154.9,4.647,0.0031405874745981817,False,-0.5768594125254017,1-3%,100-500,2-3 days,1,AL
22253,Low,0.03,65.99,5.26,1527,Neil Parker,Regular Air,Home Office,Technology,Telephones and Communication,Small Box,8860,0.56,United States,South,Alabama,Decatur,35601,2015-03-30,2015-04-09,-52.248000000000005,23,1316.03,86814,858,False,False,False,Sam,10,2015-03-01,Mar,14,Monday,Q1,1517.77,45.5331,-0.03970122261650571,True,-0.5997012226165057,1-3%,500-2k,8+ days,4,AL
21455,Low,0.09,50.98,6.5,1527,Neil Parker,Regular Air,Home Office,Technology,Computer Peripherals,Small Box,Microsoft Natural Multimedia Keyboard,0.73,United States,South,Alabama,Decatur,35601,2015-05-21,2015-05-28,70.17599999999999,28,1395.41,86815,859,False,False,False,Sam,7,2015-05-01,May,21,Thursday,Q2,1427.4399999999998,128.46959999999999,0.05029059559555971,False,-0.6797094044044403,7-9%,500-2k,4-7 days,4,AL
24975,Critical,0.01,525.98,19.99,1528,Brad Stark,Regular Air,Small Business,Office Supplies,Binders and Binder Accessories,Small Box,GBC DocuBind 300 Electric Binding Machine,0.37,United States,South,North Carolina,Eden,27288,2015-01-09,2015-01-11,-161.924,9,4920.81,86813,860,False,True,False,Sam,2,2015-01-01,Jan,2,Friday,Q1,4733.82,47.3382,-0.03290596466841841,True,-0.4029059646684184,1-3%,2k-10k,2-3 days,1,NC
21199,Critical,0.07,4.91,0.5,1531,Jon Ayers,Regular Air,Consumer,Office Supplies,Labels,Small Box,Avery 508,0.36,United States,South,Florida,Palm Coast,32137,2015-01-17,2015-01-18,-157.696,6,28.22,88852,861,False,False,False,Sam,1,2015-01-01,Jan,3,Saturday,Q1,29.46,2.0622000000000003,-5.588093550673282,True,-5.948093550673282,7-9%,<100,Same/next day,1,FL
21596,High,0.02,4.89,4.93,1533,Nicole Reid,Regular Air,Corporate,Technology,Computer Peripherals,Small Pack,"Maxell 3.5"" DS/HD IBM-Formatted Diskettes, 10/Pack",0.66,United States,Central,Missouri,University City,63130,2015-02-06,2015-02-07,-56.446,14,74.01,91328,862,False,False,False,Chris,1,2015-02-01,Feb,6,Friday,Q1,68.46,1.3692,-0.7626807188217808,True,-1.422680718821781,1-3%,<100,Same/next day,2,MO
21597,High,0.07,10.06,2.06,1533,Nicole Reid,Regular Air,Corporate,Office Supplies,Paper,Wrap Bag,Riverleaf Stik-Withit® Designer Note Cubes®,0.39,United States,Central,Missouri,University City,63130,2015-02-06,2015-02-07,33.189,5,48.1,91328,863,False,False,False,Chris,1,2015-02-01,Feb,6,Friday,Q1,50.300000000000004,3.521000000000001,0.69,False,0.29999999999999993,7-9%,<100,Same/next day,2,MO
23147,Low,0.0,599.99,24.49,1548,John Bray,Regular Air,Corporate,Technology,Copiers and Fax,Large Box,Canon Image Class D660 Copier,0.44,United States,Central,Indiana,Richmond,47374,2015-06-23,2015-06-25,-367.165,18,11015.82,88487,864,False,False,False,Chris,2,2015-06-01,Jun,26,Tuesday,Q2,10799.82,0.0,-0.03333070075582208,True,-0.47333070075582206,0%,10k+,2-3 days,4,IN
19627,Low,0.07,17.7,9.47,1551,Laurence Flowers,Regular Air,Consumer,Office Supplies,Storage & Organization,Small Box,Portfile® Personal File Boxes,0.59,United States,South,Mississippi,Biloxi,39530,2015-06-25,2015-07-01,-243.544,18,300.67,87488,865,False,False,False,Sam,6,2015-06-01,Jun,26,Thursday,Q2,318.59999999999997,22.302,-0.810004323677121,True,-1.4000043236771211,7-9%,100-500,4-7 days,4,MS
20993,Critical,0.01,348.21,40.19,1552,Gary Koch,Delivery Truck,Small Business,Furniture,Tables,Jumbo Box,Bretford CR4500 Series Slim Rectangular Table,0.62,United States,South,Mississippi,Clinton,39056,2015-01-01,2015-01-04,-337.092,2,723.54,87486,866,False,False,False,Sam,3,2015-01-01,Jan,1,Thursday,Q1,696.42,6.9642,-0.46589269425325486,True,-1.0858926942532547,1-3%,500-2k,2-3 days,1,MS
24862,Not Specified,0.03,12.28,6.35,1553,Tara Powers Underwood,Regular Air,Small Business,Office Supplies,Paper,Small Box,Staples Premium Bright 1-Part Blank Computer Paper,0.38,United States,South,Mississippi,Greenville,38701,2015-03-22,2015-03-24,68.67599999999999,7,87.53,87484,867,False,False,False,Sam,2,2015-03-01,Mar,12,Sunday,Q1,85.96,2.5787999999999998,0.7845995658631325,False,0.4045995658631325,1-3%,<100,2-3 days,5,MS
26135,High,0.04,10.98,3.99,1554,Joan Floyd,Regular Air,Small Business,Office Supplies,Appliances,Small Box,Staples Surge Protector 6 outlet,0.58,United States,South,Mississippi,Gulfport,39503,2015-05-18,2015-05-18,481.032,15,172.22,87485,868,False,False,False,Sam,0,2015-05-01,May,21,Monday,Q2,164.70000000000002,6.588000000000001,2.7931250725815815,False,2.2131250725815814,4-6%,100-500,Same/next day,2,MS
25409,High,0.03,124.49,51.94,1554,Joan Floyd,Delivery Truck,Consumer,Furniture,Tables,Jumbo Box,Bevis 36 x 72 Conference Tables,0.63,United States,South,Mississippi,Gulfport,39503,2015-02-13,2015-02-14,-4.018000000000001,7,894.88,87487,869,False,False,False,Sam,1,2015-02-01,Feb,7,Friday,Q1,871.43,26.142899999999997,-0.0044899874843554455,True,-0.6344899874843555,1-3%,500-2k,Same/next day,2,MS
18294,Not Specified,0.06,2.89,0.99,1556,Carol Wood,Regular Air,Consumer,Office Supplies,Labels,Small Box,Avery 482,0.38,United States,South,Virginia,Alexandria,22304,2015-06-01,2015-06-03,-2.0097,6,16.67,87425,870,False,False,False,Sam,2,2015-06-01,Jun,23,Monday,Q2,17.34,1.0404,-0.12055788842231553,True,-0.5005578884223155,4-6%,<100,2-3 days,5,VA
18295,Not Specified,0.08,22.84,11.54,1556,Carol Wood,Regular Air,Consumer,Office Supplies,Paper,Small Box,Xerox 1964,0.39,United States,South,Virginia,Alexandria,22304,2015-06-01,2015-06-03,-477.37200000000007,9,195.16,87425,871,False,False,False,Sam,2,2015-06-01,Jun,23,Monday,Q2,205.56,16.4448,-2.4460545193687233,True,-2.8360545193687234,7-9%,100-500,2-3 days,5,VA
18511,Low,0.09,60.98,49.0,1557,James Nicholson,Regular Air,Consumer,Office Supplies,Appliances,Large Box,Euro Pro Shark Stick Mini Vacuum,0.59,United States,South,Virginia,Annandale,22003,2015-03-25,2015-04-02,-954.758,15,879.62,87426,872,False,False,False,Sam,8,2015-03-01,Mar,13,Wednesday,Q1,914.6999999999999,82.323,-1.085420977240172,True,-1.6754209772401718,7-9%,500-2k,8+ days,4,VA
18512,Low,0.05,29.89,1.99,1557,James Nicholson,Regular Air,Consumer,Technology,Computer Peripherals,Small Pack,"Verbatim DVD-RAM, 5.2GB, Rewritable, Type 1, DS",0.5,United States,South,Virginia,Annandale,22003,2015-03-25,2015-03-27,219.4734,12,361.19,87426,873,False,False,False,Sam,2,2015-03-01,Mar,13,Wednesday,Q1,358.68,17.934,0.6076397463938648,False,0.10763974639386475,4-6%,100-500,2-3 days,4,VA
26229,Critical,0.1,226.67,28.16,1559,Zachary Maynard,Delivery Truck,Consumer,Furniture,Chairs & Chairmats,Jumbo Drum,Hon GuestStacker Chair,0.59,United States,South,Virginia,Blacksburg,24060,2015-04-15,2015-04-17,-390.76800000000003,5,1088.26,87424,874,False,False,False,Sam,2,2015-04-01,Apr,16,Wednesday,Q2,1133.35,113.335,-0.3590759561134288,True,-0.9490759561134288,10%+,500-2k,2-3 days,1,VA
19130,High,0.02,11.34,11.25,1561,Edwin Coley,Regular Air,Corporate,Office Supplies,Paper,Small Box,Staples 1 Part Blank Computer Paper,0.36,United States,Central,Texas,Mansfield,76063,2015-03-01,2015-03-02,-155.21,9,105.75,88093,875,False,False,False,Chris,1,2015-03-01,Mar,9,Sunday,Q1,102.06,2.0412,-1.4677068557919621,True,-1.8277068557919622,1-3%,100-500,Same/next day,2,TX
19208,Critical,0.05,12.2,6.02,1561,Edwin Coley,Regular Air,Corporate,Furniture,Office Furnishings,Small Pack,Advantus Panel Wall Certificate Holder - 8.5x11,0.43,United States,Central,Texas,Mansfield,76063,2015-04-13,2015-04-14,-6.642,5,63.93,88094,876,False,False,False,Chris,1,2015-04-01,Apr,16,Monday,Q2,61.0,3.0500000000000003,-0.10389488503050212,True,-0.5338948850305021,4-6%,<100,Same/next day,1,TX
20464,Medium,0.07,20.95,5.99,1574,Sherry Hurley,Regular Air,Consumer,Technology,Computer Peripherals,Small Box,"Fellowes Basic 104-Key Keyboard, Platinum",0.65,United States,South,North Carolina,Fayetteville,28314,2015-02-09,2015-02-10,27.233999999999998,19,391.4,86966,877,False,False,False,Sam,1,2015-02-01,Feb,7,Monday,Q1,398.05,27.863500000000002,0.06958099131323454,False,-0.5804190086867654,7-9%,100-500,Same/next day,3,NC
22127,Low,0.1,11.58,6.97,1580,Ronnie Nolan,Regular Air,Corporate,Office Supplies,Envelopes,Small Box,"Peel & Seel® Recycled Catalog Envelopes, Brown",0.35,United States,East,Maine,Waterville,04901,2015-02-16,2015-02-20,-8.398,1,14.53,90934,878,False,False,False,Erin,4,2015-02-01,Feb,8,Monday,Q1,11.58,1.1580000000000001,-0.5779766001376463,True,-0.9279766001376463,10%+,<100,4-7 days,4,ME
25013,Medium,0.03,19.04,6.38,1590,Lucille Buchanan,Express Air,Corporate,Furniture,Office Furnishings,Small Box,"Eldon Expressions™ Desk Accessory, Wood Photo Frame, Mahogany",0.56,United States,East,Ohio,Willoughby,44094,2015-04-04,2015-04-04,83.7936,7,144.03,86668,879,False,True,False,Erin,0,2015-04-01,Apr,14,Saturday,Q2,133.28,3.9983999999999997,0.5817787960841491,False,0.02177879608414901,1-3%,100-500,Same/next day,3,OH
25011,Medium,0.02,5.53,6.98,1593,Ronald O'Neill,Regular Air,Corporate,Office Supplies,Binders and Binder Accessories,Small Box,Avery Durable Poly Binders,0.39,United States,Central,Oklahoma,Bartlesville,74006,2015-04-04,2015-04-06,-77.82372,8,48.81,86668,880,False,True,False,Chris,2,2015-04-01,Apr,14,Saturday,Q2,44.24,0.8848,-1.5944216349108786,True,-1.9844216349108788,1-3%,<100,2-3 days,3,OK
21059,High,0.01,500.98,26.0,1595,Chad Henson,Delivery Truck,Corporate,Furniture,Chairs & Chairmats,Jumbo Drum,Global Troy™ Executive Leather Low-Back Tilter,0.6,United States,East,West Virginia,Huntington,25705,2015-05-11,2015-05-12,5078.538,14,7360.2,90796,881,False,False,False,Erin,1,2015-05-01,May,20,Monday,Q2,7013.72,70.1372,0.69,False,0.08999999999999997,1-3%,2k-10k,Same/next day,2,WV
21060,High,0.08,9.77,6.02,1595,Chad Henson,Regular Air,Corporate,Furniture,Office Furnishings,Medium Box,DAX Solid Wood Frames,0.48,United States,East,West Virginia,Huntington,25705,2015-05-11,2015-05-12,23.276000000000003,9,89.06,90796,882,False,False,False,Erin,1,2015-05-01,May,20,Monday,Q2,87.92999999999999,7.0344,0.26135189759712557,False,-0.2186481024028744,7-9%,<100,Same/next day,2,WV
21061,High,0.09,3.28,0.98,1595,Chad Henson,Regular Air,Corporate,Office Supplies,Pens & Art Supplies,Wrap Bag,Newell 329,0.59,United States,East,West Virginia,Huntington,25705,2015-05-11,2015-05-13,17.754,42,134.97,90796,883,False,False,False,Erin,2,2015-05-01,May,20,Monday,Q2,137.76,12.398399999999999,0.1315403422982885,False,-0.4584596577017115,7-9%,100-500,2-3 days,2,WV
21928,Critical,0.1,9.11,2.15,1602,Frank Hess,Regular Air,Home Office,Office Supplies,Paper,Wrap Bag,"Black Print Carbonless Snap-Off® Rapid Letter, 8 1/2"" x 7""",0.4,United States,East,Maryland,Waldorf,20601,2015-04-10,2015-04-12,-3.9312,2,17.42,89680,884,False,False,False,Erin,2,2015-04-01,Apr,15,Friday,Q2,18.22,1.822,-0.22567164179104476,True,-0.6256716417910448,10%+,<100,2-3 days,1,MD
23533,Critical,0.09,2.18,0.78,1603,Alex Watkins,Regular Air,Small Business,Office Supplies,Rubber Bands,Wrap Bag,Stockwell Push Pins,0.52,United States,East,New York,Woodmere,11598,2015-01-16,2015-01-18,2.4548,9,19.12,89679,885,False,False,False,Erin,2,2015-01-01,Jan,3,Friday,Q1,19.62,1.7658,0.12838912133891214,False,-0.3916108786610879,7-9%,<100,2-3 days,1,NY
23534,Critical,0.05,179.29,29.21,1603,Alex Watkins,Delivery Truck,Small Business,Furniture,Tables,Jumbo Box,"Bevis Round Conference Table Top, X-Base",0.76,United States,East,New York,Woodmere,11598,2015-01-16,2015-01-18,-537.2797773200001,1,186.64,89679,886,False,False,False,Erin,2,2015-01-01,Jan,3,Friday,Q1,179.29,8.9645,-2.878695763609088,True,-3.638695763609088,4-6%,100-500,2-3 days,1,NY
18450,Medium,0.05,1.98,4.77,1606,Don Rogers,Regular Air,Home Office,Office Supplies,Binders and Binder Accessories,Small Box,Avery Reinforcements for Hole-Punch Pages,0.4,United States,East,New York,Franklin Square,11010,2015-01-07,2015-01-08,-14.359820000000001,1,3.53,87993,887,False,False,False,Erin,1,2015-01-01,Jan,2,Wednesday,Q1,1.98,0.099,-4.067937677053825,True,-4.4679376770538255,4-6%,<100,Same/next day,3,NY
18451,Medium,0.07,699.99,24.49,1606,Don Rogers,Express Air,Home Office,Technology,Copiers and Fax,Large Box,Canon PC1060 Personal Laser Copier,0.41,United States,East,New York,Franklin Square,11010,2015-01-07,2015-01-08,-2870.2775999999994,1,706.56,87993,888,False,False,False,Erin,1,2015-01-01,Jan,2,Wednesday,Q1,699.99,48.999300000000005,-4.062326766304348,True,-4.472326766304348,7-9%,500-2k,Same/next day,3,NY
18452,Medium,0.07,6783.02,24.49,1606,Don Rogers,Regular Air,Home Office,Technology,Office Machines,Large Box,Polycom ViewStation™ ISDN Videoconferencing Unit,0.39,United States,East,New York,Franklin Square,11010,2015-01-07,2015-01-08,77.98359999999768,2,13121.07,87993,889,False,False,False,Erin,1,2015-01-01,Jan,2,Wednesday,Q1,13566.04,949.6228000000001,0.005943387238997862,False,-0.38405661276100217,7-9%,10k+,Same/next day,3,NY
22921,Not Specified,0.01,15.16,15.09,1607,Kathleen Huang Hall,Regular Air,Home Office,Office Supplies,Binders and Binder Accessories,Small Box,"GBC Clear Cover, 8-1/2 x 11, unpunched, 25 covers per pack",0.39,United States,East,New York,Freeport,11520,2015-04-15,2015-04-15,-200.85899999999998,7,110.93,87994,890,False,False,False,Erin,0,2015-04-01,Apr,16,Wednesday,Q2,106.12,1.0612000000000001,-1.810682412332101,True,-2.200682412332101,1-3%,100-500,Same/next day,5,NY
24951,Low,0.1,5.68,3.6,1607,Kathleen Huang Hall,Express Air,Home Office,Office Supplies,"Scissors, Rulers and Trimmers",Small Pack,Acme® Preferred Stainless Steel Scissors,0.56,United States,East,New York,Freeport,11520,2015-02-06,2015-02-10,-33.2956,21,118.35,87995,891,False,False,False,Erin,4,2015-02-01,Feb,6,Friday,Q1,119.28,11.928,-0.28133164343050276,True,-0.8413316434305028,10%+,100-500,4-7 days,4,NY
22682,High,0.03,2.16,6.05,1609,Jerry Ennis,Regular Air,Consumer,Office Supplies,Binders and Binder Accessories,Small Box,Peel & Stick Add-On Corner Pockets,0.37,United States,West,California,Sacramento,95823,2015-05-11,2015-05-12,-90.5855,7,17.31,87824,892,False,False,False,William,1,2015-05-01,May,20,Monday,Q2,15.120000000000001,0.4536,-5.23313113807048,True,-5.60313113807048,1-3%,<100,Same/next day,2,CA
22683,High,0.03,9.71,9.45,1609,Jerry Ennis,Regular Air,Consumer,Office Supplies,Storage & Organization,Small Box,Filing/Storage Totes and Swivel Casters,0.6,United States,West,California,Sacramento,95823,2015-05-11,2015-05-11,-36.9,2,23.56,87824,893,False,False,False,William,0,2015-05-01,May,20,Monday,Q2,19.42,0.5826,-1.566213921901528,True,-2.166213921901528,1-3%,<100,Same/next day,2,CA
18394,Low,0.06,40.97,1.99,1614,Wayne Lutz,Regular Air,Consumer,Technology,Computer Peripherals,Small Pack,"TDK 4.7GB DVD-R Spindle, 15/Pack",0.42,United States,East,Massachusetts,Hopkinton,01748,2015-04-08,2015-04-12,341.19809999999995,12,494.49,87823,894,False,False,False,Erin,4,2015-04-01,Apr,15,Wednesday,Q2,491.64,29.498399999999997,0.69,False,0.26999999999999996,4-6%,100-500,4-7 days,4,MA
19501,High,0.09,12.88,4.59,1618,June Roberts,Regular Air,Consumer,Office Supplies,"Scissors, Rulers and Trimmers",Wrap Bag,Martin-Yale Premier Letter Opener,0.82,United States,Central,Indiana,Highland,46322,2015-04-06,2015-04-06,-175.13,13,158.13,90248,895,False,True,False,Chris,0,2015-04-01,Apr,15,Monday,Q2,167.44,15.0696,-1.1075064820084741,True,-1.9275064820084742,7-9%,100-500,Same/next day,2,IN
19502,High,0.02,45.99,4.99,1620,Gerald Petty,Express Air,Consumer,Technology,Telephones and Communication,Small Box,600 Series Non-Flip,0.57,United States,East,Pennsylvania,Lancaster,17602,2015-04-06,2015-04-07,3.96,4,163.01,90248,896,False,True,False,Erin,1,2015-04-01,Apr,15,Monday,Q2,183.96,3.6792000000000002,0.02429298816023557,False,-0.5457070118397643,1-3%,100-500,Same/next day,2,PA
23750,High,0.06,15.01,8.4,1623,Patrick Adcock,Regular Air,Small Business,Office Supplies,Binders and Binder Accessories,Small Box,"GBC Prepunched Paper, 19-Hole, for Binding Systems, 24-lb",0.39,United States,Central,Indiana,Schererville,46375,2015-05-24,2015-05-26,1.6169000000000011,22,333.04,87611,897,False,False,False,Chris,2,2015-05-01,May,21,Sunday,Q2,330.21999999999997,19.8132,0.0048549723756906105,False,-0.3851450276243094,4-6%,100-500,2-3 days,2,IN
23751,High,0.09,40.48,19.99,1623,Patrick Adcock,Regular Air,Small Business,Technology,Computer Peripherals,Small Box,Keytronic Designer 104- Key Black Keyboard,0.77,United States,Central,Indiana,Schererville,46375,2015-05-24,2015-05-26,65.39400000000006,12,472.44,87611,898,False,False,False,Chris,2,2015-05-01,May,21,Sunday,Q2,485.76,43.718399999999995,0.1384175768351538,False,-0.6315824231648463,7-9%,100-500,2-3 days,2,IN
23752,High,0.05,12.28,6.13,1623,Patrick Adcock,Regular Air,Small Business,Office Supplies,Storage & Organization,Small Box,Recycled Eldon Regeneration Jumbo File,0.57,United States,Central,Indiana,Schererville,46375,2015-05-24,2015-05-25,1.3360000000000003,1,18.73,87611,899,False,False,False,Chris,1,2015-05-01,May,21,Sunday,Q2,12.28,0.614,0.07132941804591565,False,-0.4986705819540843,4-6%,<100,Same/next day,2,IN
21145,Medium,0.08,213.45,14.7,1625,Molly Browning,Delivery Truck,Home Office,Technology,Office Machines,Jumbo Drum,Panasonic KX-P2130 Dot Matrix Printer,0.59,United States,East,New York,Glen Cove,11542,2015-03-27,2015-03-29,1674.7541999999999,12,2427.18,90600,900,False,False,False,Erin,2,2015-03-01,Mar,13,Friday,Q1,2561.3999999999996,204.91199999999998,0.69,False,0.09999999999999998,7-9%,2k-10k,2-3 days,3,NY
21146,Medium,0.1,55.98,13.88,1625,Molly Browning,Regular Air,Home Office,Office Supplies,Paper,Small Box,Xerox 1882,0.36,United States,East,New York,Glen Cove,11542,2015-03-27,2015-03-29,300.0465,8,434.85,90600,901,False,False,False,Erin,2,2015-03-01,Mar,13,Friday,Q1,447.84,44.784,0.69,False,0.32999999999999996,10%+,100-500,2-3 days,3,NY
21147,Medium,0.0,16.06,8.34,1625,Molly Browning,Regular Air,Home Office,Office Supplies,Storage & Organization,Small Box,"Letter/Legal File Tote with Clear Snap-On Lid, Black Granite",0.59,United States,East,New York,Glen Cove,11542,2015-03-27,2015-03-28,-28.09,1,19.16,90600,902,False,False,False,Erin,1,2015-03-01,Mar,13,Friday,Q1,16.06,0.0,-1.4660751565762005,True,-2.0560751565762003,0%,<100,Same/next day,3,NY
21270,Medium,0.0,209.37,69.0,1625,Molly Browning,Regular Air,Home Office,Furniture,Tables,Large Box,Hon 2111 Invitation™ Series Corner Table,0.79,United States,East,New York,Glen Cove,11542,2015-02-16,2015-02-18,-263.1119290800001,11,1959.88,90601,903,False,False,False,Erin,2,2015-02-01,Feb,8,Monday,Q1,2303.07,0.0,-0.1342489994693553,True,-0.9242489994693553,0%,500-2k,2-3 days,3,NY
23604,High,0.06,43.57,16.36,1627,Aaron Day,Regular Air,Corporate,Office Supplies,Storage & Organization,Small Box,"Trav-L-File Heavy-Duty Shuttle II, Black",0.55,United States,South,Tennessee,Greeneville,37743,2015-05-28,2015-05-30,-38.808,17,710.16,90602,904,False,False,False,Sam,2,2015-05-01,May,22,Thursday,Q2,740.69,44.4414,-0.05464684014869889,True,-0.604646840148699,4-6%,500-2k,2-3 days,2,TN
19769,High,0.08,8.09,7.96,1632,Lori Wolfe,Express Air,Home Office,Furniture,Office Furnishings,Small Box,"6"" Cubicle Wall Clock, Black",0.49,United States,South,Mississippi,Hattiesburg,39401,2015-01-15,2015-01-16,15.984,6,48.25,90530,905,False,False,False,Sam,1,2015-01-01,Jan,3,Thursday,Q1,48.54,3.8832,0.33127461139896375,False,-0.15872538860103624,7-9%,<100,Same/next day,2,MS
20359,High,0.02,25.99,5.37,1632,Lori Wolfe,Regular Air,Home Office,Office Supplies,Pens & Art Supplies,Small Box,"BOSTON® Ranger® #55 Pencil Sharpener, Black",0.56,United States,South,Mississippi,Hattiesburg,39401,2015-04-15,2015-04-17,-88.158,9,243.24,90533,906,False,False,False,Sam,2,2015-04-01,Apr,16,Wednesday,Q2,233.91,4.6782,-0.36243216576221016,True,-0.9224321657622102,1-3%,100-500,2-3 days,2,MS
24786,Not Specified,0.03,5.98,3.85,1633,Gerald Raynor,Regular Air,Home Office,Technology,Computer Peripherals,Small Pack,"Imation 3.5"" IBM-Formatted Diskettes, 10/Pack",0.68,United States,South,Mississippi,Horn Lake,38637,2015-02-10,2015-02-12,-76.1068,6,38.54,90531,907,False,False,False,Sam,2,2015-02-01,Feb,7,Tuesday,Q1,35.88,1.0764,-1.9747483134405814,True,-2.6547483134405816,1-3%,<100,2-3 days,5,MS
26340,Not Specified,0.08,100.97,14.0,1634,Katherine W Epstein,Delivery Truck,Home Office,Technology,Office Machines,Jumbo Drum,Hewlett-Packard Deskjet 3820 Color Inkjet Printer,0.37,United States,South,Mississippi,Jackson,39212,2015-04-09,2015-04-10,-73.49411999999994,15,1483.16,90532,908,False,False,False,Sam,1,2015-04-01,Apr,15,Thursday,Q2,1514.55,121.164,-0.04955238814423254,True,-0.4195523881442325,7-9%,500-2k,Same/next day,5,MS
19144,Critical,0.08,115.99,56.14,1636,Sidney Greenberg,Delivery Truck,Home Office,Technology,Office Machines,Jumbo Drum,Hewlett-Packard Deskjet 5550 Color Inkjet Printer,0.4,United States,West,California,Salinas,93905,2015-01-14,2015-01-16,-272.860884,5,562.93,89704,909,False,False,False,William,2,2015-01-01,Jan,3,Wednesday,Q1,579.9499999999999,46.395999999999994,-0.48471547794574815,True,-0.8847154779457482,7-9%,500-2k,2-3 days,1,CA
19145,Critical,0.08,4.28,0.94,1636,Sidney Greenberg,Regular Air,Home Office,Office Supplies,Pens & Art Supplies,Wrap Bag,Newell 336,0.56,United States,West,California,Salinas,93905,2015-01-14,2015-01-17,10.5792,7,29.18,89704,910,False,False,False,William,3,2015-01-01,Jan,3,Wednesday,Q1,29.96,2.3968000000000003,0.36254969156956823,False,-0.19745030843043182,7-9%,<100,2-3 days,1,CA
20869,High,0.04,136.98,24.49,1636,Sidney Greenberg,Express Air,Home Office,Furniture,Office Furnishings,Large Box,"3M Polarizing Task Lamp with Clamp Arm, Light Gray",0.59,United States,West,California,Salinas,93905,2015-01-12,2015-01-14,1127.5497,12,1634.13,89706,911,False,False,False,William,2,2015-01-01,Jan,3,Monday,Q1,1643.7599999999998,65.75039999999998,0.69,False,0.09999999999999998,4-6%,500-2k,2-3 days,2,CA
26109,Critical,0.08,55.48,6.79,1639,Marvin Rollins,Regular Air,Home Office,Office Supplies,Paper,Small Box,"Eaton Premium Continuous-Feed Paper, 25% Cotton, Letter Size, White, 1000 Shts/Box",0.37,United States,East,Connecticut,Stamford,06901,2015-02-26,2015-02-28,147.7566,4,214.14,89705,912,False,False,False,Erin,2,2015-02-01,Feb,9,Thursday,Q1,221.92,17.7536,0.6900000000000001,False,0.32000000000000006,7-9%,100-500,2-3 days,1,CT
18274,Low,0.09,107.53,5.81,1644,Sam Woodward,Regular Air,Small Business,Furniture,Office Furnishings,Medium Box,"Tenex Contemporary Contur Chairmats for Low and Medium Pile Carpet, Computer, 39"" x 49""",0.65,United States,Central,Texas,Friendswood,77546,2015-06-14,2015-06-16,69.5451,1,100.79,87342,913,False,False,False,Chris,2,2015-06-01,Jun,24,Sunday,Q2,107.53,9.6777,0.6900000000000001,False,0.040000000000000036,7-9%,100-500,2-3 days,4,TX
24265,Not Specified,0.06,3.29,1.35,1646,Eugene Brewer Knox,Regular Air,Small Business,Office Supplies,Rubber Bands,Wrap Bag,Acco® Hot Clips™ Clips to Go,0.4,United States,East,New York,Bethpage,11714,2015-03-15,2015-03-17,8.53,11,35.97,90932,914,False,False,False,Erin,2,2015-03-01,Mar,11,Sunday,Q1,36.19,2.1713999999999998,0.23714206283013622,False,-0.1628579371698638,4-6%,<100,2-3 days,5,NY
21947,Critical,0.08,46.89,5.1,1648,Nina Bowles,Regular Air,Corporate,Office Supplies,Appliances,Medium Box,Bionaire Personal Warm Mist Humidifier/Vaporizer,0.46,United States,Central,Illinois,Woodstock,60098,2015-03-25,2015-03-27,507.633,17,735.7,91043,915,False,False,False,Chris,2,2015-03-01,Mar,13,Wednesday,Q1,797.13,63.7704,0.69,False,0.22999999999999993,7-9%,500-2k,2-3 days,1,IL
21948,Critical,0.05,12.98,3.14,1648,Nina Bowles,Regular Air,Corporate,Office Supplies,"Scissors, Rulers and Trimmers",Small Pack,"Acme® 8"" Straight Scissors",0.6,United States,Central,Illinois,Woodstock,60098,2015-03-25,2015-03-25,38.23,18,225.59,91043,916,False,False,False,Chris,0,2015-03-01,Mar,13,Wednesday,Q1,233.64000000000001,11.682000000000002,0.16946673168136883,False,-0.43053326831863115,4-6%,100-500,Same/next day,1,IL
20603,Critical,0.03,48.58,3.99,1649,Roy Hardison,Express Air,Corporate,Office Supplies,Appliances,Small Box,Belkin Premiere Surge Master II 8-outlet surge protector,0.56,United States,East,New York,Woodmere,11598,2015-02-24,2015-02-26,100.13279999999999,3,145.12,91041,917,False,False,False,Erin,2,2015-02-01,Feb,9,Tuesday,Q1,145.74,4.3722,0.69,False,0.1299999999999999,1-3%,100-500,2-3 days,1,NY
24016,High,0.05,6.48,2.74,1650,Dan Lamm,Regular Air,Corporate,Technology,Computer Peripherals,Small Pack,"Sony MFD2HD Formatted Diskettes, 10/Pack",0.71,United States,South,North Carolina,Asheboro,27203,2015-05-09,2015-05-09,15.096,15,94.27,91042,918,False,False,False,Sam,0,2015-05-01,May,19,Saturday,Q2,97.2,4.86,0.1601357802057919,False,-0.5498642197942081,4-6%,<100,Same/next day,2,NC
24017,High,0.09,12.53,0.5,1650,Dan Lamm,Regular Air,Corporate,Office Supplies,Labels,Small Box,Avery 485,0.38,United States,South,North Carolina,Asheboro,27203,2015-05-09,2015-05-10,14.912399999999998,7,82.21,91042,919,False,False,False,Sam,1,2015-05-01,May,19,Saturday,Q2,87.71,7.8938999999999995,0.18139399099866196,False,-0.19860600900133804,7-9%,<100,Same/next day,2,NC
24019,High,0.08,65.99,8.99,1650,Dan Lamm,Express Air,Corporate,Technology,Telephones and Communication,Small Box,i270,0.55,United States,South,North Carolina,Asheboro,27203,2015-05-09,2015-05-11,-135.226,8,417.47,91042,920,False,False,False,Sam,2,2015-05-01,May,19,Saturday,Q2,527.92,42.233599999999996,-0.3239178863151843,True,-0.8739178863151844,7-9%,100-500,2-3 days,2,NC
19251,Not Specified,0.0,101.41,35.0,1653,Charles Cline,Express Air,Corporate,Office Supplies,Storage & Organization,Large Box,Tennsco Regal Shelving Units,0.82,United States,West,California,Thousand Oaks,91360,2015-01-24,2015-01-25,-457.73,10,1104.32,89885,921,False,False,False,William,1,2015-01-01,Jan,4,Saturday,Q1,1014.0999999999999,0.0,-0.4144903651115619,True,-1.234490365111562,0%,500-2k,Same/next day,5,CA
19252,Not Specified,0.1,95.99,4.9,1653,Charles Cline,Regular Air,Corporate,Technology,Telephones and Communication,Small Box,T60,0.56,United States,West,California,Thousand Oaks,91360,2015-01-24,2015-01-25,-268.664,2,149.8,89885,922,False,False,False,William,1,2015-01-01,Jan,4,Saturday,Q1,191.98,19.198,-1.7934846461949263,True,-2.3534846461949264,10%+,100-500,Same/next day,5,CA
24187,High,0.1,3.6,2.2,1665,Elsie Pridgen,Regular Air,Consumer,Office Supplies,Paper,Wrap Bag,"Telephone Message Books with Fax/Mobile Section, 4 1/4"" x 6""",0.39,United States,West,California,Laguna Hills,92653,2015-02-26,2015-02-27,-8.28,2,6.97,90678,923,False,False,False,William,1,2015-02-01,Feb,9,Thursday,Q1,7.2,0.7200000000000001,-1.187948350071736,True,-1.5779483500717362,10%+,<100,Same/next day,2,CA
21491,Low,0.03,35.41,1.99,1670,Carolyn Bowling,Regular Air,Small Business,Technology,Computer Peripherals,Small Pack,Imation DVD-RAM discs,0.43,United States,South,Virginia,Blacksburg,24060,2015-04-24,2015-04-26,1912.4219999999998,10,367.52,86722,924,False,False,False,Sam,2,2015-04-01,Apr,17,Friday,Q2,354.09999999999997,10.623,5.203586199390509,False,4.773586199390509,1-3%,100-500,2-3 days,4,VA
21492,Low,0.0,142.86,19.99,1670,Carolyn Bowling,Regular Air,Small Business,Office Supplies,Storage & Organization,Small Box,Letter Size Cart,0.56,United States,South,Virginia,Blacksburg,24060,2015-04-24,2015-05-03,-739.326,11,1576.35,86722,925,False,False,False,Sam,9,2015-04-01,Apr,17,Friday,Q2,1571.46,0.0,-0.4690113236273671,True,-1.0290113236273672,0%,500-2k,8+ days,4,VA
23578,Low,0.1,4.13,0.99,1671,Mitchell Ross,Regular Air,Small Business,Office Supplies,Labels,Small Box,Avery 491,0.39,United States,South,Virginia,Burke,22015,2015-02-09,2015-02-13,-40.53,13,52.16,86724,926,False,False,False,Sam,4,2015-02-01,Feb,7,Monday,Q1,53.69,5.369,-0.7770322085889572,True,-1.167032208588957,10%+,<100,4-7 days,4,VA
22007,Critical,0.03,223.98,15.01,1671,Mitchell Ross,Regular Air,Small Business,Office Supplies,Binders and Binder Accessories,Small Box,GBC DocuBind TL200 Manual Binding Machine,0.38,United States,South,Virginia,Burke,22015,2015-05-12,2015-05-13,0.696,21,4881.84,86725,927,False,False,False,Sam,1,2015-05-01,May,20,Tuesday,Q2,4703.58,141.10739999999998,0.00014256919522147386,False,-0.3798574308047785,1-3%,2k-10k,Same/next day,1,VA
25066,Low,0.02,284.98,69.55,1672,Sidney Scarborough,Delivery Truck,Small Business,Furniture,Chairs & Chairmats,Jumbo Drum,Global Commerce™ Series High-Back Swivel/Tilt Chairs,0.6,United States,South,Virginia,Charlottesville,22901,2015-06-07,2015-06-12,15.527999999999999,3,926.3,86723,928,False,False,False,Sam,5,2015-06-01,Jun,23,Sunday,Q2,854.94,17.0988,0.01676346755910612,False,-0.5832365324408939,1-3%,500-2k,4-7 days,4,VA
25067,Low,0.08,55.48,14.3,1672,Sidney Scarborough,Regular Air,Small Business,Office Supplies,Paper,Small Box,Xerox 194,0.37,United States,South,Virginia,Charlottesville,22901,2015-06-07,2015-06-09,-225.5638,17,942.53,86723,929,False,False,False,Sam,2,2015-06-01,Jun,23,Sunday,Q2,943.16,75.4528,-0.23931736920840715,True,-0.6093173692084072,7-9%,500-2k,2-3 days,4,VA
18150,Medium,0.07,13.73,6.85,1679,Jeanne Nguyen,Regular Air,Consumer,Furniture,Office Furnishings,Wrap Bag,DAX Wood Document Frame.,0.54,United States,East,Ohio,Fairborn,45324,2015-03-20,2015-03-21,-22.72,21,276.64,86646,930,False,False,False,Erin,1,2015-03-01,Mar,12,Friday,Q1,288.33,20.1831,-0.0821283979178716,True,-0.6221283979178717,7-9%,100-500,Same/next day,3,OH
23524,Low,0.09,30.98,19.51,1680,Esther Whitaker,Regular Air,Consumer,Office Supplies,Envelopes,Small Box,Staples Colored Interoffice Envelopes,0.36,United States,East,Ohio,Fairfield,45014,2015-05-03,2015-05-05,-163.53,18,514.62,86645,931,False,False,False,Erin,2,2015-05-01,May,18,Sunday,Q2,557.64,50.187599999999996,-0.31776845050717034,True,-0.6777684505071704,7-9%,500-2k,2-3 days,4,OH
23525,Low,0.03,49.34,10.25,1680,Esther Whitaker,Regular Air,Consumer,Furniture,Office Furnishings,Large Box,Electrix Fluorescent Magnifier Lamps & Weighted Base,0.57,United States,East,Ohio,Fairfield,45014,2015-05-03,2015-05-05,554.77,17,817.32,86645,932,False,False,False,Erin,2,2015-05-01,May,18,Sunday,Q2,838.7800000000001,25.163400000000003,0.678767190329369,False,0.1087671903293691,1-3%,500-2k,2-3 days,4,OH
1976,Not Specified,0.04,6.28,5.41,1682,Julie Edwards,Regular Air,Consumer,Furniture,Office Furnishings,Small Box,Eldon® 200 Class™ Desk Accessories,0.53,United States,Central,Illinois,Chicago,60611,2015-02-14,2015-02-16,-38.38,43,284.48,14115,933,False,False,False,Chris,2,2015-02-01,Feb,7,Saturday,Q1,270.04,10.8016,-0.13491282339707536,True,-0.6649128233970754,4-6%,100-500,2-3 days,5,IL
5358,Not Specified,0.08,4.98,4.7,1682,Julie Edwards,Regular Air,Consumer,Office Supplies,Paper,Small Box,Staples Copy Paper (20Lb. and 84 Bright),0.38,United States,Central,Illinois,Chicago,60611,2015-03-14,2015-03-15,-56.35,47,225.98,38080,934,False,False,False,Chris,1,2015-03-01,Mar,11,Saturday,Q1,234.06000000000003,18.724800000000002,-0.24935835029648643,True,-0.6293583502964865,7-9%,100-500,Same/next day,5,IL
19976,Not Specified,0.04,6.28,5.41,1683,Wesley Corbett,Regular Air,Consumer,Furniture,Office Furnishings,Small Box,Eldon® 200 Class™ Desk Accessories,0.53,United States,Central,Texas,Conroe,77301,2015-02-14,2015-02-16,-19.957600000000003,11,72.77,90612,935,False,False,False,Chris,2,2015-02-01,Feb,7,Saturday,Q1,69.08,2.7632,-0.2742558746736293,True,-0.8042558746736292,4-6%,<100,2-3 days,5,TX
23358,Not Specified,0.08,4.98,4.7,1683,Wesley Corbett,Regular Air,Consumer,Office Supplies,Paper,Small Box,Staples Copy Paper (20Lb. and 84 Bright),0.38,United States,Central,Texas,Conroe,77301,2015-03-14,2015-03-15,-56.35,12,57.7,90613,936,False,False,False,Chris,1,2015-03-01,Mar,11,Saturday,Q1,59.760000000000005,4.7808,-0.9766031195840554,True,-1.3566031195840553,7-9%,<100,Same/next day,5,TX
19751,Low,0.08,2.08,5.33,1686,Lynn O'Donnell,Regular Air,Corporate,Furniture,Office Furnishings,Small Box,Eldon® Wave Desk Accessories,0.43,United States,Central,Illinois,Elgin,60123,2015-03-03,2015-03-10,-129.01,9,19.67,86973,937,False,False,False,Chris,7,2015-03-01,Mar,10,Tuesday,Q1,18.72,1.4976,-6.558718861209964,True,-6.988718861209963,7-9%,<100,4-7 days,4,IL
25690,High,0.0,48.91,35.0,1689,Larry Church,Regular Air,Corporate,Office Supplies,Storage & Organization,Large Box,Tennsco Industrial Shelving,0.83,United States,Central,Indiana,Highland,46322,2015-03-24,2015-03-25,-628.38,10,514.79,91077,938,False,False,False,Chris,1,2015-03-01,Mar,13,Tuesday,Q1,489.09999999999997,0.0,-1.2206530818391967,True,-2.050653081839197,0%,500-2k,Same/next day,2,IN
22798,Low,0.05,115.99,5.26,1690,Neil Bailey,Regular Air,Corporate,Technology,Telephones and Communication,Small Box,636,0.57,United States,East,Pennsylvania,Harrisburg,17112,2015-01-24,2015-01-28,616.5356999999999,9,893.53,91076,939,False,False,False,Erin,4,2015-01-01,Jan,4,Saturday,Q1,1043.9099999999999,52.195499999999996,0.69,False,0.12,4-6%,500-2k,4-7 days,4,PA
23626,Not Specified,0.09,95.43,19.99,1690,Neil Bailey,Regular Air,Corporate,Office Supplies,Storage & Organization,Small Box,Fellowes Stor/Drawer® Steel Plus™ Storage Drawers,0.79,United States,East,Pennsylvania,Harrisburg,17112,2015-06-01,2015-06-02,-143.235,22,2053.6,91078,940,False,False,False,Erin,1,2015-06-01,Jun,23,Monday,Q2,2099.46,188.9514,-0.06974824698091157,True,-0.8597482469809116,7-9%,2k-10k,Same/next day,5,PA
19481,Not Specified,0.0,6.84,8.37,1692,Rhonda Schroeder,Regular Air,Consumer,Office Supplies,"Scissors, Rulers and Trimmers",Small Pack,"Acme Design Line 8"" Stainless Steel Bent Scissors w/Champagne Handles, 3-1/8"" Cut",0.58,United States,Central,Kansas,Newton,67114,2015-01-23,2015-01-24,-123.1816,5,37.89,90189,941,False,True,False,Chris,1,2015-01-01,Jan,4,Friday,Q1,34.2,0.0,-3.251031934547374,True,-3.831031934547374,0%,<100,Same/next day,5,KS
19482,Not Specified,0.07,30.98,5.76,1693,Melinda Thornton,Regular Air,Consumer,Office Supplies,Paper,Small Box,"IBM Multi-Purpose Copy Paper, 8 1/2 x 11"", Case",0.4,United States,South,Virginia,Reston,20190,2015-01-23,2015-01-25,-28.798000000000002,11,343.79,90189,942,False,True,False,Sam,2,2015-01-01,Jan,4,Friday,Q1,340.78000000000003,23.854600000000005,-0.0837662526542366,True,-0.4837662526542366,7-9%,100-500,2-3 days,5,VA
21262,Low,0.01,15.67,1.39,1693,Melinda Thornton,Express Air,Consumer,Office Supplies,Envelopes,Small Box,"#10 White Business Envelopes,4 1/8 x 9 1/2",0.38,United States,South,Virginia,Reston,20190,2015-05-11,2015-05-11,-273.98,11,188.09,90190,943,False,False,False,Sam,0,2015-05-01,May,20,Monday,Q2,172.37,1.7237,-1.456643096390026,True,-1.8366430963900262,1-3%,100-500,Same/next day,4,VA
24941,Medium,0.0,13.43,5.5,1697,Holly Osborne,Regular Air,Home Office,Office Supplies,Storage & Organization,Small Box,"Fellowes Personal Hanging Folder Files, Navy",0.57,United States,South,Arkansas,Hot Springs,71901,2015-01-16,2015-01-17,-253.77800000000002,9,129.54,86338,944,False,False,False,Sam,1,2015-01-01,Jan,3,Friday,Q1,120.87,0.0,-1.9590705573568012,True,-2.529070557356801,0%,100-500,Same/next day,3,AR
18275,Low,0.05,3.98,5.26,1699,Joseph Hurst,Regular Air,Small Business,Office Supplies,Binders and Binder Accessories,Small Box,Ibico Presentation Index for Binding Systems,0.38,United States,East,Pennsylvania,Levittown,19057,2015-03-25,2015-03-29,-152.5245,12,49.44,87345,945,False,False,False,Erin,4,2015-03-01,Mar,13,Wednesday,Q1,47.76,2.388,-3.085042475728155,True,-3.465042475728155,4-6%,<100,4-7 days,4,PA
18276,Low,0.01,6.48,5.4,1699,Joseph Hurst,Regular Air,Small Business,Office Supplies,Paper,Small Box,Xerox 207,0.37,United States,East,Pennsylvania,Levittown,19057,2015-03-25,2015-03-25,-18.85,2,14.29,87345,946,False,False,False,Erin,0,2015-03-01,Mar,13,Wednesday,Q1,12.96,0.12960000000000002,-1.3191042687193844,True,-1.6891042687193845,1-3%,<100,Same/next day,4,PA
24158,Medium,0.05,14.81,13.32,1702,Sandra Berry,Regular Air,Home Office,Office Supplies,Appliances,Small Box,"Holmes Replacement Filter for HEPA Air Cleaner, Large Room",0.43,United States,South,Mississippi,Meridian,39301,2015-01-17,2015-01-20,-220.05200000000002,3,45.28,90473,947,False,False,False,Sam,3,2015-01-01,Jan,3,Saturday,Q1,44.43,2.2215000000000003,-4.859805653710247,True,-5.289805653710247,4-6%,<100,2-3 days,3,MS
24159,Medium,0.05,4.2,2.26,1702,Sandra Berry,Express Air,Home Office,Office Supplies,Paper,Wrap Bag,"Important Message Pads, 50 4-1/4 x 5-1/2 Forms per Pad",0.36,United States,South,Mississippi,Meridian,39301,2015-01-17,2015-01-19,20.393369999999997,3,13.57,90473,948,False,False,False,Sam,2,2015-01-01,Jan,3,Saturday,Q1,12.600000000000001,0.6300000000000001,1.502827560795873,False,1.1428275607958729,4-6%,<100,2-3 days,3,MS
25761,Medium,0.05,5.68,1.39,1708,Lillian Day,Regular Air,Small Business,Office Supplies,Envelopes,Small Box,Staples Standard Envelopes,0.38,United States,East,Ohio,Shaker Heights,44118,2015-01-17,2015-01-18,38.2812,10,55.48,88781,949,False,False,False,Erin,1,2015-01-01,Jan,3,Saturday,Q1,56.8,2.84,0.6900000000000001,False,0.31000000000000005,4-6%,<100,Same/next day,3,OH
26037,Not Specified,0.03,205.99,3.0,1708,Lillian Day,Regular Air,Small Business,Technology,Telephones and Communication,Small Box,6185,0.58,United States,East,Ohio,Shaker Heights,44118,2015-05-20,2015-05-21,3670.3514999999998,29,5319.35,88784,950,False,False,False,Erin,1,2015-05-01,May,21,Wednesday,Q2,5973.71,179.2113,0.69,False,0.10999999999999999,1-3%,2k-10k,Same/next day,5,OH
23822,Not Specified,0.01,14.28,2.99,1709,Dennis Bowen,Regular Air,Consumer,Office Supplies,Binders and Binder Accessories,Small Box,Avery Premier Heavy-Duty Binder with Round Locking Rings,0.39,United States,East,Pennsylvania,Pottstown,19464,2015-01-21,2015-01-22,21.003500000000003,2,30.44,88782,951,False,False,False,Erin,1,2015-01-01,Jan,4,Wednesday,Q1,28.56,0.2856,0.6899967148488831,False,0.29999671484888313,1-3%,<100,Same/next day,5,PA
24577,Medium,0.04,95.43,19.99,1709,Dennis Bowen,Regular Air,Small Business,Office Supplies,Storage & Organization,Small Box,Fellowes Stor/Drawer® Steel Plus™ Storage Drawers,0.79,United States,East,Pennsylvania,Pottstown,19464,2015-05-10,2015-05-12,13.536000000000016,33,3251.76,88783,952,False,False,False,Erin,2,2015-05-01,May,19,Sunday,Q2,3149.19,125.9676,0.004162668831648096,False,-0.785837331168352,4-6%,2k-10k,2-3 days,3,PA
19287,Not Specified,0.07,7.59,4.0,1711,Sharon Long,Regular Air,Corporate,Furniture,Office Furnishings,Wrap Bag,"Master Giant Foot® Doorstop, Safety Yellow",0.42,United States,South,Georgia,Marietta,30062,2015-03-16,2015-03-18,-167.048,3,22.48,87747,953,False,False,False,Sam,2,2015-03-01,Mar,12,Monday,Q1,22.77,1.5939,-7.430960854092526,True,-7.850960854092526,7-9%,<100,2-3 days,5,GA
21655,Low,0.03,11.66,7.95,1712,Regina Langley,Regular Air,Corporate,Office Supplies,Pens & Art Supplies,Small Pack,"Hunt BOSTON® Vista® Battery-Operated Pencil Sharpener, Black",0.58,United States,South,Georgia,Martinez,30907,2015-04-11,2015-04-20,-31.094,22,267.32,87749,954,False,False,False,Sam,9,2015-04-01,Apr,15,Saturday,Q2,256.52,7.695599999999999,-0.11631752207092624,True,-0.6963175220709262,1-3%,100-500,8+ days,4,GA
25078,High,0.01,23.99,6.3,1713,Rosemary Stark,Regular Air,Corporate,Technology,Office Machines,Medium Box,TI 36X Solar Scientific Calculator,0.38,United States,South,Georgia,Newnan,30265,2015-05-29,2015-05-31,-6.202,11,284.39,87748,955,False,False,False,Sam,2,2015-05-01,May,22,Friday,Q2,263.89,2.6389,-0.021808080452899187,True,-0.4018080804528992,1-3%,100-500,2-3 days,2,GA
19884,Low,0.01,300.98,64.73,1718,Kathy Shah,Delivery Truck,Consumer,Furniture,Chairs & Chairmats,Jumbo Drum,"Global Leather and Oak Executive Chair, Black",0.56,United States,South,North Carolina,Garner,27529,2015-03-08,2015-03-15,-48.873999999999995,3,974.14,90621,956,False,False,False,Sam,7,2015-03-01,Mar,10,Sunday,Q1,902.94,9.0294,-0.050171433264212535,True,-0.6101714332642126,1-3%,500-2k,4-7 days,4,NC
20619,Medium,0.06,16.48,1.99,1719,Russell W Melton,Regular Air,Corporate,Technology,Computer Peripherals,Small Pack,Maxell DVD-RAM Discs,0.42,United States,South,Alabama,Northport,35473,2015-01-17,2015-01-19,-144.592,8,128.13,90786,957,False,False,False,Sam,2,2015-01-01,Jan,3,Saturday,Q1,131.84,7.9104,-1.1284788886287367,True,-1.5484788886287366,4-6%,100-500,2-3 days,3,AL
22596,High,0.04,12.44,6.27,1721,Jennifer Zimmerman,Regular Air,Corporate,Office Supplies,Storage & Organization,Medium Box,Eldon Simplefile® Box Office®,0.57,United States,South,Arkansas,Jonesboro,72401,2015-05-16,2015-05-17,-258.56600000000003,37,464.94,90787,958,False,False,False,Sam,1,2015-05-01,May,20,Saturday,Q2,460.28,18.4112,-0.556127672387835,True,-1.126127672387835,4-6%,100-500,Same/next day,2,AR
5670,Low,0.1,49.99,19.99,1723,Constance Flowers,Express Air,Corporate,Technology,Computer Peripherals,Small Box,US Robotics 56K V.92 Internal PCI Faxmodem,0.45,United States,West,California,San Diego,92037,2015-01-31,2015-02-05,13.508000000000003,46,2188.06,40101,959,False,False,False,William,5,2015-01-01,Jan,5,Saturday,Q1,2299.54,229.954,0.0061735052969297015,False,-0.4438264947030703,10%+,2k-10k,4-7 days,4,CA
6212,Medium,0.05,6.68,5.66,1723,Constance Flowers,Regular Air,Corporate,Office Supplies,Paper,Small Box,Xerox 1923,0.37,United States,West,California,San Diego,92037,2015-02-07,2015-02-09,-66.48,46,320.93,44002,960,False,False,False,William,2,2015-02-01,Feb,6,Saturday,Q1,307.28,15.363999999999999,-0.20714797619418565,True,-0.5771479761941857,4-6%,100-500,2-3 days,3,CA
6213,Medium,0.03,17.7,9.47,1723,Constance Flowers,Regular Air,Corporate,Office Supplies,Storage & Organization,Small Box,Portfile® Personal File Boxes,0.59,United States,West,California,San Diego,92037,2015-02-07,2015-02-07,-52.33,14,261.85,44002,961,False,False,False,William,0,2015-02-01,Feb,6,Saturday,Q1,247.79999999999998,7.433999999999999,-0.19984724078670993,True,-0.7898472407867099,1-3%,100-500,Same/next day,3,CA
4596,High,0.04,12.44,6.27,1723,Constance Flowers,Regular Air,Corporate,Office Supplies,Storage & Organization,Medium Box,Eldon Simplefile® Box Office®,0.57,United States,West,California,San Diego,92037,2015-05-16,2015-05-17,-59.06,146,1834.61,32710,962,False,False,False,William,1,2015-05-01,May,20,Saturday,Q2,1816.24,72.6496,-0.032192128027210144,True,-0.6021921280272101,4-6%,500-2k,Same/next day,2,CA
18244,High,0.05,35.99,1.1,1725,Linda Blake,Regular Air,Corporate,Technology,Telephones and Communication,Small Box,Accessory35,0.55,United States,East,Ohio,Hilliard,43026,2015-05-07,2015-05-09,149.166,9,261.56,87193,963,False,False,False,Erin,2,2015-05-01,May,19,Thursday,Q2,323.91,16.195500000000003,0.5702936228781159,False,0.02029362287811587,4-6%,100-500,2-3 days,2,OH
24872,Not Specified,0.1,14.98,7.69,1727,Juanita Ballard,Express Air,Small Business,Office Supplies,Storage & Organization,Small Box,Super Decoflex Portable Personal File,0.57,United States,East,Ohio,Kent,44240,2015-01-21,2015-01-23,-76.9,8,114.81,87194,964,False,False,False,Erin,2,2015-01-01,Jan,4,Wednesday,Q1,119.84,11.984000000000002,-0.669802282031182,True,-1.239802282031182,10%+,100-500,2-3 days,5,OH
26066,High,0.04,55.48,6.79,1728,Carrie Lewis,Regular Air,Corporate,Office Supplies,Paper,Small Box,"Eaton Premium Continuous-Feed Paper, 25% Cotton, Letter Size, White, 1000 Shts/Box",0.37,United States,East,Ohio,Kettering,45429,2015-02-22,2015-02-24,376.8849,10,546.21,87195,965,False,False,False,Erin,2,2015-02-01,Feb,8,Sunday,Q1,554.8,22.192,0.69,False,0.31999999999999995,4-6%,500-2k,2-3 days,2,OH
24545,High,0.1,65.99,3.99,1730,Kerry Wilkerson,Express Air,Small Business,Technology,Telephones and Communication,Small Box,StarTAC 7760,0.59,United States,West,Idaho,Moscow,83843,2015-04-07,2015-04-09,-88.62480000000001,5,272.86,90653,966,False,False,False,William,2,2015-04-01,Apr,15,Tuesday,Q2,329.95,32.995,-0.32479953089496444,True,-0.9147995308949644,10%+,100-500,2-3 days,2,ID
566,Not Specified,0.02,60.98,49.0,1733,Nina Horne Kelly,Regular Air,Small Business,Office Supplies,Appliances,Large Box,Euro Pro Shark Stick Mini Vacuum,0.59,United States,East,District of Columbia,Washington,20012,2015-04-04,2015-04-06,-662.52,34,2119.54,3841,967,False,False,False,Erin,2,2015-04-01,Apr,14,Saturday,Q2,2073.3199999999997,41.46639999999999,-0.31257725732942054,True,-0.9025772573294205,1-3%,2k-10k,2-3 days,5,DC
567,Not Specified,0.02,1270.99,19.99,1733,Nina Horne Kelly,Regular Air,Small Business,Office Supplies,Binders and Binder Accessories,Small Box,Fellowes PB500 Electric Punch Plastic Comb Binding Machine with Manual Bind,0.35,United States,East,District of Columbia,Washington,20012,2015-04-04,2015-04-06,9228.2256,36,45737.33,3841,968,False,False,False,Erin,2,2015-04-01,Apr,14,Saturday,Q2,45755.64,915.1128,0.2017657261584793,False,-0.1482342738415207,1-3%,10k+,2-3 days,5,DC
8389,High,0.02,30.98,17.08,1733,Nina Horne Kelly,Regular Air,Small Business,Office Supplies,Paper,Small Box,Xerox 197,0.4,United States,East,District of Columbia,Washington,20012,2015-06-28,2015-06-29,-32.28,13,438.25,59937,969,False,False,True,Erin,1,2015-06-01,Jun,26,Sunday,Q2,402.74,8.0548,-0.07365658870507702,True,-0.47365658870507704,1-3%,100-500,Same/next day,2,DC
18566,Not Specified,0.02,60.98,49.0,1734,Christopher Meadows,Regular Air,Small Business,Office Supplies,Appliances,Large Box,Euro Pro Shark Stick Mini Vacuum,0.59,United States,East,New York,Harrison,10528,2015-04-04,2015-04-06,-596.268,9,561.06,88443,970,False,False,False,Erin,2,2015-04-01,Apr,14,Saturday,Q2,548.8199999999999,10.976399999999998,-1.062752646775746,True,-1.6527526467757458,1-3%,500-2k,2-3 days,5,NY
18567,Not Specified,0.02,1270.99,19.99,1734,Christopher Meadows,Regular Air,Small Business,Office Supplies,Binders and Binder Accessories,Small Box,Fellowes PB500 Electric Punch Plastic Comb Binding Machine with Manual Bind,0.35,United States,East,New York,Harrison,10528,2015-04-04,2015-04-06,7889.6876999999995,9,11434.33,88443,971,False,False,False,Erin,2,2015-04-01,Apr,14,Saturday,Q2,11438.91,228.7782,0.69,False,0.33999999999999997,1-3%,10k+,2-3 days,5,NY
18568,Not Specified,0.05,205.99,8.99,1734,Christopher Meadows,Express Air,Small Business,Technology,Telephones and Communication,Small Box,StarTAC 8000,0.6,United States,East,New York,Harrison,10528,2015-04-04,2015-04-06,1545.80976,19,3229.24,88443,972,False,False,False,Erin,2,2015-04-01,Apr,14,Saturday,Q2,3913.8100000000004,195.69050000000004,0.4786915063606298,False,-0.12130849363937019,4-6%,2k-10k,2-3 days,5,NY
26389,High,0.02,30.98,17.08,1735,Eric West,Regular Air,Small Business,Office Supplies,Paper,Small Box,Xerox 197,0.4,United States,East,New York,Hempstead,11550,2015-06-28,2015-06-29,-16.14,3,101.13,88444,973,False,False,False,Erin,1,2015-06-01,Jun,26,Sunday,Q2,92.94,1.8588,-0.159596558884604,True,-0.559596558884604,1-3%,100-500,Same/next day,2,NY
18012,Not Specified,0.09,30.93,3.92,1737,Danielle Myers,Regular Air,Corporate,Furniture,Office Furnishings,Small Pack,"Advantus Employee of the Month Certificate Frame, 11 x 13-1/2",0.44,United States,South,North Carolina,Garner,27529,2015-06-03,2015-06-05,-130.424,16,451.83,85866,974,False,False,False,Sam,2,2015-06-01,Jun,23,Wednesday,Q2,494.88,44.5392,-0.28865723834185425,True,-0.7286572383418543,7-9%,100-500,2-3 days,5,NC
18013,Not Specified,0.03,1.68,0.7,1737,Danielle Myers,Express Air,Corporate,Office Supplies,Pens & Art Supplies,Wrap Bag,Newell 308,0.6,United States,South,North Carolina,Garner,27529,2015-06-03,2015-06-05,-106.421,11,20.24,85866,975,False,False,False,Sam,2,2015-06-01,Jun,23,Wednesday,Q2,18.48,0.5544,-5.257954545454546,True,-5.857954545454546,1-3%,<100,2-3 days,5,NC
18306,Medium,0.08,175.99,4.99,1738,Dean Solomon,Regular Air,Corporate,Technology,Telephones and Communication,Small Box,5165,0.59,United States,South,North Carolina,Gastonia,28052,2015-03-28,2015-03-28,-16476.838,10,1486.34,85865,976,False,False,False,Sam,0,2015-03-01,Mar,13,Saturday,Q1,1759.9,140.792,-11.085510717601625,True,-11.675510717601625,7-9%,500-2k,Same/next day,3,NC
18804,Low,0.04,35.44,19.99,1738,Dean Solomon,Regular Air,Corporate,Office Supplies,Paper,Small Box,Xerox 1880,0.38,United States,South,North Carolina,Gastonia,28052,2015-06-14,2015-06-21,-108.27250000000001,11,406.26,85868,977,False,False,False,Sam,7,2015-06-01,Jun,24,Sunday,Q2,389.84,15.593599999999999,-0.26651036282183826,True,-0.6465103628218383,4-6%,100-500,4-7 days,4,NC
22593,High,0.09,349.45,60.0,1739,Edna Pierce,Delivery Truck,Corporate,Furniture,Tables,Jumbo Drum,"SAFCO PlanMaster Heigh-Adjustable Drafting Table Base, 43w x 30d x 30-37h, Black",0.68,United States,South,North Carolina,Goldsboro,27534,2015-05-03,2015-05-04,-90.74799999999999,17,5835.41,85867,978,True,False,False,Sam,1,2015-05-01,May,18,Sunday,Q2,5940.65,534.6585,-0.015551263750104962,True,-0.695551263750105,7-9%,2k-10k,Same/next day,2,NC
20591,Medium,0.0,55.99,2.5,1743,Paige Jacobs,Regular Air,Consumer,Technology,Telephones and Communication,Small Pack,Accessory28,0.83,United States,Central,Texas,Friendswood,77546,2015-02-12,2015-02-14,-121.05807999999999,1,52.1,91025,979,False,False,False,Chris,2,2015-02-01,Feb,7,Thursday,Q1,55.99,0.0,-2.323571593090211,True,-3.153571593090211,0%,<100,2-3 days,3,TX
2571,Not Specified,0.02,4.13,6.89,1745,Herbert Holden,Regular Air,Home Office,Office Supplies,Labels,Small Box,"Avery 05222 Permanent Self-Adhesive File Folder Labels for Typewriters, on Rolls, White, 250/Roll",0.39,United States,South,Georgia,Atlanta,30305,2015-01-09,2015-01-10,-51.736999999999995,9,45.87,18561,980,False,False,False,Sam,1,2015-01-01,Jan,2,Friday,Q1,37.17,0.7434000000000001,-1.127904948768258,True,-1.5179049487682579,1-3%,<100,Same/next day,5,GA
1863,Low,0.04,60.65,12.23,1745,Herbert Holden,Regular Air,Home Office,Furniture,Office Furnishings,Medium Box,"Tenex Traditional Chairmats for Medium Pile Carpet, Standard Lip, 36"" x 48""",0.64,United States,South,Georgia,Atlanta,30305,2015-02-14,2015-02-16,116.50629999999998,4,256.77,13408,981,False,False,False,Sam,2,2015-02-01,Feb,7,Saturday,Q1,242.6,9.704,0.4537379756202048,False,-0.18626202437979522,4-6%,100-500,2-3 days,4,GA
1692,High,0.04,124.49,51.94,1745,Herbert Holden,Delivery Truck,Consumer,Furniture,Tables,Jumbo Box,Bevis 36 x 72 Conference Tables,0.63,United States,South,Georgia,Atlanta,30305,2015-06-12,2015-06-14,-247.55157000000003,4,605.82,12224,982,False,False,False,Sam,2,2015-06-01,Jun,24,Friday,Q2,497.96,19.9184,-0.4086223135584827,True,-1.0386223135584827,4-6%,500-2k,2-3 days,2,GA
1693,High,0.1,35.99,5.0,1745,Herbert Holden,Regular Air,Consumer,Technology,Telephones and Communication,Wrap Bag,Accessory17,0.82,United States,South,Georgia,Atlanta,30305,2015-06-12,2015-06-12,-277.20924,54,1569.0,12224,983,False,False,False,Sam,0,2015-06-01,Jun,24,Friday,Q2,1943.46,194.346,-0.17667892925430212,True,-0.9966789292543021,10%+,500-2k,Same/next day,2,GA
19692,High,0.04,124.49,51.94,1748,Helen Simpson,Delivery Truck,Consumer,Furniture,Tables,Jumbo Box,Bevis 36 x 72 Conference Tables,0.63,United States,Central,Oklahoma,Enid,73703,2015-06-12,2015-06-14,-93.06450000000001,1,151.46,87245,984,False,False,False,Chris,2,2015-06-01,Jun,24,Friday,Q2,124.49,4.9796,-0.6144493595668824,True,-1.2444493595668824,4-6%,100-500,2-3 days,2,OK
20571,Not Specified,0.02,4.13,6.89,1749,Sherri P Stephens,Regular Air,Home Office,Office Supplies,Labels,Small Box,"Avery 05222 Permanent Self-Adhesive File Folder Labels for Typewriters, on Rolls, White, 250/Roll",0.39,United States,Central,Oklahoma,Lawton,73505,2015-01-09,2015-01-10,-48.236,2,10.19,87243,985,False,False,False,Chris,1,2015-01-01,Jan,2,Friday,Q1,8.26,0.16519999999999999,-4.733660451422963,True,-5.123660451422963,1-3%,<100,Same/next day,5,OK
19863,Low,0.04,60.65,12.23,1749,Sherri P Stephens,Regular Air,Home Office,Furniture,Office Furnishings,Medium Box,"Tenex Traditional Chairmats for Medium Pile Carpet, Standard Lip, 36"" x 48""",0.64,United States,Central,Oklahoma,Lawton,73505,2015-02-14,2015-02-16,44.29109999999999,1,64.19,87244,986,False,False,False,Chris,2,2015-02-01,Feb,7,Saturday,Q1,60.65,2.426,0.69,False,0.04999999999999993,4-6%,<100,2-3 days,4,OK
19477,Low,0.04,8.5,1.99,1754,Nelson Hong,Regular Air,Consumer,Technology,Computer Peripherals,Small Pack,Hewlett-Packard 4.7GB DVD+R Discs,0.49,United States,West,California,Torrance,90503,2015-02-27,2015-02-28,43.2752,14,118.57,90178,987,False,False,False,William,1,2015-02-01,Feb,9,Friday,Q1,119.0,4.76,0.3649759635658261,False,-0.12502403643417387,4-6%,100-500,Same/next day,4,CA
19478,Low,0.1,15.99,9.4,1754,Nelson Hong,Regular Air,Consumer,Technology,Office Machines,Small Box,"AT&T Black Trimline Phone, Model 210",0.49,United States,West,California,Torrance,90503,2015-02-27,2015-02-27,-36.214620000000004,5,79.47,90178,988,False,False,False,William,0,2015-02-01,Feb,9,Friday,Q1,79.95,7.995000000000001,-0.4557017742544357,True,-0.9457017742544357,10%+,<100,Same/next day,4,CA
19479,Low,0.09,95.99,8.99,1754,Nelson Hong,Regular Air,Consumer,Technology,Telephones and Communication,Small Box,600 Series Flip,0.57,United States,West,California,Torrance,90503,2015-02-27,2015-03-03,7.032960000000001,8,627.28,90178,989,False,False,False,William,4,2015-02-01,Feb,9,Friday,Q1,767.92,69.1128,0.011211835225098842,False,-0.5587881647749011,7-9%,500-2k,4-7 days,4,CA
25920,High,0.0,115.99,5.92,1764,Michele Bradshaw,Regular Air,Consumer,Technology,Telephones and Communication,Small Box,8890,0.58,United States,South,Florida,Dunedin,34698,2015-01-22,2015-01-22,-16.772000000000002,11,1160.42,89775,990,False,False,False,Sam,0,2015-01-01,Jan,4,Thursday,Q1,1275.8899999999999,0.0,-0.014453387566570726,True,-0.5944533875665707,0%,500-2k,Same/next day,2,FL
25608,High,0.06,19.98,10.49,1764,Michele Bradshaw,Regular Air,Consumer,Furniture,Office Furnishings,Small Box,12-1/2 Diameter Round Wall Clock,0.49,United States,South,Florida,Dunedin,34698,2015-03-01,2015-03-03,514.1772,5,103.37,89776,991,False,False,False,Sam,2,2015-03-01,Mar,9,Sunday,Q1,99.9,5.994,4.974143368482151,False,4.484143368482151,4-6%,100-500,2-3 days,2,FL
25609,High,0.08,1.76,4.86,1764,Michele Bradshaw,Regular Air,Consumer,Furniture,Office Furnishings,Small Box,Regeneration Desk Collection,0.41,United States,South,Florida,Dunedin,34698,2015-03-01,2015-03-02,235.65599999999998,23,40.22,89776,992,False,False,False,Sam,1,2015-03-01,Mar,9,Sunday,Q1,40.48,3.2384,5.859174540029835,False,5.449174540029835,7-9%,<100,Same/next day,2,FL
25054,Not Specified,0.0,5.77,4.97,1765,Ralph Woods Scott,Regular Air,Consumer,Office Supplies,Binders and Binder Accessories,Small Box,Avery Binding System Hidden Tab™ Executive Style Index Sets,0.35,United States,Central,Missouri,Creve Coeur,63141,2015-05-04,2015-05-05,3.558100000000003,8,52.43,89777,993,False,False,False,Chris,1,2015-05-01,May,19,Monday,Q2,46.16,0.0,0.06786381842456615,False,-0.28213618157543385,0%,<100,Same/next day,5,MO
20636,Critical,0.01,50.98,6.5,1767,Robert Rollins,Regular Air,Home Office,Technology,Computer Peripherals,Small Box,Microsoft Natural Multimedia Keyboard,0.73,United States,South,Georgia,Newnan,30265,2015-03-26,2015-03-27,5.3397,16,818.49,89211,994,False,False,False,Sam,1,2015-03-01,Mar,13,Thursday,Q1,815.68,8.1568,0.006523842685921636,False,-0.7234761573140783,1-3%,500-2k,Same/next day,1,GA
24894,Medium,0.07,60.98,49.0,1771,Jeff Spivey,Regular Air,Home Office,Office Supplies,Appliances,Large Box,Euro Pro Shark Stick Mini Vacuum,0.59,United States,Central,Illinois,Freeport,61032,2015-03-06,2015-03-07,-807.89,7,410.17,89106,995,False,False,False,Chris,1,2015-03-01,Mar,10,Friday,Q1,426.85999999999996,29.8802,-1.9696467318428943,True,-2.559646731842894,7-9%,100-500,Same/next day,3,IL
19826,Low,0.09,12.95,4.98,1775,Marlene Kirk,Regular Air,Consumer,Office Supplies,Binders and Binder Accessories,Small Box,GBC Binding covers,0.4,United States,Central,Indiana,South Bend,46614,2015-06-14,2015-06-21,123.89175,21,269.54,89944,996,False,False,False,Chris,7,2015-06-01,Jun,24,Sunday,Q2,271.95,24.475499999999997,0.45964142613341247,False,0.059641426133412445,7-9%,100-500,4-7 days,4,IN
20278,Not Specified,0.08,5.78,5.67,1776,Charlotte Patterson,Regular Air,Consumer,Office Supplies,Paper,Small Box,Xerox 1978,0.36,United States,Central,Indiana,Terre Haute,47802,2015-02-04,2015-02-05,-53.898,19,106.57,89941,997,False,False,False,Chris,1,2015-02-01,Feb,6,Wednesday,Q1,109.82000000000001,8.7856,-0.5057520878295957,True,-0.8657520878295957,7-9%,100-500,Same/next day,5,IN
20391,Low,0.07,5.43,0.95,1777,Miriam Greenberg,Regular Air,Consumer,Office Supplies,Paper,Wrap Bag,"Wirebound Message Book, 4 per Page",0.36,United States,Central,Indiana,Valparaiso,46383,2015-04-22,2015-04-26,26.502899999999997,7,38.41,89939,998,False,False,False,Chris,4,2015-04-01,Apr,17,Wednesday,Q2,38.01,2.6607000000000003,0.69,False,0.32999999999999996,7-9%,<100,4-7 days,4,IN
21163,Low,0.02,10.06,2.06,1777,Miriam Greenberg,Regular Air,Consumer,Office Supplies,Paper,Wrap Bag,Riverleaf Stik-Withit® Designer Note Cubes®,0.39,United States,Central,Indiana,Valparaiso,46383,2015-01-03,2015-01-08,90.6246,13,131.34,89940,999,False,False,False,Chris,5,2015-01-01,Jan,1,Saturday,Q1,130.78,2.6156,0.69,False,0.29999999999999993,1-3%,100-500,4-7 days,4,IN
20600,Not Specified,0.03,19.99,11.17,1777,Miriam Greenberg,Regular Air,Corporate,Furniture,Office Furnishings,Large Box,Telescoping Adjustable Floor Lamp,0.6,United States,Central,Indiana,Valparaiso,46383,2015-04-02,2015-04-03,-20.876399999999997,12,251.61,89942,1000,False,False,False,Chris,1,2015-04-01,Apr,14,Thursday,Q2,239.88,7.1964,-0.08297126505305828,True,-0.6829712650530583,1-3%,100-500,Same/next day,5,IN
25498,High,0.06,13.99,7.51,1778,Ray Oakley,Regular Air,Consumer,Technology,Office Machines,Medium Box,Sharp EL500L Fraction Calculator,0.39,United States,Central,Indiana,West Lafayette,47906,2015-05-10,2015-05-12,6.483240000000002,21,287.99,89943,1001,False,False,False,Chris,2,2015-05-01,May,19,Sunday,Q2,293.79,17.6274,0.022512031667766247,False,-0.36748796833223374,4-6%,100-500,2-3 days,2,IN
25499,High,0.06,15.04,1.97,1778,Ray Oakley,Regular Air,Consumer,Office Supplies,Paper,Wrap Bag,White GlueTop Scratch Pads,0.39,United States,Central,Indiana,West Lafayette,47906,2015-05-10,2015-05-10,2.3320000000000003,3,46.86,89943,1002,False,False,False,Chris,0,2015-05-01,May,19,Sunday,Q2,45.12,2.7072,0.04976525821596245,False,-0.34023474178403756,4-6%,<100,Same/next day,2,IN
19237,High,0.0,55.48,14.3,1781,Jackie Capps,Regular Air,Corporate,Office Supplies,Paper,Small Box,Xerox 194,0.37,United States,West,California,San Carlos,94070,2015-06-12,2015-06-14,454.4478,11,658.62,89857,1003,False,False,False,William,2,2015-06-01,Jun,24,Friday,Q2,610.28,0.0,0.69,False,0.31999999999999995,0%,500-2k,2-3 days,2,CA
19419,Low,0.03,5.08,2.03,1781,Jackie Capps,Regular Air,Home Office,Furniture,Office Furnishings,Wrap Bag,"Master Caster Door Stop, Brown",0.51,United States,West,California,San Carlos,94070,2015-01-07,2015-01-12,15.1524,4,21.96,89858,1004,False,False,False,William,5,2015-01-01,Jan,2,Wednesday,Q1,20.32,0.6096,0.69,False,0.17999999999999994,1-3%,<100,4-7 days,4,CA
21283,High,0.03,3.28,3.97,1782,Lawrence Dennis,Regular Air,Home Office,Office Supplies,Pens & Art Supplies,Wrap Bag,Newell 342,0.56,United States,West,California,San Clemente,92672,2015-01-06,2015-01-08,-90.7556,7,24.57,89856,1005,False,False,False,William,2,2015-01-01,Jan,2,Tuesday,Q1,22.959999999999997,0.6887999999999999,-3.6937566137566136,True,-4.253756613756614,1-3%,<100,2-3 days,2,CA
23966,Critical,0.04,205.99,8.99,1788,Valerie Siegel,Regular Air,Consumer,Technology,Telephones and Communication,Small Box,TimeportP7382,0.56,United States,South,Georgia,Woodstock,30188,2015-01-21,2015-01-22,960.984,6,1008.53,88256,1006,False,False,False,Sam,1,2015-01-01,Jan,4,Wednesday,Q1,1235.94,49.4376,0.9528561371501096,False,0.3928561371501096,4-6%,500-2k,Same/next day,1,GA
21284,Critical,0.04,880.98,44.55,1793,Derek Jernigan,Delivery Truck,Home Office,Furniture,Bookcases,Jumbo Box,"Riverside Palais Royal Lawyers Bookcase, Royale Cherry Finish",0.62,United States,Central,Illinois,Galesburg,61401,2015-01-06,2015-01-07,-13706.464,8,6968.9,87853,1007,False,False,False,Chris,1,2015-01-01,Jan,2,Tuesday,Q1,7047.84,281.91360000000003,-1.9668045172121857,True,-2.586804517212186,4-6%,2k-10k,Same/next day,1,IL
22986,Critical,0.04,3.68,1.32,1802,Jack Morse,Regular Air,Corporate,Office Supplies,"Scissors, Rulers and Trimmers",Wrap Bag,"*Staples* vLetter Openers, 2/Pack",0.83,United States,South,Florida,Dunedin,34698,2015-06-01,2015-06-02,300.9258,11,41.29,91543,1008,False,False,False,Sam,1,2015-06-01,Jun,23,Monday,Q2,40.480000000000004,1.6192000000000002,7.28810365705982,False,6.45810365705982,4-6%,<100,Same/next day,1,FL
18901,Medium,0.01,8.12,2.83,1808,Joyce Knox,Express Air,Home Office,Technology,Computer Peripherals,Small Pack,"Imation Neon Mac Format Diskettes, 10/Pack",0.77,United States,East,West Virginia,Parkersburg,26101,2015-03-17,2015-03-18,-40.76,10,88.64,89251,1009,False,False,False,Erin,1,2015-03-01,Mar,12,Tuesday,Q1,81.19999999999999,0.8119999999999999,-0.4598375451263538,True,-1.2298375451263537,1-3%,<100,Same/next day,3,WV
21746,Not Specified,0.09,77.51,4.0,1814,Albert Tyson,Express Air,Home Office,Technology,Computer Peripherals,Small Box,Micro Innovations Media Access Pro Keyboard,0.76,United States,South,Mississippi,Olive Branch,38654,2015-05-23,2015-05-25,-986.5239999999999,17,1300.54,90524,1010,False,False,False,Sam,2,2015-05-01,May,21,Saturday,Q2,1317.67,118.5903,-0.7585495255816814,True,-1.5185495255816814,7-9%,500-2k,2-3 days,5,MS
21747,Not Specified,0.0,2.88,0.7,1814,Albert Tyson,Regular Air,Home Office,Office Supplies,Pens & Art Supplies,Wrap Bag,Newell 340,0.56,United States,South,Mississippi,Olive Branch,38654,2015-05-23,2015-05-25,-141.666,13,38.06,90524,1011,False,False,False,Sam,2,2015-05-01,May,21,Saturday,Q2,37.44,0.0,-3.7221755123489224,True,-4.282175512348923,0%,<100,2-3 days,5,MS
24463,Medium,0.06,90.97,14.0,1815,Marvin Yang,Delivery Truck,Home Office,Technology,Office Machines,Jumbo Drum,Lexmark Z54se Color Inkjet Printer,0.36,United States,South,Mississippi,Pearl,39208,2015-02-11,2015-02-12,47.334,14,1263.35,90525,1012,False,False,False,Sam,1,2015-02-01,Feb,7,Wednesday,Q1,1273.58,76.4148,0.03746705188585903,False,-0.32253294811414096,4-6%,500-2k,Same/next day,3,MS
22843,Low,0.01,10.48,2.89,1816,Danielle Schneider,Regular Air,Consumer,Office Supplies,Pens & Art Supplies,Small Pack,Staples Battery-Operated Desktop Pencil Sharpener,0.6,United States,Central,Michigan,Canton,48187,2015-02-05,2015-02-07,60.5616,19,202.38,85990,1013,False,False,False,Chris,2,2015-02-01,Feb,6,Thursday,Q1,199.12,1.9912,0.2992469611621702,False,-0.3007530388378298,1-3%,100-500,2-3 days,4,MI
24622,Not Specified,0.06,17.98,8.51,1818,Ian Hall,Regular Air,Consumer,Technology,Office Machines,Medium Box,Canon P1-DHIII Palm Printing Calculator,0.4,United States,Central,Michigan,Dearborn,48126,2015-04-15,2015-04-17,-47.243088,3,56.38,85991,1014,False,False,False,Chris,2,2015-04-01,Apr,16,Wednesday,Q2,53.94,3.2363999999999997,-0.8379405462930116,True,-1.2379405462930118,4-6%,<100,2-3 days,5,MI
24623,Not Specified,0.1,9.99,4.78,1818,Ian Hall,Express Air,Consumer,Office Supplies,Paper,Small Box,Xerox 1896,0.4,United States,Central,Michigan,Dearborn,48126,2015-04-15,2015-04-18,9.154,12,119.13,85991,1015,False,False,False,Chris,3,2015-04-01,Apr,16,Wednesday,Q2,119.88,11.988,0.07684042642491397,False,-0.32315957357508607,10%+,100-500,2-3 days,5,MI
4843,Low,0.01,10.48,2.89,1821,Vanessa Boyer,Regular Air,Consumer,Office Supplies,Pens & Art Supplies,Small Pack,Staples Battery-Operated Desktop Pencil Sharpener,0.6,United States,East,New York,New York City,10177,2015-02-05,2015-02-07,40.92,76,809.51,34435,1016,False,False,False,Erin,2,2015-02-01,Feb,6,Thursday,Q1,796.48,7.9648,0.05054909760225322,False,-0.5494509023977467,1-3%,500-2k,2-3 days,4,NY
6621,Not Specified,0.07,18.65,3.77,1821,Vanessa Boyer,Regular Air,Consumer,Furniture,Office Furnishings,Small Pack,3M Polarizing Light Filter Sleeves,0.39,United States,East,New York,New York City,10177,2015-04-15,2015-04-16,149.72,34,643.64,47108,1017,False,False,False,Erin,1,2015-04-01,Apr,16,Wednesday,Q2,634.0999999999999,44.387,0.2326145050027966,False,-0.15738549499720342,7-9%,500-2k,Same/next day,5,NY
6622,Not Specified,0.06,17.98,8.51,1821,Vanessa Boyer,Regular Air,Consumer,Technology,Office Machines,Medium Box,Canon P1-DHIII Palm Printing Calculator,0.4,United States,East,New York,New York City,10177,2015-04-15,2015-04-17,-52.49232,13,244.31,47108,1018,False,False,False,Erin,2,2015-04-01,Apr,16,Wednesday,Q2,233.74,14.0244,-0.21485948180590234,True,-0.6148594818059023,4-6%,100-500,2-3 days,5,NY
6623,Not Specified,0.1,9.99,4.78,1821,Vanessa Boyer,Express Air,Consumer,Office Supplies,Paper,Small Box,Xerox 1896,0.4,United States,East,New York,New York City,10177,2015-04-15,2015-04-18,7.959999999999999,47,466.58,47108,1019,False,False,False,Erin,3,2015-04-01,Apr,16,Wednesday,Q2,469.53000000000003,46.953,0.01706031120065155,False,-0.3829396887993485,10%+,100-500,2-3 days,5,NY
6624,Not Specified,0.08,175.99,8.99,1821,Vanessa Boyer,Express Air,Consumer,Technology,Telephones and Communication,Small Box,2180,0.57,United States,East,New York,New York City,10177,2015-04-15,2015-04-16,-459.0828,16,2290.69,47108,1020,False,False,False,Erin,1,2015-04-01,Apr,16,Wednesday,Q2,2815.84,225.2672,-0.2004124521432407,True,-0.7704124521432406,7-9%,2k-10k,Same/next day,5,NY
19596,Medium,0.1,52.99,19.99,1826,Kate Peck,Express Air,Corporate,Office Supplies,Storage & Organization,Small Box,"Gould Plastics 9-Pocket Panel Bin, 18-3/8w x 5-1/4d x 20-1/2h, Black",0.81,United States,Central,Iowa,Bettendorf,52722,2015-04-18,2015-04-19,-517.17,7,337.59,86958,1021,False,True,False,Chris,1,2015-04-01,Apr,16,Saturday,Q2,370.93,37.093,-1.5319470363458634,True,-2.3419470363458634,10%+,100-500,Same/next day,3,IA
18199,Medium,0.0,9.27,4.39,1826,Kate Peck,Regular Air,Corporate,Office Supplies,Paper,Wrap Bag,"Wirebound Message Books, Four 2 3/4"" x 5"" Forms per Page, 600 Sets per Book",0.38,United States,Central,Iowa,Bettendorf,52722,2015-05-12,2015-05-14,-7.61,1,10.65,86959,1022,False,False,False,Chris,2,2015-05-01,May,20,Tuesday,Q2,9.27,0.0,-0.7145539906103286,True,-1.0945539906103288,0%,<100,2-3 days,3,IA
20551,Not Specified,0.0,5.98,0.96,1827,Vincent Hale,Regular Air,Corporate,Office Supplies,Pens & Art Supplies,Wrap Bag,Newell 315,0.6,United States,Central,Iowa,Burlington,52601,2015-02-19,2015-02-20,38.039699999999996,9,55.13,86956,1023,False,True,False,Chris,1,2015-02-01,Feb,8,Thursday,Q1,53.82000000000001,0.0,0.69,False,0.08999999999999997,0%,<100,Same/next day,5,IA
19597,Medium,0.07,100.98,57.38,1827,Vincent Hale,Delivery Truck,Corporate,Furniture,Bookcases,Jumbo Box,"Bush Westfield Collection Bookcases, Dark Cherry Finish, Fully Assembled",0.78,United States,Central,Iowa,Burlington,52601,2015-04-18,2015-04-21,-429.86,2,215.32,86958,1024,False,True,False,Chris,3,2015-04-01,Apr,16,Saturday,Q2,201.96,14.137200000000002,-1.9963774846739737,True,-2.776377484673974,7-9%,100-500,2-3 days,3,IA
19598,Medium,0.03,85.99,0.99,1827,Vincent Hale,Regular Air,Corporate,Technology,Telephones and Communication,Wrap Bag,Accessory34,0.55,United States,Central,Iowa,Burlington,52601,2015-04-18,2015-04-20,264.1665,5,382.85,86958,1025,False,True,False,Chris,2,2015-04-01,Apr,16,Saturday,Q2,429.95,12.898499999999999,0.69,False,0.1399999999999999,1-3%,100-500,2-3 days,3,IA
20553,Not Specified,0.02,5.98,5.46,1828,Stacey Lucas,Regular Air,Corporate,Office Supplies,Paper,Small Box,Xerox 1983,0.36,United States,Central,Iowa,Cedar Falls,50613,2015-02-19,2015-02-20,-47.12,7,44.8,86956,1026,False,True,False,Chris,1,2015-02-01,Feb,8,Thursday,Q1,41.86,0.8372,-1.0517857142857143,True,-1.4117857142857142,1-3%,<100,Same/next day,5,IA
21383,Low,0.05,7.1,6.05,1828,Stacey Lucas,Regular Air,Corporate,Office Supplies,Binders and Binder Accessories,Small Box,"Wilson Jones Hanging View Binder, White, 1""",0.39,United States,Central,Iowa,Cedar Falls,50613,2015-01-06,2015-01-06,-101.24600000000001,14,100.99,86960,1027,False,True,False,Chris,0,2015-01-01,Jan,2,Tuesday,Q1,99.39999999999999,4.97,-1.0025349044459848,True,-1.3925349044459847,4-6%,100-500,Same/next day,4,IA
21384,Low,0.04,20.95,4.0,1828,Stacey Lucas,Regular Air,Corporate,Technology,Computer Peripherals,Small Box,"Fellowes Basic 104-Key Keyboard, Platinum",0.6,United States,Central,Iowa,Cedar Falls,50613,2015-01-06,2015-01-11,-1.88,7,142.06,86960,1028,False,True,False,Chris,5,2015-01-01,Jan,2,Tuesday,Q1,146.65,5.8660000000000005,-0.01323384485428692,True,-0.6132338448542869,4-6%,100-500,4-7 days,4,IA
23430,Critical,0.01,10.64,5.16,1829,Suzanne Cochran,Express Air,Corporate,Furniture,Office Furnishings,Small Box,"Eldon Expressions Punched Metal & Wood Desk Accessories, Pewter & Cherry",0.57,United States,Central,Iowa,Cedar Rapids,52402,2015-03-25,2015-03-27,-11.69,5,58.52,86957,1029,False,False,False,Chris,2,2015-03-01,Mar,13,Wednesday,Q1,53.2,0.532,-0.19976076555023922,True,-0.7697607655502392,1-3%,<100,2-3 days,1,IA
21385,Low,0.05,39.06,10.55,1829,Suzanne Cochran,Regular Air,Corporate,Office Supplies,Binders and Binder Accessories,Small Box,Ibico Recycled Linen-Style Covers,0.37,United States,Central,Iowa,Cedar Rapids,52402,2015-01-06,2015-01-13,250.98059999999998,9,363.74,86960,1030,False,True,False,Chris,7,2015-01-01,Jan,2,Tuesday,Q1,351.54,17.577,0.69,False,0.31999999999999995,4-6%,100-500,4-7 days,4,IA
21386,Low,0.04,3.52,6.83,1829,Suzanne Cochran,Regular Air,Corporate,Office Supplies,Binders and Binder Accessories,Small Box,Self-Adhesive Ring Binder Labels,0.38,United States,Central,Iowa,Cedar Rapids,52402,2015-01-06,2015-01-15,-57.753,4,15.93,86960,1031,False,True,False,Chris,9,2015-01-01,Jan,2,Tuesday,Q1,14.08,0.5632,-3.6254237288135593,True,-4.005423728813559,4-6%,<100,8+ days,4,IA
21387,Low,0.02,15.51,17.78,1829,Suzanne Cochran,Regular Air,Corporate,Office Supplies,Storage & Organization,Small Box,"Tenex File Box, Personal Filing Tote with Lid, Black",0.59,United States,Central,Iowa,Cedar Rapids,52402,2015-01-06,2015-01-13,-47.97,1,21.28,86960,1032,False,True,False,Chris,7,2015-01-01,Jan,2,Tuesday,Q1,15.51,0.3102,-2.2542293233082704,True,-2.8442293233082703,1-3%,<100,4-7 days,4,IA
23589,High,0.01,155.99,8.99,1836,Dwight Albright Huffman,Express Air,Corporate,Technology,Telephones and Communication,Small Box,CF 688,0.58,United States,West,California,San Francisco,94110,2015-04-19,2015-04-20,-219.07908,5,675.83,86600,1033,False,True,False,William,1,2015-04-01,Apr,16,Sunday,Q2,779.95,7.799500000000001,-0.324162999570898,True,-0.904162999570898,1-3%,500-2k,Same/next day,2,CA
23590,High,0.01,5.98,5.46,1837,Herbert Williamson,Regular Air,Corporate,Office Supplies,Paper,Small Box,Xerox 1983,0.36,United States,West,California,San Gabriel,91776,2015-04-19,2015-04-21,-18.8784,4,28.0,86600,1034,False,True,False,William,2,2015-04-01,Apr,16,Sunday,Q2,23.92,0.23920000000000002,-0.6742285714285714,True,-1.0342285714285713,1-3%,<100,2-3 days,2,CA
18141,Not Specified,0.07,40.98,2.99,1840,Clifford Webb,Regular Air,Home Office,Office Supplies,Binders and Binder Accessories,Small Box,"Avery Trapezoid Ring Binder, 3"" Capacity, Black, 1040 sheets",0.36,United States,East,Massachusetts,Townsend,01469,2015-03-30,2015-04-01,369.2052,13,535.08,86599,1035,False,False,False,Erin,2,2015-03-01,Mar,14,Monday,Q1,532.74,37.2918,0.69,False,0.32999999999999996,7-9%,500-2k,2-3 days,5,MA
19139,High,0.09,35.99,1.1,1849,Michelle Steele,Regular Air,Consumer,Technology,Telephones and Communication,Small Box,Accessory35,0.55,United States,South,Alabama,Enterprise,36330,2015-04-01,2015-04-03,19.35,8,222.71,89697,1036,False,False,False,Sam,2,2015-04-01,Apr,14,Wednesday,Q2,287.92,25.9128,0.08688428898567645,False,-0.4631157110143236,7-9%,100-500,2-3 days,2,AL
19140,High,0.01,125.99,2.5,1849,Michelle Steele,Regular Air,Consumer,Technology,Telephones and Communication,Small Box,i2000,0.6,United States,South,Alabama,Enterprise,36330,2015-04-01,2015-04-02,-967.834,2,220.52,89697,1037,False,False,False,Sam,1,2015-04-01,Apr,14,Wednesday,Q2,251.98,2.5198,-4.388871757663703,True,-4.988871757663703,1-3%,100-500,Same/next day,2,AL
19141,Not Specified,0.06,6.48,5.14,1852,Joy Kaplan McNeill,Express Air,Home Office,Office Supplies,Paper,Small Box,Xerox 23,0.37,United States,West,California,Carlsbad,92008,2015-03-19,2015-03-21,-28.45,10,68.34,86847,1038,False,True,False,William,2,2015-03-01,Mar,12,Thursday,Q1,64.80000000000001,3.8880000000000003,-0.416300848697688,True,-0.786300848697688,4-6%,<100,2-3 days,5,CA
19142,Not Specified,0.02,30.73,4.0,1854,Erika Morgan,Regular Air,Home Office,Technology,Computer Peripherals,Small Box,Fellowes 17-key keypad for PS/2 interface,0.75,United States,East,Connecticut,Seymour,06478,2015-03-19,2015-03-22,72.78,16,522.22,86847,1039,False,True,False,Erin,3,2015-03-01,Mar,12,Thursday,Q1,491.68,9.8336,0.13936655049595956,False,-0.6106334495040404,1-3%,500-2k,2-3 days,5,CT
20036,Critical,0.09,5.98,1.49,1860,Gina B Hess,Regular Air,Home Office,Office Supplies,Binders and Binder Accessories,Small Box,Avery Hanging File Binders,0.39,United States,East,Massachusetts,Webster,01570,2015-06-15,2015-06-17,13.2294,5,28.01,86846,1040,False,False,False,Erin,2,2015-06-01,Jun,25,Monday,Q2,29.900000000000002,2.6910000000000003,0.472309889325241,False,0.08230988932524097,7-9%,<100,2-3 days,1,MA
18879,Not Specified,0.08,8.09,7.96,1869,Roberta Daniel,Regular Air,Consumer,Furniture,Office Furnishings,Small Box,"6"" Cubicle Wall Clock, Black",0.49,United States,West,New Mexico,Alamogordo,88310,2015-05-03,2015-05-04,-88.82,10,80.35,89209,1041,False,False,False,William,1,2015-05-01,May,18,Sunday,Q2,80.9,6.472,-1.1054138145612944,True,-1.5954138145612944,7-9%,<100,Same/next day,5,NM
19415,Medium,0.03,90.48,19.99,1873,Lisa Kim,Regular Air,Corporate,Office Supplies,Envelopes,Small Box,Tyvek® Side-Opening Peel & Seel® Expanding Envelopes,0.4,United States,South,Florida,Palm Beach Gardens,33403,2015-01-17,2015-01-19,15.354,1,99.69,90099,1042,False,False,False,Sam,2,2015-01-01,Jan,3,Saturday,Q1,90.48,2.7144,0.15401745410773396,False,-0.24598254589226606,1-3%,<100,2-3 days,3,FL
19416,Medium,0.06,22.84,8.18,1873,Lisa Kim,Regular Air,Corporate,Office Supplies,Paper,Small Box,Xerox 1991,0.39,United States,South,Florida,Palm Beach Gardens,33403,2015-01-17,2015-01-17,-357.924,7,152.49,90099,1043,False,False,False,Sam,0,2015-01-01,Jan,3,Saturday,Q1,159.88,9.592799999999999,-2.347196537477867,True,-2.737196537477867,4-6%,100-500,Same/next day,3,FL
20844,Critical,0.09,95.99,4.9,1875,Martin Kirk,Regular Air,Consumer,Technology,Telephones and Communication,Small Box,T60,0.56,United States,South,Virginia,Chesapeake,23320,2015-01-29,2015-01-31,34.302,4,320.75,90899,1044,False,False,False,Sam,2,2015-01-01,Jan,5,Thursday,Q1,383.96,34.5564,0.10694310210444272,False,-0.45305689789555736,7-9%,100-500,2-3 days,1,VA
18284,Not Specified,0.09,5.78,5.67,1882,Anita Kent,Regular Air,Home Office,Office Supplies,Paper,Small Box,Xerox 1978,0.36,United States,East,New Jersey,Linden,07036,2015-03-01,2015-03-03,-7.96,1,11.35,87378,1045,False,True,False,Erin,2,2015-03-01,Mar,9,Sunday,Q1,5.78,0.5202,-0.7013215859030837,True,-1.0613215859030838,7-9%,<100,2-3 days,5,NJ
18283,Not Specified,0.05,535.64,14.7,1885,Jacob Hirsch,Delivery Truck,Home Office,Technology,Office Machines,Jumbo Drum,Epson LQ-870 Dot Matrix Printer,0.59,United States,East,Rhode Island,Barrington,02806,2015-03-01,2015-03-03,4407.44,15,7029.1,87378,1046,False,True,False,Erin,2,2015-03-01,Mar,9,Sunday,Q1,8034.599999999999,401.73,0.6270276422301574,False,0.03702764223015742,4-6%,2k-10k,2-3 days,5,RI
19918,Low,0.09,78.8,35.0,1889,Oscar Bowers,Regular Air,Home Office,Office Supplies,Storage & Organization,Large Box,Space Solutions™ Industrial Galvanized Steel Shelving.,0.83,United States,East,Ohio,Kettering,45429,2015-04-17,2015-04-21,-1025.0172,14,1059.38,90631,1047,False,False,False,Erin,4,2015-04-01,Apr,16,Friday,Q2,1103.2,99.288,-0.9675632917366761,True,-1.797563291736676,7-9%,500-2k,4-7 days,4,OH
23886,Not Specified,0.03,320.64,29.2,1891,Gretchen Levine,Delivery Truck,Home Office,Furniture,Tables,Jumbo Box,"Chromcraft 48"" x 96"" Racetrack Double Pedestal Table",0.66,United States,East,Ohio,Lima,45801,2015-04-05,2015-04-07,429.75435600000003,7,2233.46,90630,1048,False,False,False,Erin,2,2015-04-01,Apr,14,Sunday,Q2,2244.48,67.3344,0.1924164104125438,False,-0.46758358958745627,1-3%,2k-10k,2-3 days,5,OH
22858,Low,0.03,180.98,26.2,1893,Melanie Burgess,Delivery Truck,Consumer,Furniture,Chairs & Chairmats,Jumbo Drum,Global Ergonomic Managers Chair,0.59,United States,Central,Missouri,Webster Groves,63119,2015-04-26,2015-04-30,588.54,5,928.92,91262,1049,False,False,False,Chris,4,2015-04-01,Apr,17,Sunday,Q2,904.9,27.147,0.6335744735822245,False,0.04357447358222455,1-3%,500-2k,4-7 days,4,MO
23260,Critical,0.0,300.98,164.73,1894,Maureen Herbert Hood,Delivery Truck,Home Office,Furniture,Chairs & Chairmats,Jumbo Drum,"Global Leather and Oak Executive Chair, Black",0.56,United States,Central,Wisconsin,Appleton,54915,2015-02-24,2015-02-25,2653.2915,12,3845.35,91261,1050,False,False,False,Chris,1,2015-02-01,Feb,9,Tuesday,Q1,3611.76,0.0,0.69,False,0.1299999999999999,0%,2k-10k,Same/next day,1,WI
23261,Critical,0.09,2.94,0.96,1894,Maureen Herbert Hood,Regular Air,Home Office,Office Supplies,Pens & Art Supplies,Wrap Bag,Newell 343,0.58,United States,Central,Wisconsin,Appleton,54915,2015-02-24,2015-02-26,-1.84,1,3.77,91261,1051,False,False,False,Chris,2,2015-02-01,Feb,9,Tuesday,Q1,2.94,0.2646,-0.4880636604774536,True,-1.0680636604774536,7-9%,<100,2-3 days,1,WI
23237,High,0.01,26.17,1.39,1894,Maureen Herbert Hood,Regular Air,Consumer,Office Supplies,Envelopes,Small Box,Quality Park Security Envelopes,0.38,United States,Central,Wisconsin,Appleton,54915,2015-03-18,2015-03-19,237.0426,13,343.54,91263,1052,False,False,False,Chris,1,2015-03-01,Mar,12,Wednesday,Q1,340.21000000000004,3.4021000000000003,0.69,False,0.30999999999999994,1-3%,100-500,Same/next day,2,WI
19048,Low,0.07,172.99,19.99,1906,Penny Tuttle,Regular Air,Corporate,Office Supplies,Binders and Binder Accessories,Small Box,Ibico EB-19 Dual Function Manual Binding System,0.39,United States,East,Ohio,Lima,45801,2015-05-17,2015-05-17,2502.6852,22,3627.08,86500,1053,False,True,False,Erin,0,2015-05-01,May,20,Sunday,Q2,3805.78,266.4046,0.69,False,0.29999999999999993,7-9%,2k-10k,Same/next day,4,OH
19049,Low,0.09,7.64,1.39,1907,Amy Hall,Regular Air,Corporate,Office Supplies,Envelopes,Small Box,"#10- 4 1/8"" x 9 1/2"" Security-Tint Envelopes",0.36,United States,East,Ohio,Lorain,44052,2015-05-17,2015-05-26,0.6880000000000002,1,8.34,86500,1054,False,True,False,Erin,9,2015-05-01,May,20,Sunday,Q2,7.64,0.6876,0.08249400479616309,False,-0.2775059952038369,7-9%,<100,8+ days,4,OH
23812,Not Specified,0.02,29.17,6.27,1910,Sean Stephenson,Regular Air,Home Office,Office Supplies,Binders and Binder Accessories,Small Box,Binding Machine Supplies,0.37,United States,South,Georgia,Peachtree City,30269,2015-01-01,2015-01-02,36.906,2,63.32,91371,1055,False,False,False,Sam,1,2015-01-01,Jan,1,Thursday,Q1,58.34,1.1668,0.5828490208464939,False,0.21284902084649393,1-3%,<100,Same/next day,5,GA
18962,Critical,0.03,11.99,5.99,1916,Marcia Feldman,Regular Air,Home Office,Technology,Office Machines,Medium Box,TI 30X Scientific Calculator,0.36,United States,South,Arkansas,Little Rock,72209,2015-02-27,2015-02-28,-216.02980000000002,7,83.72,85893,1056,False,False,False,Sam,1,2015-02-01,Feb,9,Friday,Q1,83.93,2.5179,-2.5803846153846157,True,-2.9403846153846156,1-3%,<100,Same/next day,1,AR
18016,High,0.01,125.99,8.99,1916,Marcia Feldman,Regular Air,Home Office,Technology,Telephones and Communication,Small Box,SC7868i,0.55,United States,South,Arkansas,Little Rock,72209,2015-04-16,2015-04-18,-45.471999999999994,9,1011.44,85895,1057,False,False,False,Sam,2,2015-04-01,Apr,16,Thursday,Q2,1133.9099999999999,11.339099999999998,-0.044957684093965035,True,-0.5949576840939651,1-3%,500-2k,2-3 days,2,AR
21000,Medium,0.08,18.7,8.99,1917,Tracy Buckley,Regular Air,Home Office,Furniture,Office Furnishings,Small Pack,"Executive Impressions 13-1/2"" Indoor/Outdoor Wall Clock",0.47,United States,South,Arkansas,North Little Rock,72113,2015-03-27,2015-03-28,16.136400000000002,7,132.23,85894,1058,False,False,False,Sam,1,2015-03-01,Mar,13,Friday,Q1,130.9,10.472000000000001,0.12203282159872951,False,-0.34796717840127045,7-9%,100-500,Same/next day,3,AR
19967,High,0.08,22.23,3.63,1917,Tracy Buckley,Regular Air,Home Office,Furniture,Office Furnishings,Small Pack,"Executive Impressions 14"" Contract Wall Clock",0.52,United States,South,Arkansas,North Little Rock,72113,2015-03-01,2015-03-03,-29.61,10,210.33,85897,1059,False,False,False,Sam,2,2015-03-01,Mar,9,Sunday,Q1,222.3,17.784000000000002,-0.1407787762088147,True,-0.6607787762088148,7-9%,100-500,2-3 days,2,AR
22246,Low,0.1,10.44,5.75,1918,Hannah Tyson,Express Air,Home Office,Office Supplies,Binders and Binder Accessories,Small Box,"Avery® 3 1/2"" Diskette Storage Pages, 10/Pack",0.39,United States,South,Arkansas,Paragould,72450,2015-04-04,2015-04-11,125.72399999999999,17,168.04,85898,1060,False,False,False,Sam,7,2015-04-01,Apr,14,Saturday,Q2,177.48,17.748,0.7481790049988097,False,0.3581790049988097,10%+,100-500,4-7 days,4,AR
24971,High,0.0,195.99,8.99,1919,Nathan Jenkins,Regular Air,Home Office,Technology,Telephones and Communication,Small Box,T28 WORLD,0.6,United States,South,Arkansas,Pine Bluff,71603,2015-02-24,2015-02-25,114.88199999999999,5,882.93,85896,1061,False,False,False,Sam,1,2015-02-01,Feb,9,Tuesday,Q1,979.95,0.0,0.13011450511365566,False,-0.46988549488634435,0%,500-2k,Same/next day,2,AR
21563,High,0.02,259.71,66.67,1927,Earl Alston,Delivery Truck,Home Office,Furniture,Tables,Jumbo Box,"Bevis Round Bullnose 29"" High Table Top",0.65,United States,South,South Carolina,Greenville,29611,2015-02-06,2015-02-06,-14.448,8,1757.15,88579,1062,False,False,False,Sam,0,2015-02-01,Feb,6,Friday,Q1,2077.68,41.553599999999996,-0.008222405599977235,True,-0.6582224055999772,1-3%,500-2k,Same/next day,2,SC
22686,Not Specified,0.1,1889.99,19.99,1928,Gregory R Snow,Regular Air,Home Office,Office Supplies,Binders and Binder Accessories,Small Box,Ibico EPK-21 Electric Binding System,0.36,United States,South,South Carolina,Greer,29651,2015-01-21,2015-01-21,-42.546,1,1786.04,88580,1063,False,False,False,Sam,0,2015-01-01,Jan,4,Wednesday,Q1,1889.99,188.99900000000002,-0.02382141497390876,True,-0.38382141497390876,10%+,500-2k,Same/next day,5,SC
18159,Low,0.06,3.58,1.63,1933,William Crawford,Regular Air,Corporate,Office Supplies,Rubber Bands,Wrap Bag,"OIC Colored Binder Clips, Assorted Sizes",0.36,United States,Central,Texas,Garland,75043,2015-04-19,2015-04-23,14.0,10,34.76,86687,1064,False,False,False,Chris,4,2015-04-01,Apr,16,Sunday,Q2,35.8,2.1479999999999997,0.4027617951668585,False,0.04276179516685852,4-6%,<100,4-7 days,4,TX
19697,Low,0.04,180.98,30.0,1934,Scott Moore,Delivery Truck,Home Office,Furniture,Chairs & Chairmats,Jumbo Drum,Office Star - Ergonomic Mid Back Chair with 2-Way Adjustable Arms,0.69,United States,Central,Texas,Georgetown,78626,2015-05-30,2015-05-30,52.988000000000056,3,561.65,86688,1065,False,True,False,Chris,0,2015-05-01,May,22,Saturday,Q2,542.9399999999999,21.717599999999997,0.09434345232796236,False,-0.5956565476720376,4-6%,500-2k,Same/next day,4,TX
19780,Critical,0.01,42.98,4.62,1935,Diana Coble Hubbard,Express Air,Corporate,Office Supplies,Appliances,Small Box,Belkin F9M820V08 8 Outlet Surge,0.56,United States,Central,Texas,Grand Prairie,75051,2015-04-08,2015-04-10,285.4737,9,413.73,86686,1066,False,False,False,Chris,2,2015-04-01,Apr,15,Wednesday,Q2,386.82,3.8682,0.69,False,0.1299999999999999,1-3%,100-500,2-3 days,1,TX
19698,Low,0.06,3.25,49.0,1935,Diana Coble Hubbard,Regular Air,Home Office,Office Supplies,Appliances,Large Box,"Bravo II™ Megaboss® 12-Amp Hard Body Upright, Replacement Belts, 2 Belts per Pack",0.56,United States,Central,Texas,Grand Prairie,75051,2015-05-30,2015-06-05,10.50800000000001,2,55.6,86688,1067,False,True,False,Chris,6,2015-05-01,May,22,Saturday,Q2,6.5,0.39,0.18899280575539584,False,-0.3710071942446042,4-6%,<100,4-7 days,4,TX
19699,Low,0.01,110.98,13.99,1935,Diana Coble Hubbard,Regular Air,Home Office,Furniture,Office Furnishings,Medium Box,"Rubbermaid ClusterMat Chairmats, Mat Size- 66"" x 60"", Lip 20"" x 11"" -90 Degree Angle",0.69,United States,Central,Texas,Grand Prairie,75051,2015-05-30,2015-06-04,1448.7309,19,2099.61,86688,1068,False,True,False,Chris,5,2015-05-01,May,22,Saturday,Q2,2108.62,21.086199999999998,0.69,False,0.0,1-3%,2k-10k,4-7 days,4,TX
19700,Low,0.05,3.95,2.0,1935,Diana Coble Hubbard,Express Air,Home Office,Office Supplies,Rubber Bands,Wrap Bag,Advantus Map Pennant Flags and Round Head Tacks,0.53,United States,Central,Texas,Grand Prairie,75051,2015-05-30,2015-06-07,1.0040000000000004,23,96.6,86688,1069,False,True,False,Chris,8,2015-05-01,May,22,Saturday,Q2,90.85000000000001,4.5425,0.010393374741200834,False,-0.5196066252587992,4-6%,<100,8+ days,4,TX
23551,Medium,0.1,152.48,4.0,1938,Franklin Spencer,Express Air,Corporate,Technology,Computer Peripherals,Small Box,Adesso Programmable 142-Key Keyboard,0.79,United States,Central,Kansas,Emporia,66801,2015-03-22,2015-03-23,-521.09,4,558.17,88870,1070,False,True,False,Chris,1,2015-03-01,Mar,12,Sunday,Q1,609.92,60.992,-0.9335686260458285,True,-1.7235686260458285,10%+,500-2k,Same/next day,3,KS
23550,Medium,0.08,6.84,8.37,1940,Eileen McDonald,Regular Air,Corporate,Office Supplies,"Scissors, Rulers and Trimmers",Small Pack,"Acme Design Line 8"" Stainless Steel Bent Scissors w/Champagne Handles, 3-1/8"" Cut",0.58,United States,West,Utah,Draper,84020,2015-03-22,2015-03-24,-29.49,1,8.39,88870,1071,False,True,False,William,2,2015-03-01,Mar,12,Sunday,Q1,6.84,0.5472,-3.514898688915375,True,-4.094898688915375,7-9%,<100,2-3 days,3,UT
25531,Low,0.0,78.65,13.99,1940,Eileen McDonald,Regular Air,Corporate,Office Supplies,Appliances,Medium Box,Honeywell Quietcare HEPA Air Cleaner,0.52,United States,West,Utah,Draper,84020,2015-04-19,2015-04-26,386.0066999999999,7,559.43,88871,1072,False,False,False,William,7,2015-04-01,Apr,16,Sunday,Q2,550.5500000000001,0.0,0.69,False,0.16999999999999993,0%,500-2k,4-7 days,4,UT
25532,Low,0.08,122.99,70.2,1940,Eileen McDonald,Delivery Truck,Corporate,Furniture,Chairs & Chairmats,Jumbo Drum,"Global High-Back Leather Tilter, Burgundy",0.74,United States,West,Utah,Draper,84020,2015-04-19,2015-04-24,-1867.97,10,1216.52,88871,1073,False,False,False,William,5,2015-04-01,Apr,16,Sunday,Q2,1229.8999999999999,98.392,-1.5355029099398283,True,-2.2755029099398283,7-9%,500-2k,4-7 days,4,UT
20371,Medium,0.08,90.98,56.2,1946,Teresa Wallace,Regular Air,Consumer,Furniture,Office Furnishings,Medium Box,Eldon ClusterMat Chair Mat with Cordless Antistatic Protection,0.74,United States,East,Pennsylvania,Mount Lebanon,15228,2015-01-26,2015-01-28,-1920.9336,12,1058.36,86331,1074,False,False,False,Erin,2,2015-01-01,Jan,5,Monday,Q1,1091.76,87.3408,-1.8150096375524398,True,-2.55500963755244,7-9%,500-2k,2-3 days,3,PA
20372,Medium,0.07,5.98,5.35,1946,Teresa Wallace,Regular Air,Consumer,Office Supplies,Paper,Small Box,Xerox 1947,0.4,United States,East,Pennsylvania,Mount Lebanon,15228,2015-01-26,2015-01-28,-37.175200000000004,3,18.31,86331,1075,False,False,False,Erin,2,2015-01-01,Jan,5,Monday,Q1,17.94,1.2558000000000002,-2.0303222282905518,True,-2.4303222282905517,7-9%,<100,2-3 days,3,PA
21762,Low,0.05,424.21,110.2,1949,Dana Waller,Delivery Truck,Small Business,Furniture,Tables,Jumbo Box,Bush Advantage Collection® Racetrack Conference Table,0.67,United States,West,Montana,Bozeman,59715,2015-02-01,2015-02-05,-213.4028,12,4935.22,90415,1076,False,False,False,William,4,2015-02-01,Feb,5,Sunday,Q1,5090.5199999999995,254.52599999999998,-0.04324078764472506,True,-0.7132407876447251,4-6%,2k-10k,4-7 days,4,MT
24793,Not Specified,0.01,6.68,4.91,1950,Leslie Shannon,Regular Air,Small Business,Office Supplies,Paper,Small Box,Xerox 1986,0.37,United States,West,Montana,Butte,59750,2015-01-06,2015-01-08,-15.48,7,51.03,90414,1077,False,False,False,William,2,2015-01-01,Jan,2,Tuesday,Q1,46.76,0.4676,-0.30335097001763667,True,-0.6733509700176367,1-3%,<100,2-3 days,5,MT
23378,High,0.09,40.98,6.5,1956,Justin Frank,Regular Air,Consumer,Technology,Computer Peripherals,Small Box,Targus USB Numeric Keypad,0.74,United States,West,Colorado,Louisville,80027,2015-06-19,2015-06-21,-50.245,19,746.91,89820,1078,False,False,False,William,2,2015-06-01,Jun,25,Friday,Q2,778.6199999999999,70.07579999999999,-0.06727048774283381,True,-0.8072704877428338,7-9%,500-2k,2-3 days,2,CO
21638,High,0.09,77.51,4.0,1957,Ted Crowder,Regular Air,Consumer,Technology,Computer Peripherals,Small Box,Micro Innovations Media Access Pro Keyboard,0.76,United States,Central,Missouri,University City,63130,2015-04-07,2015-04-09,-387.1044,1,77.47,89818,1079,False,False,False,Chris,2,2015-04-01,Apr,15,Tuesday,Q2,77.51,6.9759,-4.996829740544727,True,-5.756829740544727,7-9%,<100,2-3 days,2,MO
24640,Low,0.09,30.98,6.5,1958,Vickie Martinez,Express Air,Consumer,Technology,Computer Peripherals,Small Box,Belkin ErgoBoard™ Keyboard,0.64,United States,West,Oregon,West Linn,97068,2015-06-18,2015-06-22,-55.97,7,204.34,89819,1080,False,False,False,William,4,2015-06-01,Jun,25,Thursday,Q2,216.86,19.517400000000002,-0.2739062347068611,True,-0.9139062347068612,7-9%,100-500,4-7 days,4,OR
3956,Critical,0.0,20.28,14.39,1959,Bonnie Matthews Rowland,Regular Air,Corporate,Furniture,Office Furnishings,Small Box,"Career Cubicle Clock, 8 1/4"", Black",0.47,United States,South,Florida,Miami,33916,2015-01-22,2015-01-22,-66.2473,9,206.04,28225,1081,False,False,False,Sam,0,2015-01-01,Jan,4,Thursday,Q1,182.52,0.0,-0.321526402640264,True,-0.791526402640264,0%,100-500,Same/next day,1,FL
3684,Low,0.02,9.99,11.59,1959,Bonnie Matthews Rowland,Regular Air,Home Office,Office Supplies,Paper,Small Box,Hammermill Color Copier Paper (28Lb. and 96 Bright),0.4,United States,South,Florida,Miami,33916,2015-04-18,2015-04-27,-171.1577,43,475.42,26342,1082,False,False,False,Sam,9,2015-04-01,Apr,16,Saturday,Q2,429.57,8.5914,-0.3600136721214926,True,-0.7600136721214926,1-3%,100-500,8+ days,4,FL
3685,Low,0.02,48.04,5.79,1959,Bonnie Matthews Rowland,Regular Air,Home Office,Office Supplies,Paper,Small Box,Xerox 1937,0.37,United States,South,Florida,Miami,33916,2015-04-18,2015-04-23,624.239,74,3598.82,26342,1083,False,False,False,Sam,5,2015-04-01,Apr,16,Saturday,Q2,3554.96,71.0992,0.1734565774337144,False,-0.1965434225662856,1-3%,2k-10k,4-7 days,4,FL
3686,Low,0.04,6.68,4.91,1959,Bonnie Matthews Rowland,Regular Air,Home Office,Office Supplies,Paper,Small Box,Xerox 1986,0.37,United States,South,Florida,Miami,33916,2015-04-18,2015-04-25,-14.3241,5,41.22,26342,1084,False,False,False,Sam,7,2015-04-01,Apr,16,Saturday,Q2,33.4,1.336,-0.3475036390101892,True,-0.7175036390101892,4-6%,<100,4-7 days,4,FL
21685,Low,0.02,48.04,5.79,1962,Sean Burton,Regular Air,Home Office,Office Supplies,Paper,Small Box,Xerox 1937,0.37,United States,Central,Michigan,Saginaw,48601,2015-04-18,2015-04-23,604.0191,18,875.39,88857,1085,False,False,False,Chris,5,2015-04-01,Apr,16,Saturday,Q2,864.72,17.2944,0.69,False,0.31999999999999995,1-3%,500-2k,4-7 days,4,MI
21686,Low,0.04,6.68,4.91,1962,Sean Burton,Regular Air,Home Office,Office Supplies,Paper,Small Box,Xerox 1986,0.37,United States,Central,Michigan,Saginaw,48601,2015-04-18,2015-04-25,-11.631599999999999,1,8.24,88857,1086,False,False,False,Chris,7,2015-04-01,Apr,16,Saturday,Q2,6.68,0.2672,-1.4116019417475727,True,-1.7816019417475726,4-6%,<100,4-7 days,4,MI
22488,Medium,0.01,78.65,13.99,1967,Carolyn Hoffman,Express Air,Small Business,Office Supplies,Appliances,Medium Box,Honeywell Quietcare HEPA Air Cleaner,0.52,United States,Central,Iowa,Clinton,52732,2015-03-18,2015-03-19,442.36589999999995,8,641.11,89456,1087,False,False,False,Chris,1,2015-03-01,Mar,12,Wednesday,Q1,629.2,6.292000000000001,0.69,False,0.16999999999999993,1-3%,500-2k,Same/next day,3,IA
26220,Medium,0.02,11.58,5.72,1971,Marsha Roy,Regular Air,Corporate,Office Supplies,Envelopes,Small Box,"Peel & Seel® Recycled Catalog Envelopes, Brown",0.35,United States,South,Mississippi,Tupelo,38801,2015-01-18,2015-01-19,-259.756,3,35.48,91550,1088,False,True,False,Sam,1,2015-01-01,Jan,3,Sunday,Q1,34.74,0.6948000000000001,-7.32119503945885,True,-7.6711950394588495,1-3%,<100,Same/next day,3,MS
26223,Medium,0.05,350.99,39.0,1972,Priscilla Brandon,Delivery Truck,Corporate,Furniture,Chairs & Chairmats,Jumbo Drum,Global Leather Executive Chair,0.55,United States,East,Pennsylvania,Willow Grove,19090,2015-01-18,2015-01-20,1469.7276,6,2130.04,91550,1089,False,True,False,Erin,2,2015-01-01,Jan,3,Sunday,Q1,2105.94,105.29700000000001,0.69,False,0.1399999999999999,4-6%,2k-10k,2-3 days,3,PA
26224,Medium,0.04,15.99,9.4,1972,Priscilla Brandon,Express Air,Corporate,Technology,Office Machines,Small Box,"AT&T Black Trimline Phone, Model 210",0.49,United States,East,Pennsylvania,Willow Grove,19090,2015-01-18,2015-01-20,-83.55306,5,82.8,91550,1090,False,True,False,Erin,2,2015-01-01,Jan,3,Sunday,Q1,79.95,3.1980000000000004,-1.009094927536232,True,-1.499094927536232,4-6%,<100,2-3 days,3,PA
18795,Medium,0.09,20.48,6.32,1974,Robert Brantley,Regular Air,Consumer,Office Supplies,Appliances,Small Box,Kensington 6 Outlet Guardian Standard Surge Protector,0.58,United States,Central,Michigan,Dearborn Heights,48127,2015-05-20,2015-05-21,-16.89,5,99.02,89040,1091,False,False,False,Chris,1,2015-05-01,May,21,Wednesday,Q2,102.4,9.216,-0.17057160169662697,True,-0.750571601696627,7-9%,<100,Same/next day,3,MI
18796,Medium,0.06,15.67,1.39,1974,Robert Brantley,Regular Air,Consumer,Office Supplies,Envelopes,Small Box,"#10 White Business Envelopes,4 1/8 x 9 1/2",0.38,United States,Central,Michigan,Dearborn Heights,48127,2015-05-20,2015-05-21,25.51,3,46.4,89040,1092,False,False,False,Chris,1,2015-05-01,May,21,Wednesday,Q2,47.01,2.8205999999999998,0.5497844827586207,False,0.16978448275862068,4-6%,<100,Same/next day,3,MI
25731,Critical,0.05,70.98,46.74,1976,Sherri F Vogel,Delivery Truck,Consumer,Furniture,Bookcases,Jumbo Box,"Hon Metal Bookcases, Putty",0.56,United States,Central,Michigan,East Lansing,48823,2015-01-10,2015-01-11,-850.6524,8,551.51,89039,1093,False,False,False,Chris,1,2015-01-01,Jan,2,Saturday,Q1,567.84,28.392000000000003,-1.5424061213758589,True,-2.102406121375859,4-6%,500-2k,Same/next day,1,MI
25732,Critical,0.05,11.55,2.36,1976,Sherri F Vogel,Regular Air,Consumer,Office Supplies,Pens & Art Supplies,Wrap Bag,Newell 309,0.55,United States,Central,Michigan,East Lansing,48823,2015-01-10,2015-01-12,98.52509999999998,12,142.79,89039,1094,False,False,False,Chris,2,2015-01-01,Jan,2,Saturday,Q1,138.60000000000002,6.9300000000000015,0.69,False,0.1399999999999999,4-6%,100-500,2-3 days,1,MI
24887,Critical,0.06,40.99,17.48,1976,Sherri F Vogel,Regular Air,Consumer,Office Supplies,Paper,Small Box,Xerox 1893,0.36,United States,Central,Michigan,East Lansing,48823,2015-03-23,2015-03-25,214.23,14,585.08,89041,1095,False,False,False,Chris,2,2015-03-01,Mar,13,Monday,Q1,573.86,34.4316,0.366155055718876,False,0.006155055718876035,4-6%,500-2k,2-3 days,1,MI
21692,Not Specified,0.05,20.99,3.3,1979,Marianne Weiner Ennis,Regular Air,Corporate,Technology,Telephones and Communication,Small Pack,Accessory39,0.81,United States,West,Colorado,Littleton,80122,2015-05-05,2015-05-06,21.883400000000023,4,72.75,87757,1096,False,False,False,William,1,2015-05-01,May,19,Tuesday,Q2,83.96,4.1979999999999995,0.3008027491408938,False,-0.5091972508591063,4-6%,<100,Same/next day,5,CO
24935,Not Specified,0.1,7.37,5.53,1984,Lynne Wilcox,Regular Air,Consumer,Technology,Computer Peripherals,Small Pack,"Imation 3.5"" Unformatted DS/HD Diskettes, 10/Box",0.69,United States,South,South Carolina,Hilton Head Island,29915,2015-05-16,2015-05-16,290.202,38,269.33,91258,1097,False,False,False,Sam,0,2015-05-01,May,20,Saturday,Q2,280.06,28.006,1.077496008613968,False,0.38749600861396805,10%+,100-500,Same/next day,5,SC
20568,Not Specified,0.01,15.31,8.78,1986,Lynda Rosenthal,Regular Air,Home Office,Office Supplies,Storage & Organization,Small Box,Eldon Jumbo ProFile™ Portable File Boxes Graphite/Black,0.57,United States,Central,Texas,Midland,79701,2015-05-06,2015-05-07,12.146000000000008,23,377.0,90888,1098,False,False,False,Chris,1,2015-05-01,May,19,Wednesday,Q2,352.13,3.5213,0.032217506631299755,False,-0.5377824933687002,1-3%,100-500,Same/next day,5,TX
20569,Not Specified,0.05,7.99,5.03,1986,Lynda Rosenthal,Express Air,Home Office,Technology,Telephones and Communication,Medium Box,Bell Sonecor JB700 Caller ID,0.6,United States,Central,Texas,Midland,79701,2015-05-06,2015-05-08,5.687000000000008,4,42.99,90888,1099,False,False,False,Chris,2,2015-05-01,May,19,Wednesday,Q2,31.96,1.598,0.1322865782740174,False,-0.46771342172598257,4-6%,<100,2-3 days,5,TX
19336,High,0.05,20.98,21.2,1988,Anna Burgess,Regular Air,Home Office,Furniture,Office Furnishings,Medium Box,36X48 HARDFLOOR CHAIRMAT,0.78,United States,West,Utah,Draper,84020,2015-01-03,2015-01-04,-181.102,3,65.69,89999,1100,False,False,False,William,1,2015-01-01,Jan,1,Saturday,Q1,62.94,3.1470000000000002,-2.7569188613183133,True,-3.5369188613183136,4-6%,<100,Same/next day,2,UT
22600,Not Specified,0.04,355.98,58.92,1989,David Weaver,Delivery Truck,Home Office,Furniture,Chairs & Chairmats,Jumbo Drum,Hon 4700 Series Mobuis™ Mid-Back Task Chairs with Adjustable Arms,0.64,United States,West,Utah,Holladay,84117,2015-01-21,2015-01-22,882.9300000000001,8,2748.21,90000,1101,False,False,False,William,1,2015-01-01,Jan,4,Wednesday,Q1,2847.84,113.9136,0.3212745750870567,False,-0.3187254249129433,4-6%,2k-10k,Same/next day,5,UT
22601,Not Specified,0.09,19.98,8.68,1989,David Weaver,Regular Air,Home Office,Office Supplies,Paper,Small Box,Southworth 25% Cotton Premium Laser Paper and Envelopes,0.37,United States,West,Utah,Holladay,84117,2015-01-21,2015-01-22,6.680399999999999,5,93.19,90000,1102,False,False,False,William,1,2015-01-01,Jan,4,Wednesday,Q1,99.9,8.991,0.07168580319776799,False,-0.29831419680223203,7-9%,<100,Same/next day,5,UT
20554,High,0.01,30.98,6.5,1989,David Weaver,Regular Air,Corporate,Technology,Computer Peripherals,Small Box,Belkin ErgoBoard™ Keyboard,0.64,United States,West,Utah,Holladay,84117,2015-05-15,2015-05-16,46.29,11,363.37,90001,1103,False,False,False,William,1,2015-05-01,May,20,Friday,Q2,340.78000000000003,3.4078000000000004,0.12739081377108732,False,-0.5126091862289127,1-3%,100-500,Same/next day,2,UT
20555,High,0.01,40.99,19.99,1989,David Weaver,Regular Air,Corporate,Office Supplies,Paper,Small Box,"White Dual Perf Computer Printout Paper, 2700 Sheets, 1 Part, Heavyweight, 20 lbs., 14 7/8 x 11",0.36,United States,West,Utah,Holladay,84117,2015-05-15,2015-05-18,177.79,11,480.75,90001,1104,False,False,False,William,3,2015-05-01,May,20,Friday,Q2,450.89000000000004,4.508900000000001,0.3698179927197088,False,0.00981799271970879,1-3%,100-500,2-3 days,2,UT
21723,Medium,0.1,1.6,1.29,1989,David Weaver,Regular Air,Home Office,Office Supplies,Pens & Art Supplies,Wrap Bag,Sanford Pocket Accent® Highlighters,0.42,United States,West,Utah,Holladay,84117,2015-04-30,2015-04-30,-14.990400000000001,11,16.88,90003,1105,False,False,False,William,0,2015-04-01,Apr,18,Thursday,Q2,17.6,1.7600000000000002,-0.8880568720379148,True,-1.3080568720379149,10%+,<100,Same/next day,3,UT
25417,Medium,0.0,47.9,5.86,1991,Paula Hubbard,Regular Air,Home Office,Office Supplies,Paper,Small Box,Xerox 1938,0.37,United States,West,Utah,Kearns,84118,2015-02-22,2015-02-24,638.3811,18,925.19,90002,1106,False,False,False,William,2,2015-02-01,Feb,8,Sunday,Q1,862.1999999999999,0.0,0.69,False,0.31999999999999995,0%,500-2k,2-3 days,3,UT
19797,Not Specified,0.1,125.99,8.99,1997,Harriet Bowman,Regular Air,Consumer,Technology,Telephones and Communication,Small Box,5170i,0.57,United States,South,South Carolina,Hilton Head Island,29915,2015-01-25,2015-01-28,17.652,4,408.66,90333,1107,False,False,False,Sam,3,2015-01-01,Jan,4,Sunday,Q1,503.96,50.396,0.04319483188959037,False,-0.5268051681104096,10%+,100-500,2-3 days,5,SC
19581,Medium,0.01,16.48,1.99,1997,Harriet Bowman,Regular Air,Consumer,Technology,Computer Peripherals,Small Pack,Maxell DVD-RAM Discs,0.42,United States,South,South Carolina,Hilton Head Island,29915,2015-05-07,2015-05-08,739.674,7,122.93,90334,1108,False,False,False,Sam,1,2015-05-01,May,19,Thursday,Q2,115.36,1.1536,6.017034084438298,False,5.597034084438298,1-3%,100-500,Same/next day,3,SC
21003,Low,0.0,24.92,12.98,1997,Harriet Bowman,Regular Air,Consumer,Office Supplies,Binders and Binder Accessories,Small Box,GBC Standard Therm-A-Bind Covers,0.39,United States,South,South Carolina,Hilton Head Island,29915,2015-06-02,2015-06-02,-23.156,1,32.66,90335,1109,False,False,False,Sam,0,2015-06-01,Jun,23,Tuesday,Q2,24.92,0.0,-0.7090018371096143,True,-1.0990018371096144,0%,<100,Same/next day,4,SC
20392,Not Specified,0.06,4.42,4.99,1998,Judy Frazier,Regular Air,Corporate,Office Supplies,Envelopes,Small Box,Grip Seal Envelopes,0.38,United States,East,New York,East Massapequa,11758,2015-06-03,2015-06-05,-10.435,3,14.85,90568,1110,False,False,False,Erin,2,2015-06-01,Jun,23,Wednesday,Q2,13.26,0.7956,-0.7026936026936027,True,-1.0826936026936027,4-6%,<100,2-3 days,5,NY
24075,Medium,0.06,4.24,5.41,2004,James Dickinson Ball,Regular Air,Home Office,Office Supplies,Binders and Binder Accessories,Small Box,Storex DuraTech Recycled Plastic Frosted Binders,0.35,United States,West,Montana,Bozeman,59715,2015-04-17,2015-04-19,-78.91668,10,45.0,91277,1111,False,False,False,William,2,2015-04-01,Apr,16,Friday,Q2,42.400000000000006,2.544,-1.753704,True,-2.103704,4-6%,<100,2-3 days,3,MT
24076,Medium,0.04,6783.02,24.49,2004,James Dickinson Ball,Regular Air,Home Office,Technology,Office Machines,Large Box,Polycom ViewStation™ ISDN Videoconferencing Unit,0.39,United States,West,Montana,Bozeman,59715,2015-04-17,2015-04-19,-13562.637407999999,1,6569.07,91277,1112,False,False,False,William,2,2015-04-01,Apr,16,Friday,Q2,6783.02,271.3208,-2.0646206248373056,True,-2.4546206248373057,4-6%,2k-10k,2-3 days,3,MT
25251,Not Specified,0.03,5.78,5.37,2006,Cynthia Khan,Regular Air,Home Office,Office Supplies,Paper,Small Box,Xerox 1950,0.36,United States,West,Colorado,Durango,81301,2015-03-05,2015-03-06,-63.35,15,88.22,88798,1113,False,False,False,William,1,2015-03-01,Mar,10,Thursday,Q1,86.7,2.601,-0.7180911357968714,True,-1.0780911357968714,1-3%,<100,Same/next day,5,CO
20006,Medium,0.1,10.48,2.89,2016,Wayne Bean,Regular Air,Corporate,Office Supplies,Pens & Art Supplies,Small Pack,Staples Battery-Operated Desktop Pencil Sharpener,0.6,United States,Central,Michigan,Southgate,48195,2015-06-18,2015-06-19,-8.904,4,40.29,86874,1114,False,False,False,Chris,1,2015-06-01,Jun,25,Thursday,Q2,41.92,4.192,-0.22099776619508563,True,-0.8209977661950856,10%+,<100,Same/next day,3,MI
18989,High,0.07,39.48,1.99,2014,Cathy Simon,Regular Air,Home Office,Technology,Computer Peripherals,Small Pack,"80 Minute CD-R Spindle, 100/Pack - Staples",0.54,United States,Central,Iowa,Council Bluffs,51503,2015-03-22,2015-03-24,88.72,4,151.27,88367,1115,False,False,False,Chris,2,2015-03-01,Mar,12,Sunday,Q1,157.92,11.0544,0.5865009585509353,False,0.04650095855093528,7-9%,100-500,2-3 days,2,IA
18990,High,0.0,4.91,0.5,2014,Cathy Simon,Regular Air,Home Office,Office Supplies,Labels,Small Box,Avery 493,0.36,United States,Central,Iowa,Council Bluffs,51503,2015-03-22,2015-03-24,7.251899999999999,2,10.51,88367,1116,False,False,False,Chris,2,2015-03-01,Mar,12,Sunday,Q1,9.82,0.0,0.69,False,0.32999999999999996,0%,<100,2-3 days,2,IA
21573,Critical,0.06,6.48,7.49,2014,Cathy Simon,Regular Air,Home Office,Office Supplies,Paper,Small Box,Xerox 220,0.37,United States,Central,Iowa,Council Bluffs,51503,2015-04-04,2015-04-04,-191.49,12,74.93,88368,1117,False,False,False,Chris,0,2015-04-01,Apr,14,Saturday,Q2,77.76,4.6656,-2.5555852128653407,True,-2.925585212865341,4-6%,<100,Same/next day,1,IA
25557,Critical,0.02,120.98,58.64,2020,Erika Jordan,Delivery Truck,Home Office,Furniture,Bookcases,Jumbo Box,O'Sullivan Living Dimensions 2-Shelf Bookcases,0.75,United States,East,Pennsylvania,Plum,15239,2015-02-13,2015-02-15,-1330.5,11,1370.99,86933,1118,False,False,False,Erin,2,2015-02-01,Feb,7,Friday,Q1,1330.78,26.6156,-0.9704665971305407,True,-1.7204665971305406,1-3%,500-2k,2-3 days,1,PA
22145,Critical,0.04,120.97,7.11,2030,Lindsay O'Connell,Regular Air,Corporate,Technology,Office Machines,Medium Box,Canon BP1200DH 12-Digit Bubble Jet Printing Calculator,0.36,United States,Central,Texas,Greenville,75401,2015-03-17,2015-03-17,1320.5495999999998,16,1913.84,91059,1119,False,False,False,Chris,0,2015-03-01,Mar,12,Tuesday,Q1,1935.52,77.4208,0.69,False,0.32999999999999996,4-6%,500-2k,Same/next day,1,TX
22146,Critical,0.0,195.99,4.2,2030,Lindsay O'Connell,Regular Air,Corporate,Technology,Telephones and Communication,Small Box,688,0.6,United States,Central,Texas,Greenville,75401,2015-03-17,2015-03-19,1585.5030000000002,16,2692.12,91059,1120,False,False,False,Chris,2,2015-03-01,Mar,12,Tuesday,Q1,3135.84,0.0,0.5889421719685601,False,-0.011057828031439842,0%,2k-10k,2-3 days,1,TX
20654,Medium,0.03,55.98,4.86,2030,Lindsay O'Connell,Regular Air,Corporate,Office Supplies,Paper,Small Box,Xerox 1908,0.36,United States,Central,Texas,Greenville,75401,2015-03-18,2015-03-20,526.0422,13,762.38,91060,1121,False,False,False,Chris,2,2015-03-01,Mar,12,Wednesday,Q1,727.74,21.8322,0.69,False,0.32999999999999996,1-3%,500-2k,2-3 days,3,TX
25918,Critical,0.1,1.89,0.76,2035,Jon Ward,Regular Air,Consumer,Office Supplies,Rubber Bands,Wrap Bag,Revere Boxed Rubber Bands by Revere,0.83,United States,South,Florida,Palm Beach Gardens,33403,2015-05-18,2015-05-20,-40.432,20,36.72,87117,1122,False,False,False,Sam,2,2015-05-01,May,21,Monday,Q2,37.8,3.78,-1.1010893246187365,True,-1.9310893246187364,10%+,<100,2-3 days,1,FL
19733,Not Specified,0.0,73.98,14.52,2037,Lynda Herman,Regular Air,Small Business,Technology,Computer Peripherals,Small Box,Keytronic French Keyboard,0.65,United States,West,Montana,Bozeman,59715,2015-03-12,2015-03-14,-88.61,4,305.71,89333,1123,False,False,False,William,2,2015-03-01,Mar,11,Thursday,Q1,295.92,0.0,-0.28984985770828564,True,-0.9398498577082857,0%,100-500,2-3 days,5,MT
22018,High,0.06,40.99,17.48,2038,Peter Adams,Regular Air,Small Business,Office Supplies,Paper,Small Box,Xerox 1893,0.36,United States,East,New York,Mount Vernon,10550,2015-04-21,2015-04-21,109.16,7,277.12,89334,1124,False,False,False,Erin,0,2015-04-01,Apr,17,Tuesday,Q2,286.93,17.2158,0.39390877598152424,False,0.03390877598152425,4-6%,100-500,Same/next day,2,NY
24731,Low,0.09,20.99,2.5,2044,Jay Simon,Regular Air,Corporate,Technology,Telephones and Communication,Wrap Bag,Accessory37,0.81,United States,South,Arkansas,Rogers,72756,2015-06-24,2015-07-01,-136.122,6,100.11,88692,1125,False,False,False,Sam,7,2015-06-01,Jun,26,Wednesday,Q2,125.94,11.3346,-1.359724303266407,True,-2.169724303266407,7-9%,100-500,4-7 days,4,AR
22970,Critical,0.04,4.28,5.68,2046,Eileen Schwartz,Regular Air,Corporate,Office Supplies,Paper,Small Box,Xerox 199,0.4,United States,Central,Kansas,Liberal,67901,2015-06-12,2015-06-14,-27.375,7,31.54,88219,1126,False,False,False,Chris,2,2015-06-01,Jun,24,Friday,Q2,29.96,1.1984000000000001,-0.8679454660748256,True,-1.2679454660748255,4-6%,<100,2-3 days,1,KS
22971,Critical,0.06,376.13,85.63,2046,Eileen Schwartz,Delivery Truck,Corporate,Furniture,Tables,Jumbo Box,Bretford Rectangular Conference Table Tops,0.74,United States,Central,Kansas,Liberal,67901,2015-06-12,2015-06-14,-435.7575,13,4634.69,88219,1127,False,False,False,Chris,2,2015-06-01,Jun,24,Friday,Q2,4889.69,293.3814,-0.0940208514485327,True,-0.8340208514485327,4-6%,2k-10k,2-3 days,1,KS
22972,Critical,0.06,424.21,110.2,2046,Eileen Schwartz,Delivery Truck,Corporate,Furniture,Tables,Jumbo Box,Bush Advantage Collection® Racetrack Conference Table,0.67,United States,Central,Kansas,Liberal,67901,2015-06-12,2015-06-13,682.53,17,7304.03,88219,1128,False,False,False,Chris,1,2015-06-01,Jun,24,Friday,Q2,7211.57,432.69419999999997,0.09344567314208731,False,-0.5765543268579127,4-6%,2k-10k,Same/next day,1,KS
22973,Critical,0.06,195.99,8.99,2046,Eileen Schwartz,Regular Air,Corporate,Technology,Telephones and Communication,Small Box,T28 WORLD,0.6,United States,Central,Kansas,Liberal,67901,2015-06-12,2015-06-14,-277.22200000000004,4,632.65,88219,1129,False,False,False,Chris,2,2015-06-01,Jun,24,Friday,Q2,783.96,47.0376,-0.4381917331858058,True,-1.0381917331858057,4-6%,500-2k,2-3 days,1,KS
18497,High,0.03,15.28,1.99,2049,Kenneth Pollock,Regular Air,Corporate,Technology,Computer Peripherals,Small Pack,"Memorex 4.7GB DVD+R, 3/Pack",0.42,United States,South,Virginia,Harrisonburg,22801,2015-06-21,2015-06-23,-266.68600000000004,19,290.98,88220,1130,False,False,False,Sam,2,2015-06-01,Jun,25,Sunday,Q2,290.32,8.7096,-0.9165097257543474,True,-1.3365097257543475,1-3%,100-500,2-3 days,2,VA
18498,High,0.09,1.76,0.7,2049,Kenneth Pollock,Regular Air,Corporate,Office Supplies,Pens & Art Supplies,Wrap Bag,Newell 326,0.56,United States,South,Virginia,Harrisonburg,22801,2015-06-21,2015-06-24,-12.277999999999999,13,21.77,88220,1131,False,False,False,Sam,3,2015-06-01,Jun,25,Sunday,Q2,22.88,2.0591999999999997,-0.5639871382636655,True,-1.1239871382636655,7-9%,<100,2-3 days,2,VA
18251,Not Specified,0.07,31.78,1.99,2052,Francis Kendall,Regular Air,Home Office,Technology,Computer Peripherals,Small Pack,"Memorex 4.7GB DVD-RAM, 3/Pack",0.42,United States,West,New Mexico,Albuquerque,87105,2015-02-19,2015-02-21,265.1118,13,384.22,87234,1132,False,False,False,William,2,2015-02-01,Feb,8,Thursday,Q1,413.14,28.919800000000002,0.69,False,0.26999999999999996,7-9%,100-500,2-3 days,5,NM
18252,Not Specified,0.0,5.98,2.5,2052,Francis Kendall,Regular Air,Home Office,Office Supplies,Envelopes,Small Box,Wausau Papers Astrobrights® Colored Envelopes,0.36,United States,West,New Mexico,Albuquerque,87105,2015-02-19,2015-02-20,9.5608,5,31.64,87234,1133,False,False,False,William,1,2015-02-01,Feb,8,Thursday,Q1,29.900000000000002,0.0,0.3021744627054362,False,-0.0578255372945638,0%,<100,Same/next day,5,NM
18253,Not Specified,0.1,35.99,1.1,2052,Francis Kendall,Express Air,Home Office,Technology,Telephones and Communication,Small Box,Accessory35,0.55,United States,West,New Mexico,Albuquerque,87105,2015-02-19,2015-02-20,390.09839999999997,19,565.36,87234,1134,False,False,False,William,1,2015-02-01,Feb,8,Thursday,Q1,683.8100000000001,68.38100000000001,0.69,False,0.1399999999999999,10%+,500-2k,Same/next day,5,NM
20481,Medium,0.07,5.98,5.46,2058,Louise Webster Sharma,Regular Air,Corporate,Office Supplies,Paper,Small Box,Xerox 1983,0.36,United States,South,North Carolina,Hickory,28601,2015-02-13,2015-02-15,46.65,5,32.76,88040,1135,False,False,False,Sam,2,2015-02-01,Feb,7,Friday,Q1,29.900000000000002,2.0930000000000004,1.423992673992674,False,1.063992673992674,7-9%,<100,2-3 days,3,NC
23499,Not Specified,0.09,28.48,1.99,2059,Nathan Newton,Regular Air,Corporate,Technology,Computer Peripherals,Small Pack,"Memorex 4.7GB DVD+RW, 3/Pack",0.4,United States,South,North Carolina,High Point,27260,2015-01-17,2015-01-18,-1250.746,13,336.92,88039,1136,False,False,False,Sam,1,2015-01-01,Jan,3,Saturday,Q1,370.24,33.3216,-3.7122937195773478,True,-4.112293719577348,7-9%,100-500,Same/next day,5,NC
21632,Critical,0.1,9.85,4.82,2059,Nathan Newton,Regular Air,Corporate,Office Supplies,Pens & Art Supplies,Wrap Bag,Lumber Crayons,0.47,United States,South,North Carolina,High Point,27260,2015-03-27,2015-03-28,374.904,12,114.91,88041,1137,False,False,False,Sam,1,2015-03-01,Mar,13,Friday,Q1,118.19999999999999,11.82,3.2625881124358194,False,2.792588112435819,10%+,100-500,Same/next day,1,NC
21633,Critical,0.04,125.99,7.69,2059,Nathan Newton,Regular Air,Corporate,Technology,Telephones and Communication,Small Box,Timeport L7089,0.58,United States,South,North Carolina,High Point,27260,2015-03-27,2015-03-28,-528.836,9,934.52,88041,1138,False,False,False,Sam,1,2015-03-01,Mar,13,Friday,Q1,1133.9099999999999,45.356399999999994,-0.5658905106364766,True,-1.1458905106364765,4-6%,500-2k,Same/next day,1,NC
20841,Medium,0.02,240.98,60.2,2061,Marianne Carey,Delivery Truck,Corporate,Furniture,Bookcases,Jumbo Box,"Atlantic Metals Mobile 2-Shelf Bookcases, Custom Colors",0.56,United States,Central,Nebraska,North Platte,69101,2015-01-29,2015-01-31,-272.71320000000003,1,260.66,87146,1139,False,True,False,Chris,2,2015-01-01,Jan,5,Thursday,Q1,240.98,4.8196,-1.0462410803345354,True,-1.6062410803345355,1-3%,100-500,2-3 days,3,NE
20840,Medium,0.02,420.98,19.99,2062,Alfred Singh,Regular Air,Corporate,Office Supplies,Binders and Binder Accessories,Small Box,GBC DocuBind 200 Manual Binding Machine,0.35,United States,South,Virginia,Mechanicsville,23111,2015-01-29,2015-02-01,-162.694,10,4249.37,87146,1140,False,True,False,Sam,3,2015-01-01,Jan,5,Thursday,Q1,4209.8,84.19600000000001,-0.0382866166043437,True,-0.38828661660434366,1-3%,2k-10k,2-3 days,3,VA
22511,Low,0.04,291.73,48.8,2062,Alfred Singh,Delivery Truck,Corporate,Furniture,Chairs & Chairmats,Jumbo Drum,Hon 4070 Series Pagoda™ Armless Upholstered Stacking Chairs,0.56,United States,South,Virginia,Mechanicsville,23111,2015-06-26,2015-06-30,-115.9039,22,6676.61,87148,1141,False,False,False,Sam,4,2015-06-01,Jun,26,Friday,Q2,6418.06,256.7224,-0.017359693017863855,True,-0.5773596930178639,4-6%,2k-10k,4-7 days,4,VA
25759,Low,0.06,300.97,7.18,2063,Todd D Norris,Regular Air,Corporate,Technology,Computer Peripherals,Small Box,Gyration Ultra Professional Cordless Optical Suite,0.48,United States,South,Virginia,Newport News,23602,2015-05-08,2015-05-08,-729.9879999999999,1,291.4,87147,1142,False,False,False,Sam,0,2015-05-01,May,19,Friday,Q2,300.97,18.0582,-2.5051063829787235,True,-2.9851063829787234,4-6%,100-500,Same/next day,4,VA
25228,Medium,0.09,20.89,11.52,2066,Claudia Webb,Regular Air,Home Office,Office Supplies,Storage & Organization,Small Box,"Iris® 3-Drawer Stacking Bin, Black",0.83,United States,South,North Carolina,Indian Trail,28079,2015-03-26,2015-03-27,-133.546,7,146.5,85833,1143,False,False,False,Sam,1,2015-03-01,Mar,13,Thursday,Q1,146.23000000000002,13.1607,-0.9115767918088736,True,-1.7415767918088736,7-9%,100-500,Same/next day,3,NC
24748,Critical,0.09,20.99,4.81,2066,Claudia Webb,Express Air,Home Office,Technology,Telephones and Communication,Medium Box,1726 Digital Answering Machine,0.58,United States,South,North Carolina,Indian Trail,28079,2015-03-31,2015-04-01,272.69399999999996,2,38.98,85834,1144,False,False,False,Sam,1,2015-03-01,Mar,14,Tuesday,Q1,41.98,3.7781999999999996,6.995741405849153,False,6.415741405849153,7-9%,<100,Same/next day,1,NC
25381,Low,0.1,4.24,5.41,2066,Claudia Webb,Regular Air,Corporate,Office Supplies,Binders and Binder Accessories,Small Box,Storex DuraTech Recycled Plastic Frosted Binders,0.35,United States,South,North Carolina,Indian Trail,28079,2015-04-19,2015-04-23,-61.6,8,34.16,85835,1145,False,False,False,Sam,4,2015-04-01,Apr,16,Sunday,Q2,33.92,3.3920000000000003,-1.8032786885245904,True,-2.1532786885245905,10%+,<100,4-7 days,4,NC
21901,Medium,0.1,40.98,6.5,2069,Elsie Boykin,Regular Air,Consumer,Technology,Computer Peripherals,Small Box,Targus USB Numeric Keypad,0.74,United States,South,Kentucky,Fort Thomas,41075,2015-01-12,2015-01-14,66.852,3,120.34,88554,1146,False,False,False,Sam,2,2015-01-01,Jan,3,Monday,Q1,122.94,12.294,0.5555260096393552,False,-0.18447399036064482,10%+,100-500,2-3 days,3,KY
19567,Low,0.07,35.99,5.99,2070,Kelly Collins,Regular Air,Corporate,Technology,Telephones and Communication,Wrap Bag,Accessory41,0.38,United States,Central,Michigan,Eastpointe,48021,2015-05-16,2015-05-20,17.83980000000001,5,153.61,88558,1147,False,True,False,Chris,4,2015-05-01,May,20,Saturday,Q2,179.95000000000002,12.596500000000002,0.11613697024933278,False,-0.2638630297506672,7-9%,100-500,4-7 days,4,MI
20498,Not Specified,0.03,60.98,1.99,2071,Victor Cherry,Regular Air,Corporate,Technology,Computer Peripherals,Small Pack,Imation 5.2GB DVD-RAM,0.5,United States,Central,Michigan,Farmington Hills,48336,2015-02-01,2015-02-01,976.2672,23,1414.88,88555,1148,False,True,False,Chris,0,2015-02-01,Feb,5,Sunday,Q1,1402.54,42.0762,0.69,False,0.18999999999999995,1-3%,500-2k,Same/next day,5,MI
20499,Not Specified,0.04,3.08,0.99,2071,Victor Cherry,Regular Air,Corporate,Office Supplies,Labels,Small Box,Avery 481,0.37,United States,Central,Michigan,Farmington Hills,48336,2015-02-01,2015-02-02,23.2047,11,33.63,88555,1149,False,True,False,Chris,1,2015-02-01,Feb,5,Sunday,Q1,33.88,1.3552000000000002,0.69,False,0.31999999999999995,4-6%,<100,Same/next day,5,MI
19568,Low,0.08,65.99,5.92,2071,Victor Cherry,Express Air,Corporate,Technology,Telephones and Communication,Small Box,i500plus,0.58,United States,Central,Michigan,Farmington Hills,48336,2015-05-16,2015-05-23,183.84300000000002,20,1063.81,88558,1150,False,True,False,Chris,7,2015-05-01,May,20,Saturday,Q2,1319.8,105.584,0.17281563437079933,False,-0.40718436562920063,7-9%,500-2k,4-7 days,4,MI
20500,Not Specified,0.0,10.31,1.79,2072,Malcolm S Lanier,Regular Air,Corporate,Office Supplies,Paper,Wrap Bag,"Speediset Carbonless Redi-Letter® 7"" x 8 1/2""",0.38,United States,Central,Michigan,Flint,48505,2015-02-01,2015-02-03,167.46299999999997,23,242.7,88555,1151,False,True,False,Chris,2,2015-02-01,Feb,5,Sunday,Q1,237.13000000000002,0.0,0.6899999999999998,False,0.30999999999999983,0%,100-500,2-3 days,5,MI
20824,High,0.09,260.98,41.91,2072,Malcolm S Lanier,Delivery Truck,Corporate,Furniture,Bookcases,Jumbo Box,"Atlantic Metals Mobile 3-Shelf Bookcases, Custom Colors",0.59,United States,Central,Michigan,Flint,48505,2015-02-11,2015-02-13,1307.2692,14,3377.06,88556,1152,False,False,False,Chris,2,2015-02-01,Feb,7,Wednesday,Q1,3653.7200000000003,328.83480000000003,0.3871027461756676,False,-0.20289725382433238,7-9%,2k-10k,2-3 days,2,MI
20825,High,0.01,10.52,7.94,2072,Malcolm S Lanier,Regular Air,Corporate,Furniture,Office Furnishings,Small Pack,Ultra Door Pull Handle,0.52,United States,Central,Michigan,Flint,48505,2015-02-11,2015-02-13,-15.818400000000002,11,123.93,88556,1153,False,False,False,Chris,2,2015-02-01,Feb,7,Wednesday,Q1,115.72,1.1572,-0.1276397966594045,True,-0.6476397966594045,1-3%,100-500,2-3 days,2,MI
20826,High,0.02,5.98,7.5,2072,Malcolm S Lanier,Express Air,Corporate,Office Supplies,Paper,Small Box,Xerox 1920,0.4,United States,Central,Michigan,Flint,48505,2015-02-11,2015-02-13,-55.83240000000001,14,93.96,88556,1154,False,False,False,Chris,2,2015-02-01,Feb,7,Wednesday,Q1,83.72,1.6744,-0.5942145593869733,True,-0.9942145593869733,1-3%,<100,2-3 days,2,MI
24677,Not Specified,0.05,291.73,48.8,2073,Evan Kelley,Delivery Truck,Consumer,Furniture,Chairs & Chairmats,Jumbo Drum,Hon 4070 Series Pagoda™ Armless Upholstered Stacking Chairs,0.56,United States,Central,Michigan,Garden City,48135,2015-04-07,2015-04-09,550.3808,6,1818.41,88557,1155,False,False,False,Chris,2,2015-04-01,Apr,15,Tuesday,Q2,1750.38,87.519,0.30267145473243107,False,-0.257328545267569,4-6%,500-2k,2-3 days,5,MI
24094,Low,0.09,1.48,0.7,2081,Matthew Conway,Regular Air,Corporate,Office Supplies,Rubber Bands,Wrap Bag,Binder Clips by OIC,0.37,United States,East,New York,Ithaca,14853,2015-01-03,2015-01-05,1.68,6,8.95,86092,1156,False,False,False,Erin,2,2015-01-01,Jan,1,Saturday,Q1,8.879999999999999,0.7991999999999999,0.1877094972067039,False,-0.1822905027932961,7-9%,<100,2-3 days,4,NY
21697,Low,0.06,38.06,4.5,2089,Annie Odom,Regular Air,Corporate,Office Supplies,Appliances,Small Box,Fellowes Superior 10 Outlet Split Surge Protector,0.56,United States,East,New York,New City,10956,2015-06-30,2015-07-06,450.45959999999997,17,652.84,88348,1157,False,False,False,Erin,6,2015-06-01,Jun,27,Tuesday,Q2,647.02,38.8212,0.69,False,0.1299999999999999,4-6%,500-2k,4-7 days,4,NY
21698,Low,0.08,599.99,24.49,2089,Annie Odom,Regular Air,Corporate,Technology,Copiers and Fax,Large Box,Hewlett Packard LaserJet 3310 Copier,0.37,United States,East,New York,New City,10956,2015-06-30,2015-07-08,8798.183099999998,22,12750.99,88348,1158,False,False,False,Erin,8,2015-06-01,Jun,27,Tuesday,Q2,13199.78,1055.9824,0.6899999999999998,False,0.31999999999999984,7-9%,10k+,8+ days,4,NY
21699,Low,0.1,3.98,2.97,2089,Annie Odom,Express Air,Corporate,Office Supplies,Paper,Wrap Bag,Unpadded Memo Slips,0.35,United States,East,New York,New City,10956,2015-06-30,2015-07-04,-5.385,5,20.54,88348,1159,False,False,False,Erin,4,2015-06-01,Jun,27,Tuesday,Q2,19.9,1.99,-0.2621713729308666,True,-0.6121713729308667,10%+,<100,4-7 days,4,NY
18696,Medium,0.08,400.98,42.52,2094,Vernon Hirsch Singleton,Delivery Truck,Corporate,Furniture,Tables,Jumbo Box,Bretford CR8500 Series Meeting Room Furniture,0.71,United States,West,California,Chico,95928,2015-02-05,2015-02-06,3031.9724,20,7840.04,86629,1160,False,False,False,William,1,2015-02-01,Feb,6,Thursday,Q1,8019.6,641.5680000000001,0.38672920036122266,False,-0.3232707996387773,7-9%,2k-10k,Same/next day,3,CA
18417,Medium,0.1,300.97,7.18,2097,Patsy Shea,Regular Air,Home Office,Technology,Computer Peripherals,Small Box,Gyration Ultra Professional Cordless Optical Suite,0.48,United States,South,South Carolina,Hilton Head Island,29915,2015-04-18,2015-04-19,138.018,4,1094.33,87889,1161,False,True,False,Sam,1,2015-04-01,Apr,16,Saturday,Q2,1203.88,120.38800000000002,0.1261210055467729,False,-0.35387899445322707,10%+,500-2k,Same/next day,3,SC
18418,Medium,0.06,39.89,3.04,2098,Tracy Dyer,Regular Air,Home Office,Furniture,Office Furnishings,Wrap Bag,Ultra Commercial Grade Dual Valve Door Closer,0.53,United States,South,South Carolina,Mount Pleasant,29464,2015-04-18,2015-04-20,38.874,10,389.97,87889,1162,False,True,False,Sam,2,2015-04-01,Apr,16,Saturday,Q2,398.9,23.933999999999997,0.09968459112239403,False,-0.430315408877606,4-6%,100-500,2-3 days,3,SC
22234,Not Specified,0.07,14.56,3.5,2099,Nathan Fox,Regular Air,Home Office,Office Supplies,Appliances,Small Box,Acco 6 Outlet Guardian Premium Surge Suppressor,0.58,United States,South,South Carolina,Myrtle Beach,29577,2015-01-08,2015-01-09,-45.528000000000006,6,84.59,87888,1163,False,False,False,Sam,1,2015-01-01,Jan,2,Thursday,Q1,87.36,6.115200000000001,-0.5382196477124956,True,-1.1182196477124955,7-9%,<100,Same/next day,5,SC
5501,Medium,0.05,399.98,12.06,2107,Leigh Burnette Hurley,Delivery Truck,Corporate,Technology,Office Machines,Jumbo Box,Okidata ML320 Series Turbo Dot Matrix Printers,0.56,United States,Central,Illinois,Chicago,60601,2015-06-06,2015-06-06,567.59,24,9666.72,39015,1164,False,False,False,Chris,0,2015-06-01,Jun,23,Saturday,Q2,9599.52,479.97600000000006,0.05871588294685271,False,-0.5012841170531473,4-6%,2k-10k,Same/next day,3,IL
5502,Medium,0.07,6.48,5.74,2107,Leigh Burnette Hurley,Regular Air,Corporate,Office Supplies,Paper,Small Box,Xerox 1994,0.37,United States,Central,Illinois,Chicago,60601,2015-06-06,2015-06-06,-28.45,20,134.58,39015,1165,False,False,False,Chris,0,2015-06-01,Jun,23,Saturday,Q2,129.60000000000002,9.072000000000003,-0.21139842472878584,True,-0.5813984247287858,7-9%,100-500,Same/next day,3,IL
23502,Medium,0.07,6.48,5.74,2108,Alfred Barber,Regular Air,Corporate,Office Supplies,Paper,Small Box,Xerox 1994,0.37,United States,Central,Missouri,Mehlville,63129,2015-06-06,2015-06-06,-14.225,5,33.65,87862,1166,False,False,False,Chris,0,2015-06-01,Jun,23,Saturday,Q2,32.400000000000006,2.2680000000000007,-0.4227340267459138,True,-0.7927340267459138,7-9%,<100,Same/next day,3,MO
18540,Critical,0.08,6.68,1.5,2114,Paige Mason,Regular Air,Corporate,Office Supplies,Pens & Art Supplies,Wrap Bag,Sanford Liquid Accent Highlighters,0.48,United States,South,Virginia,Norfolk,23518,2015-03-26,2015-03-28,-601.8040000000001,10,66.12,88403,1167,False,False,False,Sam,2,2015-03-01,Mar,13,Thursday,Q1,66.8,5.344,-9.101693889897158,True,-9.581693889897158,7-9%,<100,2-3 days,1,VA
18562,Critical,0.08,2.89,0.49,2114,Paige Mason,Regular Air,Corporate,Office Supplies,Labels,Small Box,*Staples* Packaging Labels,0.38,United States,South,Virginia,Norfolk,23518,2015-04-23,2015-04-23,38.406000000000006,1,3.07,88404,1168,False,False,False,Sam,0,2015-04-01,Apr,17,Thursday,Q2,2.89,0.23120000000000002,12.510097719869709,False,12.130097719869708,7-9%,<100,Same/next day,1,VA
21066,Critical,0.07,226.67,28.16,2114,Paige Mason,Delivery Truck,Corporate,Furniture,Chairs & Chairmats,Jumbo Drum,Hon GuestStacker Chair,0.59,United States,South,Virginia,Norfolk,23518,2015-02-26,2015-02-27,53.114399999999996,1,255.83,88405,1169,False,False,False,Sam,1,2015-02-01,Feb,9,Thursday,Q1,226.67,15.866900000000001,0.20761599499667746,False,-0.3823840050033225,7-9%,100-500,Same/next day,1,VA
21067,Critical,0.08,20.98,53.03,2114,Paige Mason,Delivery Truck,Corporate,Office Supplies,Storage & Organization,Jumbo Drum,"Tennsco Lockers, Gray",0.78,United States,South,Virginia,Norfolk,23518,2015-02-26,2015-02-28,8.742,20,421.18,88405,1170,False,False,False,Sam,2,2015-02-01,Feb,9,Thursday,Q1,419.6,33.568000000000005,0.0207559713186761,False,-0.7592440286813239,7-9%,100-500,2-3 days,1,VA
21153,Medium,0.02,95.95,74.35,2115,Jeffrey Lloyd,Delivery Truck,Corporate,Furniture,Chairs & Chairmats,Jumbo Drum,Bevis Steel Folding Chairs,0.57,United States,South,Virginia,Oakton,22124,2015-04-29,2015-05-01,636.5219999999999,14,1377.46,88406,1171,False,False,False,Sam,2,2015-04-01,Apr,18,Wednesday,Q2,1343.3,26.866,0.4620983549431562,False,-0.10790164505684374,1-3%,500-2k,2-3 days,3,VA
20249,High,0.03,320.98,24.49,2117,Jack Hatcher,Regular Air,Home Office,Furniture,Chairs & Chairmats,Large Box,Hon Pagoda™ Stacking Chairs,0.55,United States,Central,Texas,Greenville,75401,2015-04-20,2015-04-22,4554.4347,20,6600.63,90891,1172,False,False,False,Chris,2,2015-04-01,Apr,17,Monday,Q2,6419.6,192.588,0.69,False,0.1399999999999999,1-3%,2k-10k,2-3 days,2,TX
20250,High,0.06,125.99,8.8,2117,Jack Hatcher,Regular Air,Home Office,Technology,Telephones and Communication,Small Box,StarTAC 6500,0.59,United States,Central,Texas,Greenville,75401,2015-04-20,2015-04-21,618.19308,18,1811.99,90891,1173,False,False,False,Chris,1,2015-04-01,Apr,17,Monday,Q2,2267.8199999999997,136.06919999999997,0.34116804176623494,False,-0.24883195823376503,4-6%,500-2k,Same/next day,2,TX
22231,Critical,0.06,80.97,33.6,2122,Carolyn Fisher,Delivery Truck,Consumer,Technology,Office Machines,Jumbo Drum,Lexmark Z25 Color Inkjet Printer,0.37,United States,South,Arkansas,Sherwood,72116,2015-02-01,2015-02-03,-15.1844,10,799.76,89664,1174,False,False,False,Sam,2,2015-02-01,Feb,5,Sunday,Q1,809.7,48.582,-0.01898619585875763,True,-0.3889861958587576,4-6%,500-2k,2-3 days,1,AR
24674,High,0.04,45.19,1.99,2124,Paige Powers,Regular Air,Consumer,Technology,Computer Peripherals,Small Pack,"Verbatim DVD-RAM, 9.4GB, Rewritable, Type 1, DS, DataLife Plus",0.55,United States,South,Arkansas,West Memphis,72301,2015-01-01,2015-01-02,-61.194,13,609.09,89665,1175,False,False,False,Sam,1,2015-01-01,Jan,1,Thursday,Q1,587.47,23.498800000000003,-0.10046791114613604,True,-0.6504679111461361,4-6%,500-2k,Same/next day,2,AR
23852,High,0.03,124.49,51.94,2124,Paige Powers,Delivery Truck,Corporate,Furniture,Tables,Jumbo Box,Bevis 36 x 72 Conference Tables,0.63,United States,South,Arkansas,West Memphis,72301,2015-03-26,2015-03-27,18.174,21,2761.94,89666,1176,False,False,False,Sam,1,2015-03-01,Mar,13,Thursday,Q1,2614.29,78.42869999999999,0.0065801574255776735,False,-0.6234198425744223,1-3%,2k-10k,Same/next day,2,AR
24091,Critical,0.1,5.98,5.14,2127,Joyce Kern,Regular Air,Home Office,Office Supplies,Paper,Small Box,Xerox 1974,0.36,United States,Central,Michigan,Sterling Heights,48310,2015-03-18,2015-03-20,-49.53,6,33.95,88418,1177,False,False,False,Chris,2,2015-03-01,Mar,12,Wednesday,Q1,35.88,3.5880000000000005,-1.4589101620029454,True,-1.8189101620029455,10%+,<100,2-3 days,1,MI
21902,High,0.09,150.98,66.27,2131,Mary Hewitt,Delivery Truck,Home Office,Furniture,Bookcases,Jumbo Box,Bush Mission Pointe Library,0.65,United States,Central,Missouri,Gladstone,64118,2015-01-03,2015-01-04,-407.85,2,302.34,90079,1178,False,False,False,Chris,1,2015-01-01,Jan,1,Saturday,Q1,301.96,27.176399999999997,-1.3489779718198056,True,-1.9989779718198055,7-9%,100-500,Same/next day,2,MO
21964,Low,0.05,30.42,8.65,2132,Philip Hawkins,Express Air,Home Office,Technology,Computer Peripherals,Small Box,"Fellowes Internet Keyboard, Platinum",0.74,United States,Central,Missouri,Hazelwood,63042,2015-01-10,2015-01-14,-191.25760000000002,11,334.44,90078,1179,False,False,False,Chris,4,2015-01-01,Jan,2,Saturday,Q1,334.62,16.731,-0.5718741777299367,True,-1.3118741777299365,4-6%,100-500,4-7 days,4,MO
24348,High,0.01,28.99,8.59,2135,Melvin Kendall,Regular Air,Home Office,Technology,Telephones and Communication,Medium Box,SouthWestern Bell FA970 Digital Answering Machine with Time/Day Stamp,0.56,United States,West,New Mexico,Clovis,88101,2015-02-06,2015-02-07,196.52328,21,556.61,91583,1180,False,False,False,William,1,2015-02-01,Feb,6,Friday,Q1,608.79,6.087899999999999,0.3530717737733781,False,-0.20692822622662194,1-3%,500-2k,Same/next day,2,NM
20138,Not Specified,0.0,6.98,1.6,2137,Crystal Crabtree,Regular Air,Corporate,Office Supplies,Paper,Wrap Bag,"Adams Phone Message Book, Professional, 400 Message Capacity, 5 3/6” x 11”",0.38,United States,South,Florida,West Palm Beach,33407,2015-01-31,2015-02-02,-343.868,9,64.48,86002,1181,False,False,False,Sam,2,2015-01-01,Jan,5,Saturday,Q1,62.82000000000001,0.0,-5.332940446650124,True,-5.712940446650124,0%,<100,2-3 days,5,FL
20712,Critical,0.05,2550.14,29.7,2139,Jon Kendall,Delivery Truck,Corporate,Technology,Office Machines,Jumbo Drum,Epson DFX-8500 Dot Matrix Printer,0.57,United States,Central,Wisconsin,Watertown,53094,2015-04-16,2015-04-17,-3971.0627999999997,2,4845.27,86003,1182,False,False,False,Chris,1,2015-04-01,Apr,16,Thursday,Q2,5100.28,255.014,-0.8195751320359854,True,-1.3895751320359855,4-6%,2k-10k,Same/next day,1,WI
18409,High,0.01,5.44,7.46,2141,Molly Webster,Regular Air,Home Office,Office Supplies,Binders and Binder Accessories,Small Box,Wilson Jones Custom Binder Spines & Labels,0.36,United States,West,Colorado,Durango,81301,2015-02-18,2015-02-19,-18.478199999999998,3,19.68,87570,1183,False,False,False,William,1,2015-02-01,Feb,8,Wednesday,Q1,16.32,0.1632,-0.9389329268292682,True,-1.2989329268292682,1-3%,<100,Same/next day,2,CO
18410,High,0.02,549.99,49.0,2141,Molly Webster,Delivery Truck,Home Office,Technology,Copiers and Fax,Jumbo Drum,Sharp 1540cs Digital Laser Copier,0.35,United States,West,Colorado,Durango,81301,2015-02-18,2015-02-20,-381.84119999999996,18,9798.84,87570,1184,False,False,False,William,2,2015-02-01,Feb,8,Wednesday,Q1,9899.82,197.9964,-0.038968000293912335,True,-0.3889680002939123,1-3%,2k-10k,2-3 days,2,CO
18411,High,0.03,22.01,5.53,2141,Molly Webster,Express Air,Home Office,Office Supplies,Pens & Art Supplies,Small Pack,Boston 16801 Nautilus™ Battery Pencil Sharpener,0.59,United States,West,Colorado,Durango,81301,2015-02-18,2015-02-19,12.5504,7,154.11,87570,1185,False,False,False,William,1,2015-02-01,Feb,8,Wednesday,Q1,154.07000000000002,4.6221000000000005,0.08143793394328726,False,-0.5085620660567127,1-3%,100-500,Same/next day,2,CO
18412,High,0.09,34.76,8.22,2141,Molly Webster,Regular Air,Home Office,Office Supplies,Storage & Organization,Small Box,"Multi-Use Personal File Cart and Caster Set, Three Stacking Bins",0.57,United States,West,Colorado,Durango,81301,2015-02-18,2015-02-20,45.3324,7,242.97,87570,1186,False,False,False,William,2,2015-02-01,Feb,8,Wednesday,Q1,243.32,21.898799999999998,0.18657612050870478,False,-0.3834238794912952,7-9%,100-500,2-3 days,2,CO
23249,High,0.08,17.15,4.96,2143,Lester Sawyer,Regular Air,Home Office,Office Supplies,Storage & Organization,Small Box,Advantus Rolling Storage Box,0.58,United States,South,Virginia,Fairfax,20151,2015-06-13,2015-06-16,33.66,12,200.61,87569,1187,False,False,False,Sam,3,2015-06-01,Jun,24,Saturday,Q2,205.79999999999998,16.464,0.167788245850157,False,-0.41221175414984296,7-9%,100-500,2-3 days,2,VA
24264,Medium,0.0,20.28,14.39,2145,Kerry Hardy,Regular Air,Corporate,Furniture,Office Furnishings,Small Box,"Career Cubicle Clock, 8 1/4"", Black",0.47,United States,South,Florida,Fort Lauderdale,33311,2015-02-10,2015-02-12,15.677999999999999,11,237.83,87072,1188,False,False,False,Sam,2,2015-02-01,Feb,7,Tuesday,Q1,223.08,0.0,0.06592103603414202,False,-0.40407896396585796,0%,100-500,2-3 days,3,FL
23795,Low,0.05,20.34,35.0,2146,Courtney Boyd,Regular Air,Corporate,Office Supplies,Storage & Organization,Large Box,Tennsco Commercial Shelving,0.84,United States,South,Virginia,Fairfax,20151,2015-01-06,2015-01-10,52.775999999999996,2,53.02,87071,1189,False,False,False,Sam,4,2015-01-01,Jan,2,Tuesday,Q1,40.68,2.0340000000000003,0.9953979630328177,False,0.15539796303281772,4-6%,<100,4-7 days,4,VA
22555,Not Specified,0.08,243.98,43.32,2151,Melinda Rogers,Delivery Truck,Corporate,Furniture,Chairs & Chairmats,Jumbo Drum,"Hon Deluxe Fabric Upholstered Stacking Chairs, Rounded Back",0.55,United States,Central,Iowa,Dubuque,52001,2015-01-05,2015-01-06,-162.8244,1,248.84,90404,1190,False,False,False,Chris,1,2015-01-01,Jan,2,Monday,Q1,243.98,19.5184,-0.6543337084070086,True,-1.2043337084070087,7-9%,100-500,Same/next day,5,IA
24791,High,0.08,5.74,5.01,2151,Melinda Rogers,Regular Air,Corporate,Office Supplies,Binders and Binder Accessories,Small Box,Binder Posts,0.39,United States,Central,Iowa,Dubuque,52001,2015-02-09,2015-02-11,-6.930820000000001,1,7.21,90405,1191,False,False,False,Chris,2,2015-02-01,Feb,7,Monday,Q1,5.74,0.45920000000000005,-0.9612787794729544,True,-1.3512787794729544,7-9%,<100,2-3 days,2,IA
21834,Low,0.05,55.5,52.2,2157,Tom Hoyle Honeycutt,Regular Air,Home Office,Furniture,Office Furnishings,Medium Box,Eldon Cleatmat® Chair Mats for Medium Pile Carpets,0.72,United States,Central,Michigan,Warren,48093,2015-03-16,2015-03-16,-118.54,4,253.87,90385,1192,False,False,False,Chris,0,2015-03-01,Mar,12,Monday,Q1,222.0,11.100000000000001,-0.46693189427659826,True,-1.1869318942765983,4-6%,100-500,Same/next day,4,MI
21835,Low,0.05,442.14,14.7,2157,Tom Hoyle Honeycutt,Delivery Truck,Home Office,Technology,Office Machines,Jumbo Drum,Okidata ML390 Turbo Dot Matrix Printers,0.56,United States,Central,Michigan,Warren,48093,2015-03-16,2015-03-25,2963.48,14,5880.46,90385,1193,False,False,False,Chris,9,2015-03-01,Mar,12,Monday,Q1,6189.96,309.49800000000005,0.5039537723239338,False,-0.05604622767606626,4-6%,2k-10k,8+ days,4,MI
21975,High,0.07,30.93,3.92,2157,Tom Hoyle Honeycutt,Regular Air,Home Office,Furniture,Office Furnishings,Small Pack,"Advantus Employee of the Month Certificate Frame, 11 x 13-1/2",0.44,United States,Central,Michigan,Warren,48093,2015-05-03,2015-05-04,398.30249999999995,19,577.25,90386,1194,False,False,False,Chris,1,2015-05-01,May,18,Sunday,Q2,587.67,41.136900000000004,0.69,False,0.24999999999999994,7-9%,500-2k,Same/next day,2,MI
21976,High,0.05,297.48,18.06,2157,Tom Hoyle Honeycutt,Delivery Truck,Home Office,Technology,Office Machines,Jumbo Drum,Panasonic KX-P3200 Dot Matrix Printer,0.6,United States,Central,Michigan,Warren,48093,2015-05-03,2015-05-04,709.8520000000001,14,4075.18,90386,1195,False,False,False,Chris,1,2015-05-01,May,18,Sunday,Q2,4164.72,208.23600000000002,0.17418911557280908,False,-0.4258108844271909,4-6%,2k-10k,Same/next day,2,MI
21977,High,0.07,296.18,54.12,2157,Tom Hoyle Honeycutt,Delivery Truck,Home Office,Furniture,Tables,Jumbo Box,Hon 94000 Series Round Tables,0.76,United States,Central,Michigan,Warren,48093,2015-05-03,2015-05-05,80.80920000000009,6,1798.23,90386,1196,False,False,False,Chris,2,2015-05-01,May,18,Sunday,Q2,1777.08,124.3956,0.04493818921939913,False,-0.7150618107806008,7-9%,500-2k,2-3 days,2,MI
23775,Medium,0.08,30.98,8.74,2159,Wesley Field,Regular Air,Corporate,Office Supplies,Paper,Small Box,Xerox 1979,0.4,United States,Central,Michigan,Westland,48185,2015-05-20,2015-05-21,371.27200000000005,25,727.2,90387,1197,False,True,False,Chris,1,2015-05-01,May,21,Wednesday,Q2,774.5,61.96,0.5105500550055005,False,0.11055005500550052,7-9%,500-2k,Same/next day,3,MI
23773,Medium,0.09,159.31,60.0,2162,Brenda Jain,Delivery Truck,Corporate,Furniture,Tables,Jumbo Drum,Hon Non-Folding Utility Tables,0.55,United States,East,Pennsylvania,Sharon,16146,2015-05-20,2015-05-22,77.0008954000001,41,6173.42,90387,1198,False,True,False,Erin,2,2015-05-01,May,21,Wednesday,Q2,6531.71,587.8539,0.012472972096504062,False,-0.5375270279034959,7-9%,2k-10k,2-3 days,3,PA
23774,Medium,0.06,55.99,5.0,2162,Brenda Jain,Regular Air,Corporate,Technology,Telephones and Communication,Small Pack,Accessory36,0.83,United States,East,Pennsylvania,Sharon,16146,2015-05-20,2015-05-22,27.96860000000001,33,1553.7,90387,1199,False,True,False,Erin,2,2015-05-01,May,21,Wednesday,Q2,1847.67,110.8602,0.018001287249790828,False,-0.8119987127502092,4-6%,500-2k,2-3 days,3,PA
22450,Not Specified,0.01,5.38,7.57,2164,Harry Sellers,Regular Air,Small Business,Office Supplies,Binders and Binder Accessories,Small Box,"Acco PRESSTEX® Data Binder with Storage Hooks, Dark Blue, 9 1/2"" X 11""",0.36,United States,West,California,Pasadena,91104,2015-01-09,2015-01-10,-66.77958,3,18.68,88794,1200,False,True,False,William,1,2015-01-01,Jan,2,Friday,Q1,16.14,0.16140000000000002,-3.574923982869379,True,-3.9349239828693787,1-3%,<100,Same/next day,5,CA
22451,Not Specified,0.05,3.28,3.97,2164,Harry Sellers,Regular Air,Small Business,Office Supplies,Pens & Art Supplies,Wrap Bag,Newell 337,0.56,United States,West,California,Pasadena,91104,2015-01-09,2015-01-09,-144.9188,11,36.3,88794,1201,False,True,False,William,0,2015-01-01,Jan,2,Friday,Q1,36.08,1.804,-3.992253443526171,True,-4.552253443526171,4-6%,<100,Same/next day,5,CA
22449,Not Specified,0.09,2.78,0.97,2165,Melanie Knight,Regular Air,Small Business,Office Supplies,Pens & Art Supplies,Wrap Bag,Newell 339,0.59,United States,East,Maine,Augusta,04330,2015-01-09,2015-01-11,-5.0716,6,16.03,88794,1202,False,True,False,Erin,2,2015-01-01,Jan,2,Friday,Q1,16.68,1.5011999999999999,-0.3163817841547099,True,-0.9063817841547099,7-9%,<100,2-3 days,5,ME
20980,Medium,0.08,2.94,0.96,2178,Judy Hall,Regular Air,Small Business,Office Supplies,Pens & Art Supplies,Wrap Bag,Newell 343,0.58,United States,East,Massachusetts,Worcester,01610,2015-01-27,2015-01-29,-1.18,9,25.35,89465,1203,False,False,False,Erin,2,2015-01-01,Jan,5,Tuesday,Q1,26.46,2.1168,-0.04654832347140039,True,-0.6265483234714003,7-9%,<100,2-3 days,3,MA
26331,Not Specified,0.0,1.48,0.7,2183,Sheryl Reese,Regular Air,Home Office,Office Supplies,Rubber Bands,Wrap Bag,Binder Clips by OIC,0.37,United States,South,Kentucky,Owensboro,42301,2015-06-15,2015-06-17,-203.09799999999998,12,19.32,91571,1204,False,False,False,Sam,2,2015-06-01,Jun,25,Monday,Q2,17.759999999999998,0.0,-10.51231884057971,True,-10.882318840579709,0%,<100,2-3 days,5,KY
19008,High,0.09,16.98,12.39,2187,Joanne Spivey,Regular Air,Corporate,Office Supplies,Envelopes,Small Box,Brown Kraft Recycled Envelopes,0.35,United States,Central,Missouri,Independence,64055,2015-05-08,2015-05-10,-48.57,5,86.8,89440,1205,False,False,False,Chris,2,2015-05-01,May,19,Friday,Q2,84.9,7.641,-0.5595622119815669,True,-0.9095622119815668,7-9%,<100,2-3 days,2,MO
1008,High,0.09,16.98,12.39,2189,Frank Cross,Regular Air,Corporate,Office Supplies,Envelopes,Small Box,Brown Kraft Recycled Envelopes,0.35,United States,East,New York,New York City,10177,2015-05-08,2015-05-10,-48.57,22,381.91,7364,1206,False,False,True,Erin,2,2015-05-01,May,19,Friday,Q2,373.56,33.6204,-0.12717655992249483,True,-0.4771765599224948,7-9%,100-500,2-3 days,2,NY
5870,Critical,0.05,16.98,7.78,2190,Marvin Patrick,Regular Air,Home Office,Office Supplies,Pens & Art Supplies,Small Pack,Stanley Bostitch Contemporary Electric Pencil Sharpeners,0.57,United States,Central,Michigan,Detroit,48227,2015-02-14,2015-02-16,-47.28,45,761.67,41636,1207,False,False,False,Chris,2,2015-02-01,Feb,7,Saturday,Q1,764.1,38.205000000000005,-0.06207412659025563,True,-0.6320741265902556,4-6%,500-2k,2-3 days,1,MI
5871,Critical,0.03,115.99,4.23,2190,Marvin Patrick,Regular Air,Home Office,Technology,Telephones and Communication,Small Box,282,0.56,United States,Central,Michigan,Detroit,48227,2015-02-14,2015-02-16,722.241,49,5014.07,41636,1208,False,False,False,Chris,2,2015-02-01,Feb,7,Saturday,Q1,5683.509999999999,170.50529999999998,0.14404286338244182,False,-0.41595713661755823,1-3%,2k-10k,2-3 days,1,MI
23870,Critical,0.05,16.98,7.78,2193,Donald Melton,Regular Air,Home Office,Office Supplies,Pens & Art Supplies,Small Pack,Stanley Bostitch Contemporary Electric Pencil Sharpeners,0.57,United States,South,North Carolina,New Bern,28560,2015-02-14,2015-02-16,-161.0,11,186.19,90685,1209,False,False,False,Sam,2,2015-02-01,Feb,7,Saturday,Q1,186.78,9.339,-0.8647080938825931,True,-1.434708093882593,4-6%,100-500,2-3 days,1,NC
23871,Critical,0.03,115.99,4.23,2193,Donald Melton,Regular Air,Home Office,Technology,Telephones and Communication,Small Box,282,0.56,United States,South,North Carolina,New Bern,28560,2015-02-14,2015-02-16,848.3646,12,1227.94,90685,1210,False,False,False,Sam,2,2015-02-01,Feb,7,Saturday,Q1,1391.8799999999999,41.75639999999999,0.6908844080329657,False,0.13088440803296564,1-3%,500-2k,2-3 days,1,NC
19112,Medium,0.03,27.48,4.0,2196,Gene Heath Cross,Regular Air,Small Business,Technology,Computer Peripherals,Small Box,Belkin MediaBoard 104- Keyboard,0.75,United States,East,New York,Jamestown,14701,2015-04-07,2015-04-08,-88.8408,11,294.97,89175,1211,False,False,False,Erin,1,2015-04-01,Apr,15,Tuesday,Q2,302.28000000000003,9.0684,-0.3011858833101671,True,-1.051185883310167,1-3%,100-500,Same/next day,3,NY
19113,Medium,0.1,179.99,19.99,2196,Gene Heath Cross,Regular Air,Small Business,Technology,Computer Peripherals,Small Box,Motorola SB4200 Cable Modem,0.48,United States,East,New York,Jamestown,14701,2015-04-07,2015-04-08,1208.9904,14,2458.05,89175,1212,False,False,False,Erin,1,2015-04-01,Apr,15,Tuesday,Q2,2519.86,251.98600000000002,0.4918493928113748,False,0.011849392811374815,10%+,2k-10k,Same/next day,3,NY
19114,Medium,0.1,140.85,19.99,2196,Gene Heath Cross,Regular Air,Small Business,Office Supplies,Storage & Organization,Small Box,"Fellowes Strictly Business® Drawer File, Letter/Legal Size",0.73,United States,East,New York,Jamestown,14701,2015-04-07,2015-04-09,9.9912,19,2465.75,89175,1213,False,False,False,Erin,2,2015-04-01,Apr,15,Tuesday,Q2,2676.15,267.615,0.004051992294433742,False,-0.7259480077055662,10%+,2k-10k,2-3 days,3,NY
23300,Critical,0.08,100.97,7.18,2197,Karen O'Donnell,Regular Air,Small Business,Technology,Computer Peripherals,Small Box,Gyration Ultra Cordless Optical Suite,0.46,United States,East,New York,Levittown,11756,2015-06-26,2015-06-27,126.22500000000001,7,650.25,89176,1214,False,False,False,Erin,1,2015-06-01,Jun,26,Friday,Q2,706.79,56.5432,0.19411764705882353,False,-0.26588235294117646,7-9%,500-2k,Same/next day,1,NY
23301,Critical,0.0,13.4,4.95,2197,Karen O'Donnell,Regular Air,Small Business,Furniture,Office Furnishings,Small Pack,Electrix 20W Halogen Replacement Bulb for Zoom-In Desk Lamp,0.37,United States,East,New York,Levittown,11756,2015-06-26,2015-06-27,187.7628,19,272.12,89176,1215,False,False,False,Erin,1,2015-06-01,Jun,26,Friday,Q2,254.6,0.0,0.69,False,0.31999999999999995,0%,100-500,Same/next day,1,NY
26083,Not Specified,0.03,25.98,4.08,2198,Lester Woodward Maynard,Regular Air,Small Business,Office Supplies,Pens & Art Supplies,Small Pack,Boston 1799 Powerhouse™ Electric Pencil Sharpener,0.57,United States,East,New York,Lindenhurst,11757,2015-05-22,2015-05-25,295.9065,16,428.85,89174,1216,False,False,False,Erin,3,2015-05-01,May,21,Friday,Q2,415.68,12.4704,0.69,False,0.12,1-3%,100-500,2-3 days,5,NY
26084,Not Specified,0.1,20.98,53.03,2198,Lester Woodward Maynard,Delivery Truck,Small Business,Office Supplies,Storage & Organization,Jumbo Drum,"Tennsco Lockers, Gray",0.78,United States,East,New York,Lindenhurst,11757,2015-05-22,2015-05-22,-2111.36,16,342.54,89174,1217,False,False,False,Erin,0,2015-05-01,May,21,Friday,Q2,335.68,33.568000000000005,-6.163834880597887,True,-6.943834880597887,10%+,100-500,Same/next day,5,NY
20234,Critical,0.17,14.89,13.56,2201,David Hoyle,Regular Air,Small Business,Furniture,Office Furnishings,Large Box,Tensor Computer Mounted Lamp,0.58,United States,Central,Minnesota,Bloomington,55420,2015-03-25,2015-03-27,-9.13,1,27.96,86054,1218,False,False,False,Chris,2,2015-03-01,Mar,13,Wednesday,Q1,14.89,2.5313000000000003,-0.32653791130185983,True,-0.9065379113018598,10%+,<100,2-3 days,1,MN
22259,Low,0.09,160.98,30.0,2202,Laurie Howe,Delivery Truck,Home Office,Furniture,Chairs & Chairmats,Jumbo Drum,Office Star - Mid Back Dual function Ergonomic High Back Chair with 2-Way Adjustable Arms,0.62,United States,Central,Minnesota,Brooklyn Center,55429,2015-01-31,2015-01-31,357.428,11,1635.38,86050,1219,False,False,False,Chris,0,2015-01-01,Jan,5,Saturday,Q1,1770.78,159.37019999999998,0.21855960082671916,False,-0.40144039917328084,7-9%,500-2k,Same/next day,4,MN
22260,Low,0.09,6.3,0.5,2202,Laurie Howe,Regular Air,Home Office,Office Supplies,Labels,Small Box,Avery 51,0.39,United States,Central,Minnesota,Brooklyn Center,55429,2015-01-31,2015-01-31,40.35119999999999,10,58.48,86050,1220,False,False,False,Chris,0,2015-01-01,Jan,5,Saturday,Q1,63.0,5.67,0.69,False,0.29999999999999993,7-9%,<100,Same/next day,4,MN
22261,Low,0.0,4.98,0.8,2202,Laurie Howe,Regular Air,Home Office,Office Supplies,Paper,Wrap Bag,Rediform S.O.S. Phone Message Books,0.36,United States,Central,Minnesota,Brooklyn Center,55429,2015-01-31,2015-02-07,27.634499999999996,8,40.05,86050,1221,False,False,False,Chris,7,2015-01-01,Jan,5,Saturday,Q1,39.84,0.0,0.69,False,0.32999999999999996,0%,<100,4-7 days,4,MN
23919,Low,0.08,145.45,17.85,2203,Eddie Walker,Delivery Truck,Home Office,Technology,Office Machines,Jumbo Drum,Panasonic KX-P1150 Dot Matrix Printer,0.56,United States,Central,Minnesota,Brooklyn Park,55445,2015-02-04,2015-02-04,751.58,8,1117.66,86051,1222,False,True,False,Chris,0,2015-02-01,Feb,6,Wednesday,Q1,1163.6,93.088,0.672458529427554,False,0.11245852942755397,7-9%,500-2k,Same/next day,4,MN
22595,Critical,0.03,399.98,12.06,2203,Eddie Walker,Delivery Truck,Home Office,Technology,Office Machines,Jumbo Box,Okidata ML320 Series Turbo Dot Matrix Printers,0.56,United States,Central,Minnesota,Brooklyn Park,55445,2015-01-04,2015-01-06,-663.5142,2,807.0,86052,1223,False,False,False,Chris,2,2015-01-01,Jan,1,Sunday,Q1,799.96,23.9988,-0.8221985130111523,True,-1.3821985130111525,1-3%,500-2k,2-3 days,1,MN
23920,Low,0.07,33.94,19.19,2204,Oscar Ford,Delivery Truck,Home Office,Furniture,Chairs & Chairmats,Jumbo Drum,"Metal Folding Chairs, Beige, 4/Carton",0.58,United States,Central,Minnesota,Burnsville,55337,2015-02-04,2015-02-08,-157.56,5,169.46,86051,1224,False,True,False,Chris,4,2015-02-01,Feb,6,Wednesday,Q1,169.7,11.879,-0.929776938510563,True,-1.509776938510563,7-9%,100-500,4-7 days,4,MN
24434,Critical,0.04,296.18,154.12,2204,Oscar Ford,Delivery Truck,Consumer,Furniture,Tables,Jumbo Box,Hon 94000 Series Round Tables,0.76,United States,Central,Minnesota,Burnsville,55337,2015-02-10,2015-02-11,-87.99804,20,5768.12,86053,1225,False,False,False,Chris,1,2015-02-01,Feb,7,Tuesday,Q1,5923.6,236.94400000000002,-0.01525593087522451,True,-0.7752559308752245,4-6%,2k-10k,Same/next day,1,MN
18164,High,0.03,28.48,1.99,2206,Bobby Powell,Regular Air,Consumer,Technology,Computer Peripherals,Small Pack,"Memorex 4.7GB DVD+RW, 3/Pack",0.4,United States,Central,Iowa,Fort Dodge,50501,2015-01-05,2015-01-06,-35.2904,2,55.25,86258,1226,False,False,False,Chris,1,2015-01-01,Jan,2,Monday,Q1,56.96,1.7087999999999999,-0.6387402714932127,True,-1.0387402714932126,1-3%,<100,Same/next day,2,IA
18165,High,0.01,205.99,5.99,2206,Bobby Powell,Regular Air,Consumer,Technology,Telephones and Communication,Small Box,3285,0.59,United States,Central,Iowa,Fort Dodge,50501,2015-01-05,2015-01-07,-74.8836,3,551.22,86258,1227,False,False,False,Chris,2,2015-01-01,Jan,2,Monday,Q1,617.97,6.1797,-0.13585065853924022,True,-0.7258506585392401,1-3%,500-2k,2-3 days,2,IA
23317,Low,0.06,6.98,1.6,2209,Sharon Thomas,Regular Air,Home Office,Office Supplies,Paper,Wrap Bag,"Adams Phone Message Book, Professional, 400 Message Capacity, 5 3/6” x 11”",0.38,United States,South,Georgia,College Park,30337,2015-01-22,2015-01-29,-98.05600000000001,12,83.93,88030,1228,False,False,False,Sam,7,2015-01-01,Jan,4,Thursday,Q1,83.76,5.0256,-1.1683069224353628,True,-1.548306922435363,4-6%,<100,4-7 days,4,GA
19914,Not Specified,0.08,95.99,35.0,2211,Anita Hahn,Express Air,Home Office,Office Supplies,Storage & Organization,Large Box,Safco Industrial Wire Shelving,0.6,United States,East,Maryland,Bowie,20715,2015-01-01,2015-01-03,-425.20840000000004,2,193.88,88028,1229,True,False,False,Erin,2,2015-01-01,Jan,1,Thursday,Q1,191.98,15.3584,-2.193152465442542,True,-2.793152465442542,7-9%,100-500,2-3 days,5,MD
24756,High,0.09,199.99,24.49,2212,Stacy Chang,Express Air,Home Office,Technology,Copiers and Fax,Large Box,Canon PC-428 Personal Copier,0.46,United States,East,Maryland,Catonsville,21228,2015-04-19,2015-04-21,631.33,5,990.25,88029,1230,False,False,False,Erin,2,2015-04-01,Apr,16,Sunday,Q2,999.95,89.9955,0.6375460742236809,False,0.1775460742236809,7-9%,500-2k,2-3 days,2,MD
23512,Low,0.07,3.28,3.97,2215,Christopher High,Regular Air,Corporate,Office Supplies,Pens & Art Supplies,Wrap Bag,Newell 337,0.56,United States,East,Ohio,Massillon,44646,2015-06-23,2015-06-23,-22.176,4,14.76,90314,1231,False,True,False,Erin,0,2015-06-01,Jun,26,Tuesday,Q2,13.12,0.9184,-1.502439024390244,True,-2.062439024390244,7-9%,<100,Same/next day,4,OH
23513,Low,0.02,256.99,11.25,2216,Clara Kaplan,Regular Air,Corporate,Technology,Computer Peripherals,Small Box,Hayes Optima 56K V.90 Internal Voice Modem,0.51,United States,East,Ohio,Medina,44256,2015-06-23,2015-06-30,-214.10399999999998,3,808.44,90314,1232,False,True,False,Erin,7,2015-06-01,Jun,26,Tuesday,Q2,770.97,15.419400000000001,-0.2648359804067092,True,-0.7748359804067092,1-3%,500-2k,4-7 days,4,OH
23514,Low,0.01,6.48,5.14,2216,Clara Kaplan,Regular Air,Corporate,Office Supplies,Paper,Small Box,Xerox 23,0.37,United States,East,Ohio,Medina,44256,2015-06-23,2015-06-25,-26.936,10,67.41,90314,1233,False,True,False,Erin,2,2015-06-01,Jun,26,Tuesday,Q2,64.80000000000001,0.6480000000000001,-0.3995846313603323,True,-0.7695846313603323,1-3%,<100,2-3 days,4,OH
22712,Low,0.09,14.2,5.3,2220,Jennifer Stanton,Regular Air,Consumer,Furniture,Office Furnishings,Wrap Bag,Coloredge Poster Frame,0.46,United States,South,Florida,Winter Garden,34787,2015-02-28,2015-03-01,-324.73,4,55.08,91036,1234,False,False,False,Sam,1,2015-02-01,Feb,9,Saturday,Q1,56.8,5.111999999999999,-5.8956063907044305,True,-6.3556063907044305,7-9%,<100,Same/next day,4,FL
24113,Critical,0.0,100.89,42.0,2225,Sean McKenna,Delivery Truck,Small Business,Furniture,Chairs & Chairmats,Jumbo Drum,Office Star Flex Back Scooter Chair with Aluminum Finish Frame,0.61,United States,West,New Mexico,Hobbs,88240,2015-02-21,2015-02-22,1500.12,15,1608.11,89970,1235,False,False,False,William,1,2015-02-01,Feb,8,Saturday,Q1,1513.35,0.0,0.9328466336258092,False,0.32284663362580923,0%,500-2k,Same/next day,1,NM
18820,Low,0.01,13.43,5.5,2240,Maurice Kelly,Express Air,Corporate,Office Supplies,Storage & Organization,Small Box,"Fellowes Personal Hanging Folder Files, Navy",0.57,United States,South,Florida,Lakeland,33801,2015-04-06,2015-04-13,-313.02180000000004,7,99.75,89102,1236,False,False,False,Sam,7,2015-04-01,Apr,15,Monday,Q2,94.00999999999999,0.9400999999999999,-3.138063157894737,True,-3.708063157894737,1-3%,<100,4-7 days,4,FL
24121,Low,0.0,2.08,5.33,2250,Alvin Hoover,Regular Air,Home Office,Furniture,Office Furnishings,Small Box,Eldon® Wave Desk Accessories,0.43,United States,East,Pennsylvania,State College,16801,2015-04-13,2015-04-20,-192.5532,22,51.41,86699,1237,False,False,False,Erin,7,2015-04-01,Apr,16,Monday,Q2,45.760000000000005,0.0,-3.7454425209103293,True,-4.175442520910329,0%,<100,4-7 days,4,PA
25440,Low,0.1,6.3,0.5,2254,Jeff Meadows,Regular Air,Corporate,Office Supplies,Labels,Small Box,Avery 48,0.39,United States,South,Kentucky,Paducah,42003,2015-01-27,2015-02-01,-464.28200000000004,12,68.72,89278,1238,False,False,False,Sam,5,2015-01-01,Jan,5,Tuesday,Q1,75.6,7.56,-6.756140861466823,True,-7.146140861466822,10%+,<100,4-7 days,4,KY
20639,High,0.1,48.91,5.97,2254,Jeff Meadows,Regular Air,Corporate,Office Supplies,Paper,Small Box,Xerox 1917,0.38,United States,South,Kentucky,Paducah,42003,2015-04-28,2015-04-30,156.74339999999998,14,618.96,89279,1239,False,False,False,Sam,2,2015-04-01,Apr,18,Tuesday,Q2,684.74,68.474,0.2532367196587824,False,-0.1267632803412176,10%+,500-2k,2-3 days,2,KY
20640,High,0.08,5.98,5.46,2254,Jeff Meadows,Regular Air,Corporate,Office Supplies,Paper,Small Box,Xerox 1983,0.36,United States,South,Kentucky,Paducah,42003,2015-04-28,2015-04-28,110.118,13,77.54,89279,1240,False,False,False,Sam,0,2015-04-01,Apr,18,Tuesday,Q2,77.74000000000001,6.219200000000001,1.42014444157854,False,1.0601444415785402,7-9%,<100,Same/next day,2,KY
19054,Critical,0.07,60.97,4.5,2256,Lloyd Levin,Express Air,Corporate,Office Supplies,Appliances,Small Box,Tripp Lite Isotel 6 Outlet Surge Protector with Fax/Modem Protection,0.56,United States,South,North Carolina,New Bern,28560,2015-01-02,2015-01-04,-42.588,6,361.72,87963,1241,False,False,False,Sam,2,2015-01-01,Jan,1,Friday,Q1,365.82,25.607400000000002,-0.1177374765011611,True,-0.6777374765011611,7-9%,100-500,2-3 days,1,NC
18652,Medium,0.07,70.98,30.0,2256,Lloyd Levin,Delivery Truck,Corporate,Furniture,Chairs & Chairmats,Jumbo Drum,Novimex Turbo Task Chair,0.73,United States,South,North Carolina,New Bern,28560,2015-03-24,2015-03-26,-222.95,20,1373.47,87964,1242,False,False,False,Sam,2,2015-03-01,Mar,13,Tuesday,Q1,1419.6000000000001,99.37200000000001,-0.1623260792008562,True,-0.8923260792008562,7-9%,500-2k,2-3 days,3,NC
21937,High,0.06,6.68,6.93,2257,Bernard Thompson,Regular Air,Corporate,Office Supplies,Paper,Small Box,HP Office Paper (20Lb. and 87 Bright),0.37,United States,South,North Carolina,Raleigh,27604,2015-06-12,2015-06-13,7.624499999999999,14,91.92,87965,1243,False,False,False,Sam,1,2015-06-01,Jun,24,Friday,Q2,93.52,5.611199999999999,0.0829471279373368,False,-0.28705287206266317,4-6%,<100,Same/next day,2,NC
26361,Low,0.01,7.64,1.39,2258,Nicole Pope,Express Air,Corporate,Office Supplies,Envelopes,Small Box,"#10- 4 1/8"" x 9 1/2"" Security-Tint Envelopes",0.36,United States,South,North Carolina,Rocky Mount,27801,2015-03-09,2015-03-13,-1676.6119999999999,9,73.29,87962,1244,False,False,False,Sam,4,2015-03-01,Mar,11,Monday,Q1,68.75999999999999,0.6875999999999999,-22.8764087870105,True,-23.2364087870105,1-3%,<100,4-7 days,4,NC
26362,Low,0.07,400.97,48.26,2258,Nicole Pope,Delivery Truck,Corporate,Technology,Office Machines,Jumbo Box,Hewlett-Packard Deskjet 1220Cse Color Inkjet Printer,0.36,United States,South,North Carolina,Rocky Mount,27801,2015-03-09,2015-03-13,45.12779999999999,8,2961.32,87962,1245,False,False,False,Sam,4,2015-03-01,Mar,11,Monday,Q1,3207.76,224.54320000000004,0.015239082571285775,False,-0.34476091742871423,7-9%,2k-10k,4-7 days,4,NC
20187,Critical,0.02,4.98,0.49,2260,Geoffrey H Wong,Regular Air,Corporate,Office Supplies,Labels,Small Box,Avery White Multi-Purpose Labels,0.39,United States,South,Georgia,Rome,30161,2015-02-15,2015-02-16,-52.864,17,87.11,89601,1246,False,False,False,Sam,1,2015-02-01,Feb,7,Sunday,Q1,84.66000000000001,1.6932000000000003,-0.6068648834806566,True,-0.9968648834806566,1-3%,<100,Same/next day,1,GA
20188,Critical,0.01,20.99,0.99,2260,Geoffrey H Wong,Regular Air,Corporate,Technology,Telephones and Communication,Small Pack,Accessory15,0.83,United States,South,Georgia,Rome,30161,2015-02-15,2015-02-16,45.378,9,170.46,89601,1247,False,False,False,Sam,1,2015-02-01,Feb,7,Sunday,Q1,188.91,1.8891,0.2662090813093981,False,-0.5637909186906018,1-3%,100-500,Same/next day,1,GA
19569,High,0.08,4.98,0.49,2260,Geoffrey H Wong,Regular Air,Corporate,Office Supplies,Labels,Small Box,Avery White Multi-Purpose Labels,0.39,United States,South,Georgia,Rome,30161,2015-04-21,2015-04-22,4949.916,1,4.95,89602,1248,False,False,False,Sam,1,2015-04-01,Apr,17,Tuesday,Q2,4.98,0.39840000000000003,999.9830303030303,False,999.5930303030303,7-9%,<100,Same/next day,2,GA
19570,High,0.09,119.99,14.0,2260,Geoffrey H Wong,Delivery Truck,Corporate,Technology,Office Machines,Jumbo Drum,Epson C82 Color Inkjet Printer,0.36,United States,South,Georgia,Rome,30161,2015-04-21,2015-04-23,1055.6039999999998,4,461.24,89602,1249,False,False,False,Sam,2,2015-04-01,Apr,17,Tuesday,Q2,479.96,43.1964,2.288621975544185,False,1.9286219755441851,7-9%,100-500,2-3 days,2,GA
18142,Not Specified,0.09,207.48,0.99,2264,Helen Dickerson,Regular Air,Corporate,Office Supplies,Appliances,Small Box,Kensington 7 Outlet MasterPiece Power Center with Fax/Phone Line Protection,0.55,United States,Central,Missouri,Joplin,64804,2015-01-26,2015-01-29,359.83,3,577.75,86611,1250,False,False,False,Chris,3,2015-01-01,Jan,5,Monday,Q1,622.4399999999999,56.01959999999999,0.6228126352228472,False,0.0728126352228472,7-9%,500-2k,2-3 days,5,MO
19171,Critical,0.1,7.45,6.28,2265,James Davenport,Regular Air,Corporate,Office Supplies,Binders and Binder Accessories,Small Box,"Acco Four Pocket Poly Ring Binder with Label Holder, Smoke, 1""",0.4,United States,Central,Missouri,Kansas City,64130,2015-01-29,2015-02-01,-69.874,8,59.4,86612,1251,False,False,False,Chris,3,2015-01-01,Jan,5,Thursday,Q1,59.6,5.960000000000001,-1.1763299663299662,True,-1.5763299663299661,10%+,<100,2-3 days,1,MO
19172,Critical,0.01,6.48,7.86,2265,James Davenport,Regular Air,Corporate,Office Supplies,Paper,Small Box,Xerox 213,0.37,United States,Central,Missouri,Kansas City,64130,2015-01-29,2015-01-31,-135.74,10,66.46,86612,1252,False,False,False,Chris,2,2015-01-01,Jan,5,Thursday,Q1,64.80000000000001,0.6480000000000001,-2.042431537767078,True,-2.412431537767078,1-3%,<100,2-3 days,1,MO
25996,Critical,0.02,11.33,6.12,2266,Brandon Beach,Regular Air,Corporate,Office Supplies,Appliances,Medium Box,"Holmes Replacement Filter for HEPA Air Cleaner, Medium Room",0.42,United States,Central,Missouri,Kirkwood,63122,2015-05-26,2015-05-28,-14.52,3,35.35,86610,1253,False,False,False,Chris,2,2015-05-01,May,22,Tuesday,Q2,33.99,0.6798000000000001,-0.4107496463932107,True,-0.8307496463932107,1-3%,<100,2-3 days,1,MO
25997,Critical,0.01,15.67,1.39,2266,Brandon Beach,Regular Air,Corporate,Office Supplies,Envelopes,Small Box,"#10 White Business Envelopes,4 1/8 x 9 1/2",0.38,United States,Central,Missouri,Kirkwood,63122,2015-05-26,2015-05-27,171.26489999999998,16,248.21,86610,1254,False,False,False,Chris,1,2015-05-01,May,22,Tuesday,Q2,250.72,2.5072,0.69,False,0.30999999999999994,1-3%,100-500,Same/next day,1,MO
19072,Low,0.08,259.71,66.67,2268,Carlos Adkins,Delivery Truck,Small Business,Furniture,Tables,Jumbo Box,"Bevis Round Bullnose 29"" High Table Top",0.61,United States,South,Florida,Land O Lakes,34639,2015-06-03,2015-06-07,138.22199999999998,17,4086.5,89571,1255,False,False,False,Sam,4,2015-06-01,Jun,23,Wednesday,Q2,4415.07,353.2056,0.03382405481463355,False,-0.5761759451853664,7-9%,2k-10k,4-7 days,4,FL
23963,Low,0.01,20.48,6.32,2270,Kristine Holden,Regular Air,Small Business,Office Supplies,Appliances,Small Box,Kensington 6 Outlet Guardian Standard Surge Protector,0.58,United States,South,South Carolina,Mauldin,29662,2015-02-06,2015-02-08,711.2447999999999,18,375.03,89572,1256,False,False,False,Sam,2,2015-02-01,Feb,6,Friday,Q1,368.64,3.6864,1.8965010799136068,False,1.316501079913607,1-3%,100-500,2-3 days,4,SC
23964,Low,0.09,1.86,2.58,2270,Kristine Holden,Regular Air,Small Business,Office Supplies,Rubber Bands,Wrap Bag,"Super Bands, 12/Pack",0.82,United States,South,South Carolina,Mauldin,29662,2015-02-06,2015-02-11,-1084.8469632000001,12,22.11,89572,1257,False,False,False,Sam,5,2015-02-01,Feb,6,Friday,Q1,22.32,2.0088,-49.06589611940299,True,-49.88589611940299,7-9%,<100,4-7 days,4,SC
23965,Low,0.08,205.99,2.5,2270,Kristine Holden,Regular Air,Small Business,Technology,Telephones and Communication,Small Box,V70,0.59,United States,South,South Carolina,Mauldin,29662,2015-02-06,2015-02-11,-156.772,17,2875.35,89572,1258,False,False,False,Sam,5,2015-02-01,Feb,6,Friday,Q1,3501.83,280.1464,-0.05452275375171718,True,-0.6445227537517172,7-9%,2k-10k,4-7 days,4,SC
19438,High,0.08,15.73,7.42,2272,Brett Ingram,Express Air,Corporate,Office Supplies,"Scissors, Rulers and Trimmers",Small Pack,Acme Galleria® Hot Forged Steel Scissors with Colored Handles,0.56,United States,Central,Texas,Harker Heights,76543,2015-03-16,2015-03-18,-37.6,5,78.08,90110,1259,False,False,False,Chris,2,2015-03-01,Mar,12,Monday,Q1,78.65,6.292000000000001,-0.48155737704918034,True,-1.0415573770491804,7-9%,<100,2-3 days,2,TX
23416,Low,0.04,120.98,3.99,2273,Debra Block,Regular Air,Corporate,Office Supplies,Appliances,Small Box,"Belkin 325VA UPS Surge Protector, 6'",0.6,United States,Central,Texas,Harlingen,78550,2015-05-05,2015-05-05,1389.5772,17,2013.88,90109,1260,False,True,False,Chris,0,2015-05-01,May,19,Tuesday,Q2,2056.66,82.26639999999999,0.69,False,0.08999999999999997,4-6%,2k-10k,Same/next day,4,TX
23417,Low,0.02,55.99,5.0,2273,Debra Block,Regular Air,Corporate,Technology,Telephones and Communication,Small Pack,Accessory36,0.83,United States,Central,Texas,Harlingen,78550,2015-05-05,2015-05-05,-222.816,4,201.32,90109,1261,False,True,False,Chris,0,2015-05-01,May,19,Tuesday,Q2,223.96,4.4792000000000005,-1.1067752831313333,True,-1.9367752831313334,1-3%,100-500,Same/next day,4,TX
23418,Low,0.05,23.99,15.68,2274,Marlene Harrison,Delivery Truck,Corporate,Furniture,Office Furnishings,Jumbo Drum,"Westinghouse Floor Lamp with Metal Mesh Shade, Black",0.62,United States,Central,Texas,Houston,77036,2015-05-05,2015-05-09,-133.71,12,298.51,90109,1262,False,True,False,Chris,4,2015-05-01,May,19,Tuesday,Q2,287.88,14.394,-0.4479246926401126,True,-1.0679246926401125,4-6%,100-500,4-7 days,4,TX
24552,Not Specified,0.01,195.99,8.99,2276,Dennis Block Richardson,Regular Air,Consumer,Technology,Telephones and Communication,Small Box,T28 WORLD,0.6,United States,East,New York,Niagara Falls,14304,2015-06-30,2015-06-30,2653.7814,22,3846.06,91502,1263,False,False,False,Erin,0,2015-06-01,Jun,27,Tuesday,Q2,4311.780000000001,43.11780000000001,0.69,False,0.08999999999999997,1-3%,2k-10k,Same/next day,5,NY
23572,Low,0.04,4.48,2.5,2279,Lucille McGee,Express Air,Home Office,Office Supplies,Envelopes,Small Box,Ampad #10 Peel & Seel® Holiday Envelopes,0.37,United States,East,Pennsylvania,Greensburg,15601,2015-06-22,2015-06-26,10.32,7,35.93,85949,1264,False,False,False,Erin,4,2015-06-01,Jun,26,Monday,Q2,31.360000000000003,1.2544000000000002,0.28722516003339826,False,-0.08277483996660173,4-6%,<100,4-7 days,4,PA
19615,Not Specified,0.08,205.99,2.5,2281,Monica Harvey,Regular Air,Home Office,Technology,Telephones and Communication,Small Box,V70,0.59,United States,Central,Wisconsin,Eau Claire,54703,2015-01-27,2015-01-28,997.3814400000001,10,1610.84,85948,1265,False,False,False,Chris,1,2015-01-01,Jan,5,Tuesday,Q1,2059.9,164.792,0.6191685331876537,False,0.029168533187653778,7-9%,500-2k,Same/next day,5,WI
21260,Medium,0.04,5.98,5.79,2282,Jimmy Waters,Regular Air,Home Office,Office Supplies,Paper,Small Box,Xerox 1903,0.36,United States,Central,Wisconsin,Fitchburg,53713,2015-02-05,2015-02-07,-36.030800000000006,14,86.12,85950,1266,False,False,False,Chris,2,2015-02-01,Feb,6,Thursday,Q1,83.72,3.3488,-0.4183790060380864,True,-0.7783790060380864,4-6%,<100,2-3 days,3,WI
26148,Medium,0.01,11.7,6.96,2283,Nancy Holden,Regular Air,Home Office,Office Supplies,Appliances,Medium Box,Harmony HEPA Quiet Air Purifiers,0.5,United States,Central,Wisconsin,Franklin,53132,2015-01-24,2015-01-26,-28.954,6,76.87,85947,1267,False,False,False,Chris,2,2015-01-01,Jan,4,Saturday,Q1,70.19999999999999,0.7019999999999998,-0.376661896708729,True,-0.876661896708729,1-3%,<100,2-3 days,3,WI
19460,Medium,0.02,17.7,9.47,2285,Arnold Floyd Blair,Express Air,Corporate,Office Supplies,Storage & Organization,Small Box,Portfile® Personal File Boxes,0.59,United States,South,South Carolina,Rock Hill,29730,2015-03-13,2015-03-15,-85.02199999999999,21,374.6,90148,1268,False,False,False,Sam,2,2015-03-01,Mar,11,Friday,Q1,371.7,7.434,-0.2269674319273892,True,-0.8169674319273892,1-3%,100-500,2-3 days,3,SC
21529,Medium,0.0,4.91,0.5,2286,Larry Langston,Regular Air,Corporate,Office Supplies,Labels,Small Box,Avery 493,0.36,United States,South,South Carolina,Spartanburg,29301,2015-02-04,2015-02-06,99.19800000000001,12,61.87,90145,1269,False,False,False,Sam,2,2015-02-01,Feb,6,Wednesday,Q1,58.92,0.0,1.6033295619848071,False,1.2433295619848073,0%,<100,2-3 days,3,SC
21530,Medium,0.01,7.28,11.15,2286,Larry Langston,Regular Air,Corporate,Office Supplies,Paper,Small Box,"Array® Parchment Paper, Assorted Colors",0.37,United States,South,South Carolina,Spartanburg,29301,2015-02-04,2015-02-05,136.0314,6,48.88,90145,1270,False,False,False,Sam,1,2015-02-01,Feb,6,Wednesday,Q1,43.68,0.4368,2.7829664484451717,False,2.4129664484451716,1-3%,<100,Same/next day,3,SC
21531,Medium,0.1,6.68,6.93,2286,Larry Langston,Regular Air,Corporate,Office Supplies,Paper,Small Box,HP Office Paper (20Lb. and 87 Bright),0.37,United States,South,South Carolina,Spartanburg,29301,2015-02-04,2015-02-07,-100.072,3,21.56,90145,1271,False,False,False,Sam,3,2015-02-01,Feb,6,Wednesday,Q1,20.04,2.004,-4.641558441558442,True,-5.011558441558442,10%+,<100,2-3 days,3,SC
25183,Not Specified,0.01,18.97,9.03,2287,Samuel Newman,Regular Air,Corporate,Office Supplies,Paper,Small Box,Computer Printout Paper with Letter-Trim Perforations,0.37,United States,South,South Carolina,Summerville,29483,2015-03-25,2015-03-25,-12.026699999999998,8,164.67,90146,1272,False,False,False,Sam,0,2015-03-01,Mar,13,Wednesday,Q1,151.76,1.5175999999999998,-0.07303516123155401,True,-0.443035161231554,1-3%,100-500,Same/next day,5,SC
25184,Not Specified,0.03,12.28,4.86,2287,Samuel Newman,Regular Air,Corporate,Office Supplies,Paper,Small Box,Xerox 1933,0.38,United States,South,South Carolina,Summerville,29483,2015-03-25,2015-03-26,122.508,6,72.74,90146,1273,False,False,False,Sam,1,2015-03-01,Mar,13,Wednesday,Q1,73.67999999999999,2.2103999999999995,1.684190266703327,False,1.3041902667033272,1-3%,<100,Same/next day,5,SC
25185,Not Specified,0.05,34.99,7.73,2287,Samuel Newman,Express Air,Corporate,Office Supplies,Pens & Art Supplies,Small Box,Hunt Boston® Vacuum Mount KS Pencil Sharpener,0.59,United States,South,South Carolina,Summerville,29483,2015-03-25,2015-03-27,-12.026699999999998,12,418.75,90146,1274,False,False,False,Sam,2,2015-03-01,Mar,13,Wednesday,Q1,419.88,20.994,-0.028720477611940295,True,-0.6187204776119403,4-6%,100-500,2-3 days,5,SC
24396,Low,0.1,54.1,19.99,2287,Samuel Newman,Regular Air,Corporate,Office Supplies,Storage & Organization,Small Box,Desktop 3-Pocket Hot File®,0.59,United States,South,South Carolina,Summerville,29483,2015-02-19,2015-02-24,34.068,9,469.59,90147,1275,False,False,False,Sam,5,2015-02-01,Feb,8,Thursday,Q1,486.90000000000003,48.690000000000005,0.07254839327924359,False,-0.5174516067207564,10%+,100-500,4-7 days,4,SC
19243,Critical,0.01,7.59,4.0,2289,Ryan Herman,Regular Air,Home Office,Furniture,Office Furnishings,Wrap Bag,"Master Giant Foot® Doorstop, Safety Yellow",0.42,United States,Central,Minnesota,Burnsville,55337,2015-05-04,2015-05-04,2.9700000000000006,17,136.25,88165,1276,False,False,False,Chris,0,2015-05-01,May,19,Monday,Q2,129.03,1.2903,0.021798165137614685,False,-0.3982018348623853,1-3%,100-500,Same/next day,1,MN
21334,Not Specified,0.0,42.98,4.62,2290,Glen Robertson,Regular Air,Home Office,Office Supplies,Appliances,Small Box,Belkin F9M820V08 8 Outlet Surge,0.56,United States,Central,Minnesota,Coon Rapids,55433,2015-01-06,2015-01-08,385.30289999999997,12,558.41,88163,1277,False,False,False,Chris,2,2015-01-01,Jan,2,Tuesday,Q1,515.76,0.0,0.69,False,0.1299999999999999,0%,500-2k,2-3 days,5,MN
21335,Not Specified,0.03,21.78,5.94,2290,Glen Robertson,Regular Air,Home Office,Office Supplies,Appliances,Medium Box,Holmes HEPA Air Purifier,0.5,United States,Central,Minnesota,Coon Rapids,55433,2015-01-06,2015-01-08,187.2,13,290.22,88163,1278,False,False,False,Chris,2,2015-01-01,Jan,2,Tuesday,Q1,283.14,8.4942,0.6450279098614843,False,0.14502790986148428,1-3%,100-500,2-3 days,5,MN
19723,Medium,0.07,80.98,7.18,2290,Glen Robertson,Regular Air,Corporate,Technology,Computer Peripherals,Small Box,Logitech Cordless Navigator Duo,0.48,United States,Central,Minnesota,Coon Rapids,55433,2015-02-04,2015-02-06,779.4723,15,1129.67,88164,1279,False,False,False,Chris,2,2015-02-01,Feb,6,Wednesday,Q1,1214.7,85.02900000000001,0.69,False,0.20999999999999996,7-9%,500-2k,2-3 days,3,MN
24673,Critical,0.07,270.98,50.0,2302,Beth Dolan,Delivery Truck,Corporate,Furniture,Chairs & Chairmats,Jumbo Drum,Global Enterprise Series Seating High-Back Swivel/Tilt Chairs,0.77,United States,South,Florida,Panama City,32404,2015-02-11,2015-02-13,27.726,9,2439.37,87695,1280,False,False,False,Sam,2,2015-02-01,Feb,7,Wednesday,Q1,2438.82,170.71740000000003,0.011366049430795656,False,-0.7586339505692044,7-9%,2k-10k,2-3 days,1,FL
23344,High,0.1,12.53,0.49,2302,Beth Dolan,Regular Air,Corporate,Office Supplies,Labels,Small Box,Round Specialty Laser Printer Labels,0.38,United States,South,Florida,Panama City,32404,2015-01-03,2015-01-04,244.464,8,92.02,87696,1281,False,False,False,Sam,1,2015-01-01,Jan,1,Saturday,Q1,100.24,10.024000000000001,2.6566398608998045,False,2.2766398608998046,10%+,<100,Same/next day,2,FL
23345,High,0.1,146.34,43.75,2302,Beth Dolan,Delivery Truck,Corporate,Furniture,Tables,Jumbo Box,Bevis Round Conference Table Top & Single Column Base,0.64,United States,South,Florida,Panama City,32404,2015-01-03,2015-01-04,-473.578,2,283.55,87696,1282,False,False,False,Sam,1,2015-01-01,Jan,1,Saturday,Q1,292.68,29.268,-1.6701745723858223,True,-2.3101745723858222,10%+,100-500,Same/next day,2,FL
6673,Critical,0.07,270.98,50.0,2303,Joe Baldwin,Delivery Truck,Corporate,Furniture,Chairs & Chairmats,Jumbo Drum,Global Enterprise Series Seating High-Back Swivel/Tilt Chairs,0.77,United States,East,New York,New York City,10011,2015-02-11,2015-02-13,-96.05,36,9757.48,47493,1283,False,False,False,Erin,2,2015-02-01,Feb,7,Wednesday,Q1,9755.28,682.8696000000001,-0.009843730143438674,True,-0.7798437301434387,7-9%,2k-10k,2-3 days,1,NY
5345,High,0.1,146.34,43.75,2303,Joe Baldwin,Delivery Truck,Corporate,Furniture,Tables,Jumbo Box,Bevis Round Conference Table Top & Single Column Base,0.64,United States,East,New York,New York City,10011,2015-01-03,2015-01-04,-270.85,6,850.64,37987,1284,False,False,False,Erin,1,2015-01-01,Jan,1,Saturday,Q1,878.04,87.804,-0.31840731684378826,True,-0.9584073168437883,10%+,500-2k,Same/next day,2,NY
19934,High,0.0,90.48,19.99,2305,Pat Kinney,Regular Air,Small Business,Office Supplies,Envelopes,Small Box,Tyvek® Side-Opening Peel & Seel® Expanding Envelopes,0.4,United States,Central,South Dakota,Watertown,57201,2015-06-21,2015-06-24,800.2550999999999,12,1159.79,89869,1285,False,False,False,Chris,3,2015-06-01,Jun,25,Sunday,Q2,1085.76,0.0,0.69,False,0.2899999999999999,0%,500-2k,2-3 days,2,SD
23313,Low,0.08,9.48,7.29,2308,Laurence Cummings,Regular Air,Small Business,Furniture,Office Furnishings,Small Pack,"DAX Two-Tone Rosewood/Black Document Frame, Desktop, 5 x 7",0.45,United States,South,Florida,Lehigh Acres,33971,2015-03-24,2015-03-26,-50.4,2,20.22,90557,1286,False,False,False,Sam,2,2015-03-01,Mar,13,Tuesday,Q1,18.96,1.5168000000000001,-2.492581602373887,True,-2.9425816023738873,7-9%,<100,2-3 days,4,FL
23314,Low,0.03,193.17,19.99,2308,Laurence Cummings,Regular Air,Small Business,Office Supplies,Storage & Organization,Small Box,Fellowes Staxonsteel® Drawer Files,0.71,United States,South,Florida,Lehigh Acres,33971,2015-03-24,2015-03-28,-348.754,8,1548.97,90557,1287,False,False,False,Sam,4,2015-03-01,Mar,13,Tuesday,Q1,1545.36,46.3608,-0.22515219791216098,True,-0.935152197912161,1-3%,500-2k,4-7 days,4,FL
26048,High,0.08,68.81,60.0,2323,Emma Buckley,Delivery Truck,Small Business,Office Supplies,Appliances,Jumbo Drum,"Holmes Replacement Filter for HEPA Air Cleaner, Very Large Room, HEPA Filter",0.41,United States,West,California,Coachella,92236,2015-03-16,2015-03-17,-550.43,5,337.86,88721,1288,False,False,False,William,1,2015-03-01,Mar,12,Monday,Q1,344.05,27.524,-1.6291659267152072,True,-2.0391659267152074,7-9%,100-500,Same/next day,2,CA
26049,High,0.04,21.38,8.99,2323,Emma Buckley,Regular Air,Small Business,Office Supplies,Pens & Art Supplies,Small Pack,Boston 1730 StandUp Electric Pencil Sharpener,0.59,United States,West,California,Coachella,92236,2015-03-16,2015-03-18,-52.12,4,84.21,88721,1289,False,False,False,William,2,2015-03-01,Mar,12,Monday,Q1,85.52,3.4208,-0.6189288683054269,True,-1.208928868305427,4-6%,<100,2-3 days,2,CA
23053,Not Specified,0.06,4.98,4.62,2323,Emma Buckley,Express Air,Small Business,Technology,Computer Peripherals,Small Pack,"Imation 3.5"", DISKETTE 44766 HGHLD3.52HD/FM, 10/Pack",0.64,United States,West,California,Coachella,92236,2015-06-19,2015-06-19,-27.005,7,38.74,88722,1290,False,False,False,William,0,2015-06-01,Jun,25,Friday,Q2,34.86,2.0915999999999997,-0.6970831182240578,True,-1.337083118224058,4-6%,<100,Same/next day,5,CA
25456,Medium,0.06,28.53,1.49,2330,Kara Foster,Regular Air,Home Office,Office Supplies,Binders and Binder Accessories,Small Box,Lock-Up Easel 'Spel-Binder',0.38,United States,Central,Iowa,Marion,52302,2015-03-24,2015-03-27,74.63850000000001,5,134.09,90964,1291,False,False,False,Chris,3,2015-03-01,Mar,13,Tuesday,Q1,142.65,8.559,0.5566298754567828,False,0.17662987545678277,4-6%,100-500,2-3 days,3,IA
19441,High,0.06,180.98,26.2,2333,Megan Woods,Delivery Truck,Small Business,Furniture,Chairs & Chairmats,Jumbo Drum,Global Ergonomic Managers Chair,0.59,United States,Central,Wisconsin,Green Bay,54302,2015-06-23,2015-06-24,-122.235,1,191.73,89611,1292,False,False,False,Chris,1,2015-06-01,Jun,26,Tuesday,Q2,180.98,10.858799999999999,-0.6375371616335472,True,-1.2275371616335473,4-6%,100-500,Same/next day,2,WI
23721,Low,0.06,60.65,12.23,2334,Stephanie Hawkins,Regular Air,Consumer,Furniture,Office Furnishings,Medium Box,"Tenex Traditional Chairmats for Medium Pile Carpet, Standard Lip, 36"" x 48""",0.64,United States,Central,Wisconsin,Greenfield,53220,2015-04-06,2015-04-08,427.00649999999996,10,618.85,89608,1293,False,False,False,Chris,2,2015-04-01,Apr,15,Monday,Q2,606.5,36.39,0.69,False,0.04999999999999993,4-6%,500-2k,2-3 days,4,WI
23693,Not Specified,0.05,14.81,13.32,2334,Stephanie Hawkins,Regular Air,Small Business,Office Supplies,Appliances,Small Box,"Holmes Replacement Filter for HEPA Air Cleaner, Large Room",0.43,United States,Central,Wisconsin,Greenfield,53220,2015-04-09,2015-04-11,-190.49,8,115.99,89609,1294,False,False,False,Chris,2,2015-04-01,Apr,15,Thursday,Q2,118.48,5.924,-1.6422967497198036,True,-2.0722967497198037,4-6%,100-500,2-3 days,5,WI
23694,Not Specified,0.08,2.78,1.25,2334,Stephanie Hawkins,Regular Air,Small Business,Office Supplies,Pens & Art Supplies,Wrap Bag,Newell 318,0.59,United States,Central,Wisconsin,Greenfield,53220,2015-04-09,2015-04-10,-8.77,7,19.46,89609,1295,False,False,False,Chris,1,2015-04-01,Apr,15,Thursday,Q2,19.459999999999997,1.5567999999999997,-0.45066803699897223,True,-1.0406680369989723,7-9%,<100,Same/next day,5,WI
24952,Low,0.06,3.74,0.94,2334,Stephanie Hawkins,Regular Air,Home Office,Office Supplies,Rubber Bands,Wrap Bag,Rubber Band Ball,0.83,United States,Central,Wisconsin,Greenfield,53220,2015-06-02,2015-06-09,-7.685,12,44.75,89610,1296,False,False,False,Chris,7,2015-06-01,Jun,23,Tuesday,Q2,44.88,2.6928,-0.17173184357541899,True,-1.001731843575419,4-6%,<100,4-7 days,4,WI
25241,Critical,0.06,2.08,5.33,2338,Lynn Hines,Regular Air,Home Office,Furniture,Office Furnishings,Small Box,Eldon® Wave Desk Accessories,0.43,United States,East,Maryland,College Park,20740,2015-01-13,2015-01-13,-82.5592,4,9.23,91480,1297,False,False,False,Erin,0,2015-01-01,Jan,3,Tuesday,Q1,8.32,0.4992,-8.94465872156013,True,-9.37465872156013,4-6%,<100,Same/next day,1,MD
26137,High,0.1,6.75,2.99,2338,Lynn Hines,Regular Air,Home Office,Office Supplies,Binders and Binder Accessories,Small Box,Wilson Jones DublLock® D-Ring Binders,0.35,United States,East,Maryland,College Park,20740,2015-03-29,2015-03-29,18.1475,15,96.13,91481,1298,False,False,False,Erin,0,2015-03-01,Mar,13,Sunday,Q1,101.25,10.125,0.18878081764277543,False,-0.16121918235722454,10%+,<100,Same/next day,2,MD
22526,Medium,0.05,11.58,6.97,2339,Gordon Boswell,Regular Air,Home Office,Office Supplies,Envelopes,Small Box,"Peel & Seel® Recycled Catalog Envelopes, Brown",0.35,United States,Central,Texas,Cloverleaf,77015,2015-05-25,2015-05-28,2.8060000000000027,6,73.96,91482,1299,False,False,False,Chris,3,2015-05-01,May,22,Monday,Q2,69.48,3.474,0.03793942671714444,False,-0.3120605732828555,4-6%,<100,2-3 days,3,TX
19052,Medium,0.07,200.98,23.76,2345,Colleen Marsh,Delivery Truck,Corporate,Furniture,Chairs & Chairmats,Jumbo Drum,"Global Leather Highback Executive Chair with Pneumatic Height Adjustment, Black",0.58,United States,South,Kentucky,Paducah,42003,2015-03-14,2015-03-15,-132.42600000000002,9,1805.9,89504,1300,False,False,False,Sam,1,2015-03-01,Mar,11,Saturday,Q1,1808.82,126.6174,-0.07332964172988538,True,-0.6533296417298853,7-9%,500-2k,Same/next day,3,KY
19053,Medium,0.02,179.29,29.21,2345,Colleen Marsh,Delivery Truck,Corporate,Furniture,Tables,Jumbo Box,"Bevis Round Conference Table Top, X-Base",0.76,United States,South,Kentucky,Paducah,42003,2015-03-14,2015-03-14,-411.236,2,311.41,89504,1301,False,False,False,Sam,0,2015-03-01,Mar,11,Saturday,Q1,358.58,7.1716,-1.320561317876754,True,-2.0805613178767537,1-3%,100-500,Same/next day,3,KY
20776,Low,0.03,297.64,14.7,2346,Sylvia Kumar,Delivery Truck,Corporate,Technology,Office Machines,Jumbo Drum,Panasonic KX-P3200 Dot Matrix Printer,0.57,United States,South,Kentucky,Pleasure Ridge Park,40258,2015-01-10,2015-01-15,-48.971999999999994,12,3707.05,89503,1302,False,False,False,Sam,5,2015-01-01,Jan,2,Saturday,Q1,3571.68,107.15039999999999,-0.013210504309356495,True,-0.5832105043093564,1-3%,2k-10k,4-7 days,4,KY
21627,High,0.1,218.75,69.64,2346,Sylvia Kumar,Delivery Truck,Corporate,Furniture,Tables,Jumbo Box,BoxOffice By Design Rectangular and Half-Moon Meeting Room Tables,0.77,United States,South,Kentucky,Pleasure Ridge Park,40258,2015-05-20,2015-05-21,62.297999999999995,17,2805.18,89505,1303,False,False,False,Sam,1,2015-05-01,May,21,Wednesday,Q2,3718.75,371.875,0.022208200543280644,False,-0.7477917994567194,10%+,2k-10k,Same/next day,2,KY
18675,Critical,0.08,6.48,7.49,2351,Faye Silver,Regular Air,Corporate,Office Supplies,Paper,Small Box,Xerox 220,0.37,United States,East,Maryland,Crofton,21114,2015-03-30,2015-04-02,-119.32,13,80.86,86163,1304,False,False,False,Erin,3,2015-03-01,Mar,14,Monday,Q1,84.24000000000001,6.739200000000001,-1.4756369032896364,True,-1.8456369032896363,7-9%,<100,2-3 days,1,MD
20904,Critical,0.06,59.76,9.71,2352,Kerry Beach,Regular Air,Consumer,Office Supplies,Storage & Organization,Small Box,"Advantus 10-Drawer Portable Organizer, Chrome Metal Frame, Smoke Drawers",0.57,United States,East,Maryland,Cumberland,21501,2015-06-20,2015-06-23,756.6747,18,1096.63,86165,1305,False,False,False,Erin,3,2015-06-01,Jun,25,Saturday,Q2,1075.68,64.5408,0.69,False,0.12,4-6%,500-2k,2-3 days,1,MD
20905,Critical,0.07,195.99,4.2,2352,Kerry Beach,Regular Air,Consumer,Technology,Telephones and Communication,Small Box,T65,0.56,United States,East,Maryland,Cumberland,21501,2015-06-20,2015-06-23,-222.343,4,632.12,86165,1306,False,False,False,Erin,3,2015-06-01,Jun,25,Saturday,Q2,783.96,54.87720000000001,-0.35174175789407075,True,-0.9117417578940707,7-9%,500-2k,2-3 days,1,MD
19270,Not Specified,0.09,71.37,69.0,2352,Kerry Beach,Regular Air,Home Office,Furniture,Tables,Large Box,"Lesro Sheffield Collection Coffee Table, End Table, Center Table, Corner Table",0.68,United States,East,Maryland,Cumberland,21501,2015-06-23,2015-06-24,-1537.1356000000003,19,1302.98,86166,1307,False,False,False,Erin,1,2015-06-01,Jun,26,Tuesday,Q2,1356.0300000000002,122.04270000000001,-1.1797077468572044,True,-1.8597077468572043,7-9%,500-2k,Same/next day,5,MD
25338,Critical,0.04,5.98,0.96,2353,Patrick Lowry,Regular Air,Corporate,Office Supplies,Pens & Art Supplies,Wrap Bag,Newell 315,0.6,United States,East,Maryland,Edgewood,21040,2015-04-29,2015-04-30,52.6976,22,131.79,86164,1308,False,False,False,Erin,1,2015-04-01,Apr,18,Wednesday,Q2,131.56,5.2624,0.39986038394415363,False,-0.20013961605584635,4-6%,100-500,Same/next day,1,MD
25339,Critical,0.01,20.99,0.99,2353,Patrick Lowry,Regular Air,Corporate,Technology,Telephones and Communication,Wrap Bag,Accessory25,0.57,United States,East,Maryland,Edgewood,21040,2015-04-29,2015-04-30,-78.19415999999998,2,35.33,86164,1309,False,False,False,Erin,1,2015-04-01,Apr,18,Wednesday,Q2,41.98,0.41979999999999995,-2.2132510614208885,True,-2.7832510614208883,1-3%,<100,Same/next day,1,MD
22649,Not Specified,0.1,78.69,19.99,2355,Clyde Burnett,Regular Air,Consumer,Furniture,Office Furnishings,Small Box,Howard Miller 12-3/4 Diameter Accuwave DS ™ Wall Clock,0.43,United States,West,California,Coachella,92236,2015-02-15,2015-02-16,465.43949999999995,9,674.55,91304,1310,False,False,False,William,1,2015-02-01,Feb,7,Sunday,Q1,708.21,70.82100000000001,0.69,False,0.25999999999999995,10%+,500-2k,Same/next day,5,CA
21511,Medium,0.06,146.34,43.75,2355,Clyde Burnett,Delivery Truck,Consumer,Furniture,Tables,Jumbo Box,Bevis Round Conference Table Top & Single Column Base,0.65,United States,West,California,Coachella,92236,2015-06-16,2015-06-18,-89.27,12,1721.24,91306,1311,False,False,False,William,2,2015-06-01,Jun,25,Tuesday,Q2,1756.08,105.36479999999999,-0.05186377262903488,True,-0.7018637726290349,4-6%,500-2k,2-3 days,3,CA
24526,Medium,0.0,29.34,7.87,2356,Emma Bloom,Regular Air,Consumer,Furniture,Office Furnishings,Small Box,"Seth Thomas 14"" Putty-Colored Wall Clock",0.54,United States,West,Wyoming,Rock Springs,82901,2015-03-15,2015-03-17,385.37,22,668.38,91305,1312,False,False,False,William,2,2015-03-01,Mar,11,Sunday,Q1,645.48,0.0,0.576573206858374,False,0.03657320685837395,0%,500-2k,2-3 days,3,WY
20798,Low,0.1,205.99,8.99,2358,Danielle Baird,Regular Air,Corporate,Technology,Telephones and Communication,Small Box,TimeportP7382,0.56,United States,South,Florida,Fort Lauderdale,33311,2015-03-04,2015-03-08,147.0,2,324.62,88267,1313,False,False,False,Sam,4,2015-03-01,Mar,10,Wednesday,Q1,411.98,41.19800000000001,0.45283716345265235,False,-0.1071628365473477,10%+,100-500,4-7 days,4,FL
18892,Critical,0.05,2.08,2.56,2358,Danielle Baird,Regular Air,Home Office,Office Supplies,"Scissors, Rulers and Trimmers",Small Pack,Kleencut® Forged Office Shears by Acme United Corporation,0.55,United States,South,Florida,Fort Lauderdale,33311,2015-02-14,2015-02-16,-1045.016,19,40.93,88268,1314,False,False,False,Sam,2,2015-02-01,Feb,7,Saturday,Q1,39.52,1.9760000000000002,-25.531785976056685,True,-26.081785976056686,4-6%,<100,2-3 days,1,FL
21772,Critical,0.0,7.28,1.77,2359,Annie Horne,Regular Air,Home Office,Office Supplies,Paper,Wrap Bag,"Post-it® “Important Message” Note Pad, Neon Colors, 50 Sheets/Pad",0.37,United States,South,Florida,Fort Myers,33917,2015-02-05,2015-02-05,167.16000000000003,7,53.42,88265,1315,False,False,False,Sam,0,2015-02-01,Feb,6,Thursday,Q1,50.96,0.0,3.12916510670161,False,2.75916510670161,0%,<100,Same/next day,1,FL
24890,High,0.06,8.33,1.99,2361,Vincent Daniel,Regular Air,Corporate,Technology,Computer Peripherals,Small Pack,"80 Minute Slim Jewel Case CD-R , 10/Pack - Staples",0.52,United States,South,Florida,Fruit Cove,32259,2015-02-25,2015-02-26,-344.82000000000005,1,8.49,88266,1316,False,False,False,Sam,1,2015-02-01,Feb,9,Wednesday,Q1,8.33,0.49979999999999997,-40.6148409893993,True,-41.1348409893993,4-6%,<100,Same/next day,2,FL
19369,High,0.0,5.77,5.92,2363,Jacob Murray,Regular Air,Home Office,Furniture,Office Furnishings,Medium Box,DAX Cubicle Frames - 8x10,0.55,United States,East,Ohio,Medina,44256,2015-04-11,2015-04-13,-61.5276,11,69.89,90040,1317,False,False,False,Erin,2,2015-04-01,Apr,15,Saturday,Q2,63.47,0.0,-0.8803491200457862,True,-1.4303491200457863,0%,<100,2-3 days,2,OH
21582,Low,0.07,5.98,5.79,2369,Mike G Hartman,Regular Air,Consumer,Office Supplies,Paper,Small Box,Xerox 1903,0.36,United States,South,Florida,Pembroke Pines,33024,2015-01-13,2015-01-15,-41.9727,13,77.42,90408,1318,False,False,False,Sam,2,2015-01-01,Jan,3,Tuesday,Q1,77.74000000000001,5.4418000000000015,-0.5421428571428571,True,-0.9021428571428571,7-9%,<100,2-3 days,4,FL
21988,Medium,0.01,1.76,0.7,2372,Marvin Parrott,Regular Air,Corporate,Office Supplies,Pens & Art Supplies,Wrap Bag,Newell 310,0.56,United States,Central,Minnesota,Duluth,55803,2015-03-15,2015-03-16,-1.56,4,7.2,90714,1319,False,False,False,Chris,1,2015-03-01,Mar,11,Sunday,Q1,7.04,0.0704,-0.21666666666666667,True,-0.7766666666666667,1-3%,<100,Same/next day,3,MN
22827,High,0.05,3.28,3.97,2376,Debra Batchelor,Regular Air,Corporate,Office Supplies,Pens & Art Supplies,Wrap Bag,Newell 342,0.56,United States,West,Idaho,Moscow,83843,2015-03-05,2015-03-06,-100.24,18,61.29,91321,1320,False,False,False,William,1,2015-03-01,Mar,10,Thursday,Q1,59.04,2.952,-1.635503344754446,True,-2.195503344754446,4-6%,<100,Same/next day,2,ID
22828,High,0.03,6.98,9.69,2376,Debra Batchelor,Regular Air,Corporate,Office Supplies,Storage & Organization,Small Box,Eldon Shelf Savers™ Cubes and Bins,0.83,United States,West,Idaho,Moscow,83843,2015-03-05,2015-03-07,-262.62,15,109.15,91321,1321,False,False,False,William,2,2015-03-01,Mar,10,Thursday,Q1,104.7,3.141,-2.4060467246907926,True,-3.2360467246907927,1-3%,100-500,2-3 days,2,ID
18151,Low,0.06,122.99,19.99,2379,Mildred Briggs,Regular Air,Small Business,Office Supplies,Binders and Binder Accessories,Small Box,GBC Therma-A-Bind 250T Electric Binding System,0.37,United States,Central,Michigan,Garden City,48135,2015-05-05,2015-05-07,1019.7095999999999,12,1477.84,86655,1322,False,True,False,Chris,2,2015-05-01,May,19,Tuesday,Q2,1475.8799999999999,88.55279999999999,0.69,False,0.31999999999999995,4-6%,500-2k,2-3 days,4,MI
19898,Not Specified,0.07,3.38,0.85,2380,Lisa Branch,Regular Air,Small Business,Office Supplies,Pens & Art Supplies,Wrap Bag,Avery Hi-Liter® Fluorescent Desk Style Markers,0.48,United States,Central,Michigan,Grand Rapids,49505,2015-04-26,2015-04-28,19.04,9,29.08,86654,1323,False,False,False,Chris,2,2015-04-01,Apr,17,Sunday,Q2,30.419999999999998,2.1294,0.6547455295735901,False,0.17474552957359013,7-9%,<100,2-3 days,5,MI
18152,Low,0.08,68.81,60.0,2380,Lisa Branch,Delivery Truck,Small Business,Office Supplies,Appliances,Jumbo Drum,"Holmes Replacement Filter for HEPA Air Cleaner, Very Large Room, HEPA Filter",0.41,United States,Central,Michigan,Grand Rapids,49505,2015-05-05,2015-05-07,-1069.72,17,1162.46,86655,1324,False,True,False,Chris,2,2015-05-01,May,19,Tuesday,Q2,1169.77,93.5816,-0.9202209108270392,True,-1.330220910827039,7-9%,500-2k,2-3 days,4,MI
1898,Not Specified,0.07,3.38,0.85,2382,Geoffrey Saunders,Regular Air,Small Business,Office Supplies,Pens & Art Supplies,Wrap Bag,Avery Hi-Liter® Fluorescent Desk Style Markers,0.48,United States,East,New York,New York City,10024,2015-04-26,2015-04-28,19.04,34,109.86,13606,1325,False,False,False,Erin,2,2015-04-01,Apr,17,Sunday,Q2,114.92,8.044400000000001,0.1733114873475332,False,-0.30668851265246677,7-9%,100-500,2-3 days,5,NY
151,Low,0.06,122.99,19.99,2382,Geoffrey Saunders,Regular Air,Small Business,Office Supplies,Binders and Binder Accessories,Small Box,GBC Therma-A-Bind 250T Electric Binding System,0.37,United States,East,New York,New York City,10024,2015-05-05,2015-05-07,1408.1865,48,5911.35,962,1326,False,False,False,Erin,2,2015-05-01,May,19,Tuesday,Q2,5903.5199999999995,354.21119999999996,0.23821741226623358,False,-0.13178258773376642,4-6%,2k-10k,2-3 days,4,NY
152,Low,0.08,68.81,60.0,2382,Geoffrey Saunders,Delivery Truck,Small Business,Office Supplies,Appliances,Jumbo Drum,"Holmes Replacement Filter for HEPA Air Cleaner, Very Large Room, HEPA Filter",0.41,United States,East,New York,New York City,10024,2015-05-05,2015-05-07,-1069.72,68,4649.85,962,1327,False,False,False,Erin,2,2015-05-01,May,19,Tuesday,Q2,4679.08,374.3264,-0.23005473294837467,True,-0.6400547329483747,7-9%,2k-10k,2-3 days,4,NY
21171,Critical,0.1,130.98,30.0,2385,Janice Frye,Delivery Truck,Small Business,Furniture,Chairs & Chairmats,Jumbo Drum,"Office Star - Contemporary Task Swivel chair with 2-way adjustable arms, Plum",0.78,United States,West,New Mexico,Las Cruces,88001,2015-05-22,2015-05-24,2000.11,18,2259.99,89184,1328,False,False,False,William,2,2015-05-01,May,21,Friday,Q2,2357.64,235.764,0.8850083407448706,False,0.10500834074487053,10%+,2k-10k,2-3 days,1,NM
23557,Not Specified,0.06,4.77,2.39,2391,Jacob McNeill,Regular Air,Corporate,Technology,Computer Peripherals,Small Pack,"Imation Primaris 3.5"" 2HD Unformatted Diskettes, 10/Pack",0.72,United States,East,New York,Oceanside,11572,2015-05-25,2015-05-26,-45.64,9,42.46,91122,1329,False,False,False,Erin,1,2015-05-01,May,22,Monday,Q2,42.92999999999999,2.5757999999999996,-1.0748940178991993,True,-1.7948940178991992,4-6%,<100,Same/next day,5,NY
23558,Not Specified,0.1,27.18,8.23,2391,Jacob McNeill,Regular Air,Corporate,Office Supplies,Envelopes,Small Box,"Tyvek ® Top-Opening Peel & Seel Envelopes, Plain White",0.38,United States,East,New York,Oceanside,11572,2015-05-25,2015-05-27,204.49,12,314.06,91122,1330,False,False,False,Erin,2,2015-05-01,May,22,Monday,Q2,326.15999999999997,32.616,0.6511176208367828,False,0.2711176208367828,10%+,100-500,2-3 days,5,NY
21462,Not Specified,0.0,999.99,13.99,2391,Jacob McNeill,Regular Air,Corporate,Technology,Office Machines,Medium Box,"Polycom Soundstation EX Audio-Conferencing Telephone, Black",0.36,United States,East,New York,Oceanside,11572,2015-06-04,2015-06-06,-1455.9971999999998,1,1009.99,91123,1331,False,False,False,Erin,2,2015-06-01,Jun,23,Thursday,Q2,999.99,0.0,-1.4415956593629637,True,-1.8015956593629636,0%,500-2k,2-3 days,5,NY
21463,Not Specified,0.05,6.48,5.14,2391,Jacob McNeill,Express Air,Corporate,Office Supplies,Paper,Small Box,Xerox 23,0.37,United States,East,New York,Oceanside,11572,2015-06-04,2015-06-05,-22.56,13,92.16,91123,1332,False,False,False,Erin,1,2015-06-01,Jun,23,Thursday,Q2,84.24000000000001,4.212000000000001,-0.24479166666666666,True,-0.6147916666666666,4-6%,<100,Same/next day,5,NY
18277,Medium,0.02,6.48,7.91,2393,Debbie Dillon,Regular Air,Corporate,Office Supplies,Paper,Small Box,Xerox 216,0.37,United States,South,Georgia,Roswell,30076,2015-05-29,2015-05-31,-1191.526,2,16.5,86950,1333,False,False,False,Sam,2,2015-05-01,May,22,Friday,Q2,12.96,0.25920000000000004,-72.21369696969697,True,-72.58369696969697,1-3%,<100,2-3 days,3,GA
18197,High,0.06,105.29,10.12,2393,Debbie Dillon,Regular Air,Corporate,Furniture,Office Furnishings,Large Box,Eldon Antistatic Chair Mats for Low to Medium Pile Carpets,0.79,United States,South,Georgia,Roswell,30076,2015-01-04,2015-01-06,-45.01,12,1202.66,86951,1334,False,False,False,Sam,2,2015-01-01,Jan,1,Sunday,Q1,1263.48,75.8088,-0.03742537375484343,True,-0.8274253737548435,4-6%,500-2k,2-3 days,2,GA
20197,Critical,0.01,11.7,5.63,2394,Tina Monroe,Regular Air,Corporate,Office Supplies,Binders and Binder Accessories,Small Box,Fellowes Binding Cases,0.4,United States,South,Georgia,Sandy Springs,30328,2015-05-01,2015-05-03,39.209999999999994,16,196.69,86949,1335,False,False,False,Sam,2,2015-05-01,May,18,Friday,Q2,187.2,1.8719999999999999,0.19934922975240224,False,-0.20065077024759778,1-3%,100-500,2-3 days,1,GA
20198,Critical,0.03,4.55,1.49,2394,Tina Monroe,Regular Air,Corporate,Office Supplies,Binders and Binder Accessories,Small Box,Presstex Flexible Ring Binders,0.35,United States,South,Georgia,Sandy Springs,30328,2015-05-01,2015-05-01,100.38000000000001,9,40.28,86949,1336,False,False,False,Sam,0,2015-05-01,May,18,Friday,Q2,40.949999999999996,1.2285,2.492055610724926,False,2.142055610724926,1-3%,<100,Same/next day,1,GA
24954,Not Specified,0.04,60.97,4.5,2395,Beverly Roberts,Regular Air,Corporate,Office Supplies,Appliances,Small Box,Tripp Lite Isotel 6 Outlet Surge Protector with Fax/Modem Protection,0.56,United States,South,Georgia,Savannah,31401,2015-03-23,2015-03-24,79.42320000000001,15,904.31,86952,1337,False,False,False,Sam,1,2015-03-01,Mar,13,Monday,Q1,914.55,36.582,0.0878274043193153,False,-0.47217259568068476,4-6%,500-2k,Same/next day,5,GA
22369,Not Specified,0.03,7.64,5.83,2398,Julian F Wolfe,Regular Air,Corporate,Office Supplies,Paper,Wrap Bag,"Rediform Wirebound ""Phone Memo"" Message Book, 11 x 5-3/4",0.36,United States,Central,Illinois,Hanover Park,60103,2015-02-24,2015-02-26,-15.0904,12,96.86,86373,1338,False,False,False,Chris,2,2015-02-01,Feb,9,Tuesday,Q1,91.67999999999999,2.7503999999999995,-0.15579599421845963,True,-0.5157959942184596,1-3%,<100,2-3 days,5,IL
19001,Medium,0.0,65.99,3.99,2417,Ken H Frazier,Regular Air,Consumer,Technology,Telephones and Communication,Small Box,StarTAC 7760,0.59,United States,South,Virginia,Oakton,22124,2015-03-14,2015-03-15,-60.56399999999999,13,765.65,86754,1339,False,False,False,Sam,1,2015-03-01,Mar,11,Saturday,Q1,857.8699999999999,0.0,-0.0791014170965846,True,-0.6691014170965845,0%,500-2k,Same/next day,3,VA
20325,Critical,0.03,2.1,0.7,2418,Kyle Fink,Regular Air,Consumer,Office Supplies,Pens & Art Supplies,Wrap Bag,"Sanford EarthWrite® Recycled Pencils, Medium Soft, #2",0.57,United States,South,Virginia,Petersburg,23805,2015-01-06,2015-01-07,-1473.906,4,8.72,86750,1340,False,False,False,Sam,1,2015-01-01,Jan,2,Tuesday,Q1,8.4,0.252,-169.02591743119265,True,-169.59591743119265,1-3%,<100,Same/next day,1,VA
21724,High,0.1,599.99,24.49,2418,Kyle Fink,Regular Air,Consumer,Technology,Copiers and Fax,Large Box,Canon PC1080F Personal Copier,0.5,United States,South,Virginia,Petersburg,23805,2015-01-10,2015-01-11,-343.126,11,6355.69,86753,1341,False,False,False,Sam,1,2015-01-01,Jan,2,Saturday,Q1,6599.89,659.989,-0.053987214606124594,True,-0.5539872146061245,10%+,2k-10k,Same/next day,2,VA
21725,High,0.06,2.78,1.25,2418,Kyle Fink,Regular Air,Consumer,Office Supplies,Pens & Art Supplies,Wrap Bag,Newell 318,0.59,United States,South,Virginia,Petersburg,23805,2015-01-10,2015-01-12,66.35999999999999,10,28.09,86753,1342,False,False,False,Sam,2,2015-01-01,Jan,2,Saturday,Q1,27.799999999999997,1.6679999999999997,2.362406550373798,False,1.7724065503737982,4-6%,<100,2-3 days,2,VA
22376,Not Specified,0.07,225.04,11.79,2419,Sandra Faulkner,Regular Air,Consumer,Office Supplies,Appliances,Medium Box,Holmes Harmony HEPA Air Purifier for 17 x 20 Room,0.42,United States,South,Virginia,Portsmouth,23701,2015-03-26,2015-03-26,-162.918,5,1130.15,86751,1343,False,False,False,Sam,0,2015-03-01,Mar,13,Thursday,Q1,1125.2,78.76400000000001,-0.14415608547537936,True,-0.5641560854753793,7-9%,500-2k,Same/next day,5,VA
22377,Not Specified,0.03,7.84,4.71,2419,Sandra Faulkner,Regular Air,Consumer,Office Supplies,Binders and Binder Accessories,Small Box,XtraLife® ClearVue™ Slant-D® Ring Binders by Cardinal,0.35,United States,South,Virginia,Portsmouth,23701,2015-03-26,2015-03-29,859.7177999999999,7,54.37,86751,1344,False,False,False,Sam,3,2015-03-01,Mar,13,Thursday,Q1,54.879999999999995,1.6463999999999999,15.812356078719882,False,15.462356078719882,1-3%,<100,2-3 days,5,VA
25271,High,0.04,9.11,2.15,2420,Wesley Cho,Regular Air,Consumer,Office Supplies,Paper,Wrap Bag,"Black Print Carbonless Snap-Off® Rapid Letter, 8 1/2"" x 7""",0.4,United States,South,Virginia,Richmond,23223,2015-05-06,2015-05-06,-23.072000000000003,11,100.87,86752,1345,False,False,False,Sam,0,2015-05-01,May,19,Wednesday,Q2,100.21,4.0084,-0.22873004857737683,True,-0.6287300485773768,4-6%,100-500,Same/next day,2,VA
18802,Not Specified,0.05,150.98,43.71,2422,Arlene Wiggins Dalton,Delivery Truck,Home Office,Furniture,Chairs & Chairmats,Jumbo Drum,"Global Airflow Leather Mesh Back Chair, Black",0.55,United States,Central,Texas,Huntsville,77340,2015-05-24,2015-05-25,650.3,12,1857.08,89053,1346,False,False,False,Chris,1,2015-05-01,May,21,Sunday,Q2,1811.7599999999998,90.588,0.3501733904839856,False,-0.19982660951601444,4-6%,500-2k,Same/next day,5,TX
19817,Medium,0.09,3.89,7.01,2422,Arlene Wiggins Dalton,Express Air,Home Office,Office Supplies,Binders and Binder Accessories,Small Box,Avery Binder Labels,0.37,United States,Central,Texas,Huntsville,77340,2015-01-22,2015-01-24,-154.30700000000002,10,42.56,89055,1347,False,False,False,Chris,2,2015-01-01,Jan,4,Thursday,Q1,38.9,3.501,-3.6256343984962407,True,-3.995634398496241,7-9%,<100,2-3 days,3,TX
25126,Low,0.04,100.98,7.18,2423,Nicholas Wallace,Regular Air,Home Office,Technology,Computer Peripherals,Small Box,Logitech Cordless Elite Duo,0.4,United States,Central,Texas,Hurst,76053,2015-01-21,2015-01-26,269.94,4,414.91,89054,1348,False,False,False,Chris,5,2015-01-01,Jan,4,Wednesday,Q1,403.92,16.1568,0.650598925068087,False,0.250598925068087,4-6%,100-500,4-7 days,4,TX
21761,High,0.08,30.93,3.92,2426,Dorothy Holt,Regular Air,Small Business,Furniture,Office Furnishings,Small Pack,"Advantus Employee of the Month Certificate Frame, 11 x 13-1/2",0.44,United States,Central,Texas,Irving,75061,2015-03-15,2015-03-16,63.059099999999994,3,91.39,90859,1349,False,False,False,Chris,1,2015-03-01,Mar,11,Sunday,Q1,92.78999999999999,7.4232,0.69,False,0.24999999999999994,7-9%,<100,Same/next day,2,TX
20496,Low,0.08,4.48,49.0,2426,Dorothy Holt,Regular Air,Small Business,Office Supplies,Appliances,Large Box,Hoover Portapower™ Portable Vacuum,0.6,United States,Central,Texas,Irving,75061,2015-05-02,2015-05-02,139.5801,37,202.29,90861,1350,False,False,False,Chris,0,2015-05-01,May,18,Saturday,Q2,165.76000000000002,13.260800000000001,0.69,False,0.08999999999999997,7-9%,100-500,Same/next day,4,TX
20497,Low,0.0,17.67,8.99,2426,Dorothy Holt,Regular Air,Small Business,Furniture,Office Furnishings,Small Pack,"Executive Impressions 12"" Wall Clock",0.47,United States,Central,Texas,Irving,75061,2015-05-02,2015-05-09,109.67000000000002,9,168.71,90861,1351,False,False,False,Chris,7,2015-05-01,May,18,Saturday,Q2,159.03000000000003,0.0,0.6500503823128446,False,0.18005038231284465,0%,100-500,4-7 days,4,TX
23729,High,0.03,40.99,19.99,2427,John Merritt,Regular Air,Corporate,Office Supplies,Paper,Small Box,"White Dual Perf Computer Printout Paper, 2700 Sheets, 1 Part, Heavyweight, 20 lbs., 14 7/8 x 11",0.36,United States,Central,Texas,Keller,76248,2015-02-17,2015-02-18,395.308,21,885.65,90860,1352,False,False,False,Chris,1,2015-02-01,Feb,8,Tuesday,Q1,860.7900000000001,25.823700000000002,0.4463478800880709,False,0.08634788008807093,1-3%,500-2k,Same/next day,2,TX
22562,Not Specified,0.1,14.28,2.99,2430,Kimberly Reilly,Regular Air,Home Office,Office Supplies,Binders and Binder Accessories,Small Box,Avery Premier Heavy-Duty Binder with Round Locking Rings,0.39,United States,Central,Texas,Killeen,76541,2015-03-24,2015-03-25,104.9145,11,152.05,91108,1353,False,False,False,Chris,1,2015-03-01,Mar,13,Tuesday,Q1,157.07999999999998,15.707999999999998,0.69,False,0.29999999999999993,10%+,100-500,Same/next day,5,TX
22105,Not Specified,0.04,7.08,2.35,2430,Kimberly Reilly,Regular Air,Home Office,Office Supplies,Pens & Art Supplies,Wrap Bag,SANFORD Major Accent™ Highlighters,0.47,United States,Central,Texas,Killeen,76541,2015-04-10,2015-04-11,24.59,7,49.1,91109,1354,False,False,False,Chris,1,2015-04-01,Apr,15,Friday,Q2,49.56,1.9824000000000002,0.5008146639511202,False,0.030814663951120203,4-6%,<100,Same/next day,5,TX
20731,Low,0.03,140.99,4.2,2430,Kimberly Reilly,Regular Air,Home Office,Technology,Telephones and Communication,Small Box,7160,0.59,United States,Central,Texas,Killeen,76541,2015-03-29,2015-04-06,-458.744,2,246.44,91110,1355,False,False,False,Chris,8,2015-03-01,Mar,13,Sunday,Q1,281.98,8.4594,-1.8614835254017206,True,-2.4514835254017204,1-3%,100-500,8+ days,4,TX
3490,Not Specified,0.05,8.85,5.6,2431,Troy Cassidy,Regular Air,Consumer,Office Supplies,Binders and Binder Accessories,Small Box,GBC Standard Plastic Binding Systems Combs,0.36,United States,West,California,Los Angeles,90004,2015-06-10,2015-06-11,-9.177,21,199.08,24869,1356,False,False,False,William,1,2015-06-01,Jun,24,Wednesday,Q2,185.85,9.2925,-0.0460970464135021,True,-0.4060970464135021,4-6%,100-500,Same/next day,5,CA
819,High,0.07,155.06,7.07,2431,Troy Cassidy,Regular Air,Consumer,Office Supplies,Storage & Organization,Small Box,"Dual Level, Single-Width Filing Carts",0.59,United States,West,California,Los Angeles,90004,2015-05-19,2015-05-19,-121.75,14,2039.07,5920,1357,False,False,False,William,0,2015-05-01,May,21,Tuesday,Q2,2170.84,151.95880000000002,-0.05970859264272438,True,-0.6497085926427244,7-9%,2k-10k,Same/next day,2,CA
18819,High,0.07,155.06,7.07,2432,Lindsay Tate,Regular Air,Consumer,Office Supplies,Storage & Organization,Small Box,"Dual Level, Single-Width Filing Carts",0.59,United States,Central,Oklahoma,Midwest City,73110,2015-05-19,2015-05-19,24.350000000000023,3,436.94,89096,1358,False,False,False,Chris,0,2015-05-01,May,21,Tuesday,Q2,465.18,32.5626,0.055728475305533993,False,-0.5342715246944659,7-9%,100-500,Same/next day,2,OK
20286,Not Specified,0.09,5.4,7.78,2432,Lindsay Tate,Express Air,Consumer,Office Supplies,Binders and Binder Accessories,Small Box,3M Organizer Strips,0.37,United States,Central,Oklahoma,Midwest City,73110,2015-06-06,2015-06-08,-34.7645,6,37.38,89097,1359,False,False,False,Chris,2,2015-06-01,Jun,23,Saturday,Q2,32.400000000000006,2.9160000000000004,-0.9300294275013375,True,-1.3000294275013375,7-9%,<100,2-3 days,5,OK
21490,Not Specified,0.05,8.85,5.6,2433,Debra P May,Regular Air,Consumer,Office Supplies,Binders and Binder Accessories,Small Box,GBC Standard Plastic Binding Systems Combs,0.36,United States,Central,Oklahoma,Moore,73160,2015-06-10,2015-06-11,-7.3416,5,47.4,89095,1360,False,False,False,Chris,1,2015-06-01,Jun,24,Wednesday,Q2,44.25,2.2125,-0.1548860759493671,True,-0.5148860759493671,4-6%,<100,Same/next day,5,OK
19566,Low,0.09,90.97,14.0,2437,Judith Shepherd,Delivery Truck,Home Office,Technology,Office Machines,Jumbo Drum,Lexmark Z54se Color Inkjet Printer,0.36,United States,Central,Wisconsin,Muskego,53150,2015-03-01,2015-03-03,35.29000000000005,3,260.0,90301,1361,False,False,False,Chris,2,2015-03-01,Mar,9,Sunday,Q1,272.90999999999997,24.561899999999998,0.13573076923076943,False,-0.22426923076923055,7-9%,100-500,2-3 days,4,WI
20157,Medium,0.02,63.94,14.48,2441,Kenneth Capps,Regular Air,Consumer,Furniture,Office Furnishings,Small Box,"Howard Miller 16"" Diameter Gallery Wall Clock",0.46,United States,South,Florida,Melbourne,32935,2015-04-04,2015-04-04,-100.17,11,709.7,89300,1362,False,True,False,Sam,0,2015-04-01,Apr,14,Saturday,Q2,703.3399999999999,14.066799999999999,-0.14114414541355502,True,-0.6011441454135551,1-3%,500-2k,Same/next day,3,FL
20158,Medium,0.01,5.02,5.14,2442,Natalie Aldridge,Regular Air,Consumer,Technology,Computer Peripherals,Small Pack,"Imation 3.5, DISKETTE 44766 HGHLD3.52HD/FM, 10/Pack",0.79,United States,South,Florida,Merritt Island,32953,2015-04-04,2015-04-06,-3.9479999999999995,5,27.42,89300,1363,False,True,False,Sam,2,2015-04-01,Apr,14,Saturday,Q2,25.099999999999998,0.251,-0.14398249452954046,True,-0.9339824945295405,1-3%,<100,2-3 days,3,FL
21084,High,0.05,58.1,1.49,2443,Danny Richmond,Regular Air,Corporate,Office Supplies,Binders and Binder Accessories,Small Box,Avery Arch Ring Binders,0.38,United States,South,Florida,Miami,33142,2015-01-18,2015-01-18,1633.9859999999999,13,739.06,89299,1364,False,False,False,Sam,0,2015-01-01,Jan,3,Sunday,Q1,755.3000000000001,37.76500000000001,2.2108976267150164,False,1.8308976267150165,4-6%,500-2k,Same/next day,2,FL
25304,Not Specified,0.06,2.28,5.2,2443,Danny Richmond,Regular Air,Corporate,Office Supplies,Pens & Art Supplies,Wrap Bag,"Binney & Smith inkTank™ Erasable Pocket Highlighter, Chisel Tip, Yellow",0.41,United States,South,Florida,Miami,33142,2015-06-01,2015-06-03,-2002.6314000000002,13,30.47,89301,1365,False,False,False,Sam,2,2015-06-01,Jun,23,Monday,Q2,29.639999999999997,1.7783999999999998,-65.72469314079423,True,-66.13469314079423,4-6%,<100,2-3 days,5,FL
25742,High,0.09,6.48,7.03,2448,Melanie Morrow,Regular Air,Consumer,Office Supplies,Paper,Small Box,Xerox 214,0.37,United States,Central,Minnesota,Edina,55410,2015-06-29,2015-07-01,-126.208,16,96.96,87790,1366,False,False,False,Chris,2,2015-06-01,Jun,27,Monday,Q2,103.68,9.3312,-1.3016501650165018,True,-1.6716501650165019,7-9%,<100,2-3 days,2,MN
20687,Not Specified,0.08,4.13,1.17,2450,Tonya Miller,Regular Air,Home Office,Office Supplies,Pens & Art Supplies,Wrap Bag,Newell 31,0.57,United States,Central,Wisconsin,Janesville,53545,2015-05-23,2015-05-25,-5.54,1,4.21,90322,1367,False,False,False,Chris,2,2015-05-01,May,21,Saturday,Q2,4.13,0.33039999999999997,-1.3159144893111638,True,-1.8859144893111637,7-9%,<100,2-3 days,5,WI
21198,Medium,0.06,3499.99,24.49,2454,Donna Braun,Express Air,Corporate,Technology,Copiers and Fax,Large Box,Canon imageCLASS 2200 Advanced Copier,0.37,United States,South,Alabama,Hoover,35244,2015-03-01,2015-03-04,-68.432,1,3550.28,89219,1368,False,False,False,Sam,3,2015-03-01,Mar,9,Sunday,Q1,3499.99,209.99939999999998,-0.019275099428777448,True,-0.38927509942877747,4-6%,2k-10k,2-3 days,3,AL
25536,High,0.07,179.99,19.99,2456,Joan Beach,Regular Air,Home Office,Technology,Computer Peripherals,Small Box,Motorola SB4200 Cable Modem,0.48,United States,South,Alabama,Mobile,36608,2015-01-22,2015-01-23,733.2822000000001,7,1188.63,89218,1369,False,True,False,Sam,1,2015-01-01,Jan,4,Thursday,Q1,1259.93,88.19510000000001,0.6169137578556826,False,0.1369137578556826,7-9%,500-2k,Same/next day,2,AL
25537,High,0.02,92.23,39.61,2456,Joan Beach,Express Air,Home Office,Furniture,Office Furnishings,Medium Box,"Deflect-o RollaMat Studded, Beveled Mat for Medium Pile Carpeting",0.67,United States,South,Alabama,Mobile,36608,2015-01-22,2015-01-23,-905.9903999999999,11,1009.93,89218,1370,False,True,False,Sam,1,2015-01-01,Jan,4,Thursday,Q1,1014.5300000000001,20.2906,-0.8970823720455873,True,-1.5670823720455873,1-3%,500-2k,Same/next day,2,AL
25535,High,0.02,15.22,9.73,2457,Yvonne Collier,Regular Air,Home Office,Office Supplies,Binders and Binder Accessories,Small Box,"GBC Twin Loop™ Wire Binding Elements, 9/16"" Spine, Black",0.36,United States,Central,Minnesota,Lino Lakes,55014,2015-01-22,2015-01-22,-21.63242,9,140.7,89218,1371,False,True,False,Chris,0,2015-01-01,Jan,4,Thursday,Q1,136.98000000000002,2.7396000000000003,-0.15374854299928928,True,-0.5137485429992893,1-3%,100-500,Same/next day,2,MN
22321,High,0.03,6.48,8.73,2458,Troy Casey,Regular Air,Home Office,Office Supplies,Paper,Small Box,Xerox 227,0.37,United States,Central,Minnesota,Edina,55410,2015-01-03,2015-01-05,-35.04,2,15.95,91285,1372,False,False,False,Chris,2,2015-01-01,Jan,1,Saturday,Q1,12.96,0.38880000000000003,-2.1968652037617553,True,-2.5668652037617554,1-3%,<100,2-3 days,2,MN
21190,Medium,0.05,12.88,4.59,2458,Troy Casey,Regular Air,Home Office,Office Supplies,"Scissors, Rulers and Trimmers",Wrap Bag,Martin-Yale Premier Letter Opener,0.82,United States,Central,Minnesota,Edina,55410,2015-05-23,2015-05-25,5.980000000000004,3,42.35,91286,1373,False,False,False,Chris,2,2015-05-01,May,21,Saturday,Q2,38.64,1.9320000000000002,0.14120425029515948,False,-0.6787957497048405,4-6%,<100,2-3 days,3,MN
4321,High,0.03,6.48,8.73,2460,Lucille Gibbons,Regular Air,Home Office,Office Supplies,Paper,Small Box,Xerox 227,0.37,United States,East,New York,New York City,10035,2015-01-03,2015-01-05,-35.04,8,63.78,30785,1374,False,False,False,Erin,2,2015-01-01,Jan,1,Saturday,Q1,51.84,1.5552000000000001,-0.5493885230479774,True,-0.9193885230479774,1-3%,<100,2-3 days,2,NY
4322,High,0.07,9.93,1.09,2460,Lucille Gibbons,Regular Air,Home Office,Office Supplies,Pens & Art Supplies,Wrap Bag,Peel-Off® China Markers,0.43,United States,East,New York,New York City,10035,2015-01-03,2015-01-06,149.53,46,451.61,30785,1375,False,False,False,Erin,3,2015-01-01,Jan,1,Saturday,Q1,456.78,31.974600000000002,0.33110427138460174,False,-0.09889572861539825,7-9%,100-500,2-3 days,2,NY
25859,High,0.09,1.74,4.08,2464,Joe George,Express Air,Consumer,Furniture,Office Furnishings,Small Pack,"Eldon Regeneration Recycled Desk Accessories, Smoke",0.53,United States,South,Louisiana,Bossier City,71111,2015-05-11,2015-05-13,608.262,4,10.41,88713,1376,False,False,False,Sam,2,2015-05-01,May,20,Monday,Q2,6.96,0.6264,58.43054755043227,False,57.90054755043227,7-9%,<100,2-3 days,2,LA
25860,High,0.08,227.55,32.48,2464,Joe George,Delivery Truck,Consumer,Furniture,Tables,Jumbo Box,Hon Rectangular Conference Tables,0.68,United States,South,Louisiana,Bossier City,71111,2015-05-11,2015-05-11,-570.1696000000001,16,2849.64,88713,1377,False,False,False,Sam,0,2015-05-01,May,20,Monday,Q2,3640.8,291.264,-0.2000847826392106,True,-0.8800847826392106,7-9%,2k-10k,Same/next day,2,LA
25807,Not Specified,0.05,6.28,5.36,2464,Joe George,Regular Air,Consumer,Office Supplies,Binders and Binder Accessories,Small Box,GBC Standard Plastic Binding Systems' Combs,0.4,United States,South,Louisiana,Bossier City,71111,2015-01-20,2015-01-23,1.278,6,38.04,88714,1378,False,False,False,Sam,3,2015-01-01,Jan,4,Tuesday,Q1,37.68,1.8840000000000001,0.033596214511041014,False,-0.366403785488959,4-6%,<100,2-3 days,5,LA
25808,Not Specified,0.04,3.08,0.99,2464,Joe George,Regular Air,Consumer,Office Supplies,Labels,Small Box,Avery 481,0.37,United States,South,Louisiana,Bossier City,71111,2015-01-20,2015-01-21,424.28999999999996,14,42.53,88714,1379,False,False,False,Sam,1,2015-01-01,Jan,4,Tuesday,Q1,43.120000000000005,1.7248,9.976252057371266,False,9.606252057371266,4-6%,<100,Same/next day,5,LA
22580,Medium,0.04,2.08,1.49,2466,Gilbert Godfrey,Regular Air,Corporate,Office Supplies,Binders and Binder Accessories,Small Box,Economy Binders,0.36,United States,Central,Michigan,Sault Sainte Marie,49783,2015-02-27,2015-02-28,-3.71956,7,14.77,88136,1380,False,False,False,Chris,1,2015-02-01,Feb,9,Friday,Q1,14.56,0.5824,-0.2518320920785376,True,-0.6118320920785376,4-6%,<100,Same/next day,3,MI
22582,Medium,0.02,53.98,5.5,2466,Gilbert Godfrey,Express Air,Corporate,Technology,Computer Peripherals,Small Box,Nu-Form 106-Key Ergonomic Keyboard w/ Touchpad,0.62,United States,Central,Michigan,Sault Sainte Marie,49783,2015-02-27,2015-02-28,101.97200000000001,8,438.33,88136,1381,False,False,False,Chris,1,2015-02-01,Feb,9,Friday,Q1,431.84,8.6368,0.23263751055141108,False,-0.3873624894485889,1-3%,100-500,Same/next day,3,MI
22583,Medium,0.05,4.98,5.02,2466,Gilbert Godfrey,Regular Air,Corporate,Office Supplies,Paper,Small Box,Xerox 1989,0.38,United States,Central,Michigan,Sault Sainte Marie,49783,2015-02-27,2015-02-27,-16.6348,7,38.11,88136,1382,False,False,False,Chris,0,2015-02-01,Feb,9,Friday,Q1,34.86,1.743,-0.43649435843610596,True,-0.816494358436106,4-6%,<100,Same/next day,3,MI
19766,Critical,0.09,58.1,1.49,2468,Rhonda Stein,Express Air,Home Office,Office Supplies,Binders and Binder Accessories,Small Box,Avery Arch Ring Binders,0.38,United States,South,North Carolina,Salisbury,28144,2015-04-27,2015-04-29,765.75,3,169.46,88135,1383,False,False,False,Sam,2,2015-04-01,Apr,18,Monday,Q2,174.3,15.687000000000001,4.5187654903812104,False,4.1387654903812106,7-9%,100-500,2-3 days,1,NC
18684,Critical,0.04,65.99,8.99,2468,Rhonda Stein,Regular Air,Corporate,Technology,Telephones and Communication,Small Box,i270,0.55,United States,South,North Carolina,Salisbury,28144,2015-03-13,2015-03-14,-335.041,13,724.57,88137,1384,False,False,False,Sam,1,2015-03-01,Mar,11,Friday,Q1,857.8699999999999,34.3148,-0.4623997681383441,True,-1.012399768138344,4-6%,500-2k,Same/next day,1,NC
26057,Low,0.1,4.91,0.5,2472,Ricky Sanders,Express Air,Home Office,Office Supplies,Labels,Small Box,Avery 493,0.36,United States,Central,Illinois,Joliet,60432,2015-02-21,2015-02-21,35.2797,10,51.13,86514,1385,False,False,False,Chris,0,2015-02-01,Feb,8,Saturday,Q1,49.1,4.91,0.69,False,0.32999999999999996,10%+,<100,Same/next day,4,IL
24584,Critical,0.07,5.18,5.74,2481,Kelly Sawyer,Express Air,Corporate,Office Supplies,Binders and Binder Accessories,Small Box,Wilson Jones Impact Binders,0.36,United States,South,Louisiana,Lafayette,70506,2015-04-06,2015-04-08,-188.034,14,79.61,91000,1386,False,False,False,Sam,2,2015-04-01,Apr,15,Monday,Q2,72.52,5.0764000000000005,-2.3619394548423562,True,-2.721939454842356,7-9%,<100,2-3 days,1,LA
24568,Medium,0.05,6.48,7.91,2484,Rhonda Bryant,Regular Air,Corporate,Office Supplies,Paper,Small Box,Xerox 216,0.37,United States,South,Florida,Winter Haven,33881,2015-03-13,2015-03-14,322.12199999999996,16,109.99,88998,1387,False,False,False,Sam,1,2015-03-01,Mar,11,Friday,Q1,103.68,5.184000000000001,2.9286480589144466,False,2.5586480589144465,4-6%,100-500,Same/next day,3,FL
24569,Medium,0.03,111.03,8.64,2484,Rhonda Bryant,Regular Air,Corporate,Office Supplies,Storage & Organization,Small Box,Fellowes Recycled Storage Drawers,0.78,United States,South,Florida,Winter Haven,33881,2015-03-13,2015-03-14,366.53999999999996,8,900.12,88998,1388,False,False,False,Sam,1,2015-03-01,Mar,11,Friday,Q1,888.24,26.647199999999998,0.40721237168377544,False,-0.3727876283162246,1-3%,500-2k,Same/next day,3,FL
22028,High,0.02,71.37,69.0,2486,Jack Horn,Regular Air,Small Business,Furniture,Tables,Large Box,"Lesro Sheffield Collection Coffee Table, End Table, Center Table, Corner Table",0.68,United States,South,Georgia,Statesboro,30458,2015-02-06,2015-02-07,-439.908,4,237.62,91414,1389,False,False,False,Sam,1,2015-02-01,Feb,6,Friday,Q1,285.48,5.709600000000001,-1.8513088123895296,True,-2.5313088123895295,1-3%,100-500,Same/next day,2,GA
22029,High,0.03,205.99,8.99,2486,Jack Horn,Express Air,Small Business,Technology,Telephones and Communication,Small Box,StarTAC 8000,0.6,United States,South,Georgia,Statesboro,30458,2015-02-06,2015-02-08,1087.716,1,176.42,91414,1390,False,False,False,Sam,2,2015-02-01,Feb,6,Friday,Q1,205.99,6.1797,6.165491440879719,False,5.565491440879719,1-3%,100-500,2-3 days,2,GA
23495,Low,0.0,180.98,30.0,2486,Jack Horn,Delivery Truck,Small Business,Furniture,Chairs & Chairmats,Jumbo Drum,Office Star - Ergonomic Mid Back Chair with 2-Way Adjustable Arms,0.69,United States,South,Georgia,Statesboro,30458,2015-02-03,2015-02-05,9.204,11,2084.16,91416,1391,False,False,False,Sam,2,2015-02-01,Feb,6,Tuesday,Q1,1990.78,0.0,0.004416167664670659,False,-0.6855838323353293,0%,2k-10k,2-3 days,4,GA
23983,Not Specified,0.04,3.08,0.99,2487,Michelle Bryant Phillips,Regular Air,Small Business,Office Supplies,Labels,Small Box,Avery 481,0.37,United States,South,Georgia,Tucker,30084,2015-06-20,2015-06-21,257.0832,14,43.41,91415,1392,False,False,False,Sam,1,2015-06-01,Jun,25,Saturday,Q2,43.120000000000005,1.7248,5.922211472011058,False,5.552211472011058,4-6%,<100,Same/next day,5,GA
23984,Not Specified,0.1,2.78,1.25,2487,Michelle Bryant Phillips,Regular Air,Small Business,Office Supplies,Pens & Art Supplies,Wrap Bag,Newell 318,0.59,United States,South,Georgia,Tucker,30084,2015-06-20,2015-06-21,0.7854000000000001,18,46.42,91415,1393,False,False,False,Sam,1,2015-06-01,Jun,25,Saturday,Q2,50.04,5.0040000000000004,0.016919431279620853,False,-0.5730805687203792,10%+,<100,Same/next day,5,GA
24476,Not Specified,0.02,136.98,24.49,2487,Michelle Bryant Phillips,Express Air,Small Business,Furniture,Office Furnishings,Large Box,"3M Polarizing Task Lamp with Clamp Arm, Light Gray",0.59,United States,South,Georgia,Tucker,30084,2015-06-02,2015-06-03,88.56,8,1140.95,91417,1394,False,False,False,Sam,1,2015-06-01,Jun,23,Tuesday,Q2,1095.84,21.9168,0.07761952758666024,False,-0.5123804724133397,1-3%,500-2k,Same/next day,5,GA
20065,High,0.08,4.91,0.5,2488,Gordon Walker,Regular Air,Consumer,Office Supplies,Labels,Small Box,Avery 493,0.36,United States,South,Arkansas,Cabot,72023,2015-04-09,2015-04-09,12.726,9,42.69,86887,1395,False,False,False,Sam,0,2015-04-01,Apr,15,Thursday,Q2,44.19,3.5351999999999997,0.2981026001405482,False,-0.06189739985945181,7-9%,<100,Same/next day,2,AR
20066,High,0.02,28.15,6.17,2488,Gordon Walker,Regular Air,Consumer,Office Supplies,Pens & Art Supplies,Small Pack,"Boston Model 1800 Electric Pencil Sharpener, Gray",0.55,United States,South,Arkansas,Cabot,72023,2015-04-09,2015-04-10,160.8066,11,327.41,86887,1396,False,False,False,Sam,1,2015-04-01,Apr,15,Thursday,Q2,309.65,6.193,0.49114749091353344,False,-0.05885250908646661,1-3%,100-500,Same/next day,2,AR
20602,High,0.01,2036.48,14.7,2489,Craig Liu,Delivery Truck,Consumer,Technology,Office Machines,Jumbo Drum,Lexmark 4227 Plus Dot Matrix Printer,0.55,United States,West,California,Concord,94521,2015-02-11,2015-02-13,-1596.7458,2,3786.84,86883,1397,False,False,False,William,2,2015-02-01,Feb,7,Wednesday,Q1,4072.96,40.7296,-0.42165652628576855,True,-0.9716565262857686,1-3%,2k-10k,2-3 days,2,CA
21212,Medium,0.04,419.19,19.99,2489,Craig Liu,Regular Air,Home Office,Office Supplies,Storage & Organization,Small Box,Smead Adjustable Mobile File Trolley with Lockable Top,0.58,United States,West,California,Concord,94521,2015-04-26,2015-04-27,1388.3558999999998,5,2012.11,86885,1398,False,True,False,William,1,2015-04-01,Apr,17,Sunday,Q2,2095.95,83.838,0.69,False,0.10999999999999999,4-6%,2k-10k,Same/next day,3,CA
21338,Not Specified,0.07,65.99,8.8,2489,Craig Liu,Regular Air,Home Office,Technology,Telephones and Communication,Small Box,6120,0.58,United States,West,California,Concord,94521,2015-01-12,2015-01-12,109.83600000000001,9,471.66,86886,1399,False,True,False,William,0,2015-01-01,Jan,3,Monday,Q1,593.91,41.5737,0.23287113598778783,False,-0.3471288640122121,7-9%,100-500,Same/next day,5,CA
24856,Critical,0.09,348.21,40.19,2490,Pauline Finch,Delivery Truck,Home Office,Furniture,Tables,Jumbo Box,Bretford CR4500 Series Slim Rectangular Table,0.62,United States,West,California,Costa Mesa,92627,2015-02-14,2015-02-16,-93.84999999999991,2,662.8,86884,1400,False,False,False,William,2,2015-02-01,Feb,7,Saturday,Q1,696.42,62.67779999999999,-0.14159625829812902,True,-0.761596258298129,7-9%,500-2k,2-3 days,1,CA
21339,Not Specified,0.0,10.01,1.99,2490,Pauline Finch,Express Air,Home Office,Technology,Computer Peripherals,Small Pack,TDK 4.7GB DVD-R,0.41,United States,West,California,Costa Mesa,92627,2015-01-12,2015-01-14,82.70339999999999,11,119.86,86886,1401,False,True,False,William,2,2015-01-01,Jan,3,Monday,Q1,110.11,0.0,0.69,False,0.27999999999999997,0%,100-500,2-3 days,5,CA
6856,Critical,0.09,348.21,40.19,2491,Sean N Boyer,Delivery Truck,Home Office,Furniture,Tables,Jumbo Box,Bretford CR4500 Series Slim Rectangular Table,0.62,United States,West,California,Los Angeles,90045,2015-02-14,2015-02-16,-93.84999999999991,8,2651.21,48836,1402,False,False,False,William,2,2015-02-01,Feb,7,Saturday,Q1,2785.68,250.71119999999996,-0.03539893105412242,True,-0.6553989310541224,7-9%,2k-10k,2-3 days,1,CA
1617,Low,0.06,4.28,0.94,2491,Sean N Boyer,Regular Air,Consumer,Office Supplies,Pens & Art Supplies,Wrap Bag,Newell 336,0.56,United States,West,California,Los Angeles,90045,2015-04-26,2015-04-28,0.3699999999999992,9,38.96,11712,1403,False,False,False,William,2,2015-04-01,Apr,17,Sunday,Q2,38.52,2.3112,0.009496919917864456,False,-0.5505030800821356,4-6%,<100,2-3 days,4,CA
3212,Medium,0.04,419.19,19.99,2491,Sean N Boyer,Regular Air,Home Office,Office Supplies,Storage & Organization,Small Box,Smead Adjustable Mobile File Trolley with Lockable Top,0.58,United States,West,California,Los Angeles,90045,2015-04-26,2015-04-27,1947.67,20,8048.45,23042,1404,False,False,False,William,1,2015-04-01,Apr,17,Sunday,Q2,8383.8,335.352,0.24199317881082694,False,-0.338006821189173,4-6%,2k-10k,Same/next day,3,CA
3338,Not Specified,0.07,65.99,8.8,2491,Sean N Boyer,Regular Air,Home Office,Technology,Telephones and Communication,Small Box,6120,0.58,United States,West,California,Los Angeles,90045,2015-01-12,2015-01-12,109.83600000000001,37,1939.03,23877,1405,False,False,False,William,0,2015-01-01,Jan,3,Monday,Q1,2441.6299999999997,170.9141,0.056644817253987824,False,-0.5233551827460121,7-9%,500-2k,Same/next day,5,CA
3339,Not Specified,0.0,10.01,1.99,2491,Sean N Boyer,Express Air,Home Office,Technology,Computer Peripherals,Small Pack,TDK 4.7GB DVD-R,0.41,United States,West,California,Los Angeles,90045,2015-01-12,2015-01-14,128.03,42,457.63,23877,1406,False,False,False,William,2,2015-01-01,Jan,3,Monday,Q1,420.42,0.0,0.27976749776019927,False,-0.1302325022398007,0%,100-500,2-3 days,5,CA
2065,High,0.08,4.91,0.5,2491,Sean N Boyer,Regular Air,Consumer,Office Supplies,Labels,Small Box,Avery 493,0.36,United States,West,California,Los Angeles,90045,2015-04-09,2015-04-09,31.752,36,170.75,14785,1407,False,False,False,William,0,2015-04-01,Apr,15,Thursday,Q2,176.76,14.140799999999999,0.18595607613469986,False,-0.17404392386530013,7-9%,100-500,Same/next day,2,CA
2066,High,0.02,28.15,6.17,2491,Sean N Boyer,Regular Air,Consumer,Office Supplies,Pens & Art Supplies,Small Pack,"Boston Model 1800 Electric Pencil Sharpener, Gray",0.55,United States,West,California,Los Angeles,90045,2015-04-09,2015-04-10,117.208,45,1339.42,14785,1408,False,False,False,William,1,2015-04-01,Apr,15,Thursday,Q2,1266.75,25.335,0.08750653267832345,False,-0.4624934673216766,1-3%,500-2k,Same/next day,2,CA
19617,Low,0.06,4.28,0.94,2495,Maria Block,Regular Air,Consumer,Office Supplies,Pens & Art Supplies,Wrap Bag,Newell 336,0.56,United States,West,Wyoming,Rock Springs,82901,2015-04-26,2015-04-28,0.3699999999999992,2,8.66,86885,1409,False,True,False,William,2,2015-04-01,Apr,17,Sunday,Q2,8.56,0.5136000000000001,0.042725173210161574,False,-0.5172748267898385,4-6%,<100,2-3 days,4,WY
2296,Not Specified,0.09,355.98,58.92,2498,Arlene Long,Delivery Truck,Corporate,Furniture,Chairs & Chairmats,Jumbo Drum,Hon 4700 Series Mobuis™ Mid-Back Task Chairs with Adjustable Arms,0.64,United States,West,California,San Diego,92024,2015-02-18,2015-02-20,1240.25,30,10554.63,16547,1410,False,False,False,William,2,2015-02-01,Feb,8,Wednesday,Q1,10679.400000000001,961.1460000000001,0.11750767198850173,False,-0.5224923280114983,7-9%,10k+,2-3 days,5,CA
2297,Not Specified,0.04,218.75,69.64,2498,Arlene Long,Delivery Truck,Corporate,Furniture,Tables,Jumbo Box,BoxOffice By Design Rectangular and Half-Moon Meeting Room Tables,0.77,United States,West,California,San Diego,92024,2015-02-18,2015-02-18,-533.2320000000001,8,1749.64,16547,1411,False,False,False,William,0,2015-02-01,Feb,8,Wednesday,Q1,1750.0,70.0,-0.3047666948629433,True,-1.0747666948629433,4-6%,500-2k,Same/next day,5,CA
7628,Medium,0.09,6.28,5.41,2498,Arlene Long,Regular Air,Small Business,Furniture,Office Furnishings,Small Box,Eldon® 200 Class™ Desk Accessories,0.53,United States,West,California,San Diego,92024,2015-02-02,2015-02-04,-61.59,56,355.4,54567,1412,False,False,False,William,2,2015-02-01,Feb,6,Monday,Q1,351.68,31.6512,-0.17329769274057402,True,-0.7032976927405741,7-9%,100-500,2-3 days,3,CA
2768,Not Specified,0.08,1.68,1.57,2498,Arlene Long,Regular Air,Small Business,Office Supplies,Pens & Art Supplies,Wrap Bag,Newell 323,0.59,United States,West,California,San Diego,92024,2015-02-05,2015-02-06,-46.25,88,148.36,20007,1413,False,False,False,William,1,2015-02-01,Feb,6,Thursday,Q1,147.84,11.827200000000001,-0.31174170935562145,True,-0.9017417093556215,7-9%,100-500,Same/next day,5,CA
20296,Not Specified,0.09,355.98,58.92,2499,Geoffrey Koch,Delivery Truck,Corporate,Furniture,Chairs & Chairmats,Jumbo Drum,Hon 4700 Series Mobuis™ Mid-Back Task Chairs with Adjustable Arms,0.64,United States,Central,Illinois,Kankakee,60901,2015-02-18,2015-02-20,1240.25,8,2814.57,88319,1414,False,False,False,Chris,2,2015-02-01,Feb,8,Wednesday,Q1,2847.84,256.3056,0.4406534568335483,False,-0.19934654316645173,7-9%,2k-10k,2-3 days,5,IL
25628,Medium,0.09,6.28,5.41,2500,Kevin Smith,Regular Air,Small Business,Furniture,Office Furnishings,Small Box,Eldon® 200 Class™ Desk Accessories,0.53,United States,Central,Illinois,Lake In The Hills,60102,2015-02-02,2015-02-04,-32.0268,14,88.85,88320,1415,False,False,False,Chris,2,2015-02-01,Feb,6,Monday,Q1,87.92,7.9128,-0.36045920090039396,True,-0.890459200900394,7-9%,<100,2-3 days,3,IL
24899,High,0.1,24.92,12.98,2502,Toni Owens Poe,Regular Air,Home Office,Office Supplies,Binders and Binder Accessories,Small Box,GBC Standard Therm-A-Bind Covers,0.39,United States,Central,Indiana,Munster,46321,2015-03-19,2015-03-19,-45.816,3,70.82,91310,1416,False,False,False,Chris,0,2015-03-01,Mar,12,Thursday,Q1,74.76,7.476000000000001,-0.6469358938153065,True,-1.0369358938153064,10%+,<100,Same/next day,2,IN
24901,High,0.0,12.28,6.35,2502,Toni Owens Poe,Express Air,Home Office,Office Supplies,Paper,Small Box,Staples Premium Bright 1-Part Blank Computer Paper,0.38,United States,Central,Indiana,Munster,46321,2015-03-19,2015-03-20,30.63,7,90.44,91310,1417,False,False,False,Chris,1,2015-03-01,Mar,12,Thursday,Q1,85.96,0.0,0.33867757629367534,False,-0.04132242370632466,0%,<100,Same/next day,2,IN
18219,Medium,0.02,6.48,8.74,2506,Alfred Harmon,Regular Air,Home Office,Office Supplies,Paper,Small Box,Xerox 1984,0.36,United States,East,Connecticut,Cheshire,06408,2015-06-05,2015-06-07,-6.835,1,10.72,87033,1418,False,True,False,Erin,2,2015-06-01,Jun,23,Friday,Q2,6.48,0.12960000000000002,-0.6375932835820896,True,-0.9975932835820895,1-3%,<100,2-3 days,3,CT
18217,Medium,0.06,699.99,24.49,2507,Jeanette Davies,Express Air,Home Office,Technology,Copiers and Fax,Large Box,Canon PC1060 Personal Laser Copier,0.41,United States,East,Maine,Bangor,04401,2015-06-05,2015-06-07,7024.206899999999,15,10180.01,87033,1419,False,True,False,Erin,2,2015-06-01,Jun,23,Friday,Q2,10499.85,629.991,0.69,False,0.27999999999999997,4-6%,10k+,2-3 days,3,ME
23265,Low,0.02,5.81,8.49,2508,Pauline Brooks,Regular Air,Home Office,Office Supplies,Binders and Binder Accessories,Small Box,Fellowes Black Plastic Comb Bindings,0.39,United States,East,Maine,Sanford,04073,2015-01-08,2015-01-12,-137.494,7,42.44,87031,1420,False,False,False,Erin,4,2015-01-01,Jan,2,Thursday,Q1,40.669999999999995,0.8133999999999999,-3.2397266729500473,True,-3.6297266729500475,1-3%,<100,4-7 days,4,ME
21918,Medium,0.05,30.98,9.18,2509,Sidney Larson,Regular Air,Home Office,Office Supplies,Paper,Small Box,Xerox 1951,0.4,United States,East,Maine,South Portland,04106,2015-05-05,2015-05-05,308.67,15,462.57,87029,1421,False,False,False,Erin,0,2015-05-01,May,19,Tuesday,Q2,464.7,23.235,0.6672935988066672,False,0.26729359880666714,4-6%,100-500,Same/next day,3,ME
21102,Not Specified,0.04,6.48,9.54,2512,Frances Holt,Regular Air,Home Office,Office Supplies,Paper,Small Box,Xerox 1905,0.37,United States,East,Massachusetts,Cambridge,02138,2015-06-15,2015-06-17,-223.94400000000002,19,125.37,87030,1422,False,False,False,Erin,2,2015-06-01,Jun,25,Monday,Q2,123.12,4.9248,-1.7862646566164155,True,-2.1562646566164156,4-6%,100-500,2-3 days,5,MA
18220,Medium,0.02,17.15,4.96,2516,Leo E Underwood,Regular Air,Home Office,Office Supplies,Storage & Organization,Small Box,Advantus Rolling Storage Box,0.58,United States,East,New Jersey,Englewood,07631,2015-06-05,2015-06-07,36.495,11,190.85,87033,1423,False,True,False,Erin,2,2015-06-01,Jun,23,Friday,Q2,188.64999999999998,3.7729999999999997,0.19122347393240766,False,-0.3887765260675923,1-3%,100-500,2-3 days,3,NJ
18221,Medium,0.07,30.98,8.74,2520,Sandy Mueller,Regular Air,Home Office,Office Supplies,Paper,Small Box,Xerox 1979,0.4,United States,East,Rhode Island,Providence,02908,2015-06-05,2015-06-06,255.76919999999998,12,370.68,87033,1424,False,True,False,Erin,1,2015-06-01,Jun,23,Friday,Q2,371.76,26.023200000000003,0.69,False,0.2899999999999999,7-9%,100-500,Same/next day,3,RI
25463,Medium,0.0,175.99,4.99,2521,Shawn Meyer,Regular Air,Home Office,Technology,Telephones and Communication,Small Box,5165,0.59,United States,Central,Texas,Corsicana,75109,2015-02-18,2015-02-21,1656.6554999999998,15,2400.95,87032,1425,False,False,False,Chris,3,2015-02-01,Feb,8,Wednesday,Q1,2639.8500000000004,0.0,0.69,False,0.09999999999999998,0%,2k-10k,2-3 days,3,TX
18218,Medium,0.04,1360.14,14.7,2522,Harriet Wooten,Delivery Truck,Home Office,Technology,Office Machines,Jumbo Drum,Okidata ML395C Color Dot Matrix Printer,0.59,United States,East,Vermont,Burlington,05401,2015-06-05,2015-06-08,2639.0099999999998,6,7303.05,87033,1426,False,True,False,Erin,3,2015-06-01,Jun,23,Friday,Q2,8160.84,326.4336,0.36135724115266904,False,-0.22864275884733093,4-6%,2k-10k,2-3 days,3,VT
18866,Critical,0.01,2.16,6.05,2526,Derek Sweeney,Regular Air,Corporate,Office Supplies,Binders and Binder Accessories,Small Box,Peel & Stick Add-On Corner Pockets,0.37,United States,South,Louisiana,Lafayette,70506,2015-05-23,2015-05-25,395.76,24,58.05,87208,1427,False,True,False,Sam,2,2015-05-01,May,21,Saturday,Q2,51.84,0.5184000000000001,6.817571059431525,False,6.4475710594315245,1-3%,<100,2-3 days,1,LA
18867,Critical,0.07,21.38,8.99,2527,Gretchen Orr,Regular Air,Corporate,Office Supplies,Pens & Art Supplies,Small Pack,Boston 1730 StandUp Electric Pencil Sharpener,0.59,United States,South,Louisiana,Lake Charles,70601,2015-05-23,2015-05-25,-39.396,3,68.64,87208,1428,False,True,False,Sam,2,2015-05-01,May,21,Saturday,Q2,64.14,4.489800000000001,-0.573951048951049,True,-1.163951048951049,7-9%,<100,2-3 days,1,LA
20254,High,0.04,40.98,6.5,2530,Janet Zhang,Regular Air,Small Business,Technology,Computer Peripherals,Small Box,Targus USB Numeric Keypad,0.74,United States,West,California,Apple Valley,92307,2015-03-29,2015-03-30,-89.5,7,277.07,87451,1429,False,True,False,William,1,2015-03-01,Mar,13,Sunday,Q1,286.85999999999996,11.4744,-0.3230230627639225,True,-1.0630230627639226,4-6%,100-500,Same/next day,2,CA
23782,Medium,0.08,4.0,1.3,2531,Rick Houston,Regular Air,Small Business,Office Supplies,Paper,Wrap Bag,EcoTones® Memo Sheets,0.37,United States,West,California,Atascadero,93422,2015-05-02,2015-05-04,28.4,14,51.99,87452,1430,False,False,False,William,2,2015-05-01,May,18,Saturday,Q2,56.0,4.48,0.5462588959415272,False,0.17625889594152722,7-9%,<100,2-3 days,3,CA
20255,High,0.05,35.99,3.3,2534,Mitchell Goldberg,Regular Air,Small Business,Technology,Telephones and Communication,Small Pack,Accessory9,0.39,United States,East,Maine,Bangor,04401,2015-03-29,2015-03-31,103.27229999999999,5,149.67,87451,1431,False,True,False,Erin,2,2015-03-01,Mar,13,Sunday,Q1,179.95000000000002,8.9975,0.69,False,0.29999999999999993,4-6%,100-500,2-3 days,2,ME
22839,Not Specified,0.08,12.53,0.5,2539,Max Hubbard,Regular Air,Home Office,Office Supplies,Labels,Small Box,Avery 485,0.38,United States,South,Florida,Winter Park,32789,2015-04-07,2015-04-08,215.718,5,61.1,91017,1432,False,True,False,Sam,1,2015-04-01,Apr,15,Tuesday,Q2,62.65,5.012,3.530572831423895,False,3.150572831423895,7-9%,<100,Same/next day,5,FL
22840,Not Specified,0.02,178.47,19.99,2540,Helen Ferguson,Regular Air,Home Office,Office Supplies,Storage & Organization,Small Box,"Hot File® 7-Pocket, Floor Stand",0.55,United States,South,Florida,Winter Springs,32708,2015-04-07,2015-04-08,106.98479999999999,1,193.81,91017,1433,False,True,False,Sam,1,2015-04-01,Apr,15,Tuesday,Q2,178.47,3.5694,0.5520086682833703,False,0.0020086682833702074,1-3%,100-500,Same/next day,5,FL
19031,Medium,0.05,15.68,3.73,2543,Josephine Dalton,Regular Air,Small Business,Furniture,Office Furnishings,Small Pack,Artistic Insta-Plaque,0.46,United States,South,Virginia,Richmond,23223,2015-06-11,2015-06-12,3.54,17,257.48,87917,1434,False,False,False,Sam,1,2015-06-01,Jun,24,Thursday,Q2,266.56,13.328000000000001,0.013748640671120086,False,-0.44625135932887994,4-6%,100-500,Same/next day,3,VA
19032,Medium,0.02,195.99,4.2,2543,Josephine Dalton,Regular Air,Small Business,Technology,Telephones and Communication,Small Box,T65,0.56,United States,South,Virginia,Richmond,23223,2015-06-11,2015-06-12,40.284,19,3194.99,87917,1435,False,False,False,Sam,1,2015-06-01,Jun,24,Thursday,Q2,3723.8100000000004,74.4762,0.012608490167418366,False,-0.5473915098325817,1-3%,2k-10k,Same/next day,3,VA
19902,Medium,0.01,99.99,19.99,2545,Rick Ellis,Express Air,Home Office,Technology,Office Machines,Small Box,AT&T 2230 Dual Handset Phone With Caller ID/Call Waiting,0.52,United States,South,Virginia,Springfield,22153,2015-03-10,2015-03-12,90.024,2,202.98,87915,1436,False,False,False,Sam,2,2015-03-01,Mar,11,Tuesday,Q1,199.98,1.9998,0.4435116760271948,False,-0.0764883239728052,1-3%,100-500,2-3 days,3,VA
25460,Low,0.07,6.48,9.54,2547,Edna Freeman,Regular Air,Small Business,Office Supplies,Paper,Small Box,Xerox 1905,0.37,United States,South,Virginia,Virginia Beach,23464,2015-04-19,2015-04-19,2.232,1,10.86,87916,1437,False,False,False,Sam,0,2015-04-01,Apr,16,Sunday,Q2,6.48,0.45360000000000006,0.20552486187845306,False,-0.16447513812154693,7-9%,<100,Same/next day,4,VA
6525,Low,0.0,35.99,0.99,2548,Wayne Bass,Regular Air,Small Business,Technology,Telephones and Communication,Small Pack,Accessory31,0.35,United States,West,California,Los Angeles,90068,2015-04-04,2015-04-11,840.0509999999999,46,1477.57,46436,1438,False,False,False,William,7,2015-04-01,Apr,14,Saturday,Q2,1655.5400000000002,0.0,0.5685355008561354,False,0.21853550085613538,0%,500-2k,4-7 days,4,CA
5777,Low,0.05,30.98,9.18,2548,Wayne Bass,Express Air,Small Business,Office Supplies,Paper,Small Box,Xerox 1951,0.4,United States,West,California,Los Angeles,90068,2015-04-21,2015-04-21,61.47,12,382.29,40997,1439,False,False,False,William,0,2015-04-01,Apr,17,Tuesday,Q2,371.76,18.588,0.1607941615004316,False,-0.23920583849956842,4-6%,100-500,Same/next day,4,CA
5778,Low,0.05,22.99,8.99,2548,Wayne Bass,Regular Air,Small Business,Office Supplies,Pens & Art Supplies,Small Pack,Boston KS Multi-Size Manual Pencil Sharpener,0.57,United States,West,California,Los Angeles,90068,2015-04-21,2015-04-28,18.27,37,881.74,40997,1440,False,False,False,William,7,2015-04-01,Apr,17,Tuesday,Q2,850.63,42.5315,0.02072039376687005,False,-0.5492796062331299,4-6%,500-2k,4-7 days,4,CA
5780,Low,0.04,212.6,110.2,2548,Wayne Bass,Delivery Truck,Small Business,Furniture,Tables,Jumbo Box,Bush Advantage Collection® Round Conference Table,0.73,United States,West,California,Los Angeles,90068,2015-04-21,2015-04-25,-513.79042,33,7384.18,40997,1441,False,False,False,William,4,2015-04-01,Apr,17,Tuesday,Q2,7015.8,280.632,-0.06957988835591765,True,-0.7995798883559176,4-6%,2k-10k,4-7 days,4,CA
4204,Not Specified,0.09,5.98,1.67,2548,Wayne Bass,Regular Air,Small Business,Office Supplies,Pens & Art Supplies,Wrap Bag,"Dixon Ticonderoga® Erasable Colored Pencil Set, 12-Color",0.51,United States,West,California,Los Angeles,90068,2015-06-04,2015-06-07,23.87,81,448.26,29889,1442,False,False,False,William,3,2015-06-01,Jun,23,Thursday,Q2,484.38000000000005,43.5942,0.05325034578146612,False,-0.45674965421853386,7-9%,100-500,2-3 days,5,CA
23777,Low,0.05,30.98,9.18,2549,Martha Bowers,Express Air,Small Business,Office Supplies,Paper,Small Box,Xerox 1951,0.4,United States,East,Ohio,Whitehall,43213,2015-04-21,2015-04-21,61.47,3,95.57,88657,1443,False,False,False,Erin,0,2015-04-01,Apr,17,Tuesday,Q2,92.94,4.647,0.6431934707544209,False,0.24319347075442088,4-6%,<100,Same/next day,4,OH
23778,Low,0.05,22.99,8.99,2549,Martha Bowers,Regular Air,Small Business,Office Supplies,Pens & Art Supplies,Small Pack,Boston KS Multi-Size Manual Pencil Sharpener,0.57,United States,East,Ohio,Whitehall,43213,2015-04-21,2015-04-28,18.27,9,214.48,88657,1444,False,False,False,Erin,7,2015-04-01,Apr,17,Tuesday,Q2,206.91,10.345500000000001,0.08518276762402088,False,-0.48481723237597907,4-6%,100-500,4-7 days,4,OH
23780,Low,0.04,212.6,110.2,2549,Martha Bowers,Delivery Truck,Small Business,Furniture,Tables,Jumbo Box,Bush Advantage Collection® Round Conference Table,0.73,United States,East,Ohio,Whitehall,43213,2015-04-21,2015-04-25,-513.79042,8,1790.1,88657,1445,False,False,False,Erin,4,2015-04-01,Apr,17,Tuesday,Q2,1700.8,68.032,-0.2870177196804648,True,-1.0170177196804648,4-6%,500-2k,4-7 days,4,OH
22204,Not Specified,0.09,5.98,1.67,2549,Martha Bowers,Regular Air,Small Business,Office Supplies,Pens & Art Supplies,Wrap Bag,"Dixon Ticonderoga® Erasable Colored Pencil Set, 12-Color",0.51,United States,East,Ohio,Whitehall,43213,2015-06-04,2015-06-07,35.805,20,110.68,88658,1446,False,False,False,Erin,3,2015-06-01,Jun,23,Thursday,Q2,119.60000000000001,10.764000000000001,0.3235001807011203,False,-0.1864998192988797,7-9%,100-500,2-3 days,5,OH
24525,Low,0.0,35.99,0.99,2551,Joan Bowers,Regular Air,Small Business,Technology,Telephones and Communication,Small Pack,Accessory31,0.35,United States,East,Pennsylvania,York,17403,2015-04-04,2015-04-11,265.96049999999997,12,385.45,88656,1447,False,False,False,Erin,7,2015-04-01,Apr,14,Saturday,Q2,431.88,0.0,0.69,False,0.33999999999999997,0%,100-500,4-7 days,4,PA
18130,Medium,0.03,12.53,7.17,2553,Virginia McNeill,Regular Air,Home Office,Office Supplies,Binders and Binder Accessories,Small Box,GBC ProClick Spines for 32-Hole Punch,0.38,United States,Central,Wisconsin,Kenosha,53142,2015-02-12,2015-02-13,-20.320500000000003,1,19.32,86528,1448,False,False,False,Chris,1,2015-02-01,Feb,7,Thursday,Q1,12.53,0.37589999999999996,-1.0517857142857143,True,-1.4317857142857142,1-3%,<100,Same/next day,3,WI
23666,Low,0.1,2.6,2.4,2555,Karl Knowles,Regular Air,Home Office,Office Supplies,Pens & Art Supplies,Wrap Bag,12 Colored Short Pencils,0.58,United States,Central,Wisconsin,Madison,53711,2015-01-09,2015-01-14,-88.03999999999999,12,30.1,86527,1449,False,False,False,Chris,5,2015-01-01,Jan,2,Friday,Q1,31.200000000000003,3.1200000000000006,-2.9249169435215943,True,-3.5049169435215943,10%+,<100,4-7 days,4,WI
23583,Critical,0.0,12.97,1.49,2555,Karl Knowles,Regular Air,Home Office,Office Supplies,Binders and Binder Accessories,Small Box,"Mead 1st Gear 2"" Zipper Binder, Asst. Colors",0.35,United States,Central,Wisconsin,Madison,53711,2015-02-02,2015-02-03,180.23489999999998,19,261.21,86529,1450,False,False,False,Chris,1,2015-02-01,Feb,6,Monday,Q1,246.43,0.0,0.69,False,0.33999999999999997,0%,100-500,Same/next day,1,WI
23584,Critical,0.06,4.91,0.5,2555,Karl Knowles,Regular Air,Home Office,Office Supplies,Labels,Small Box,Avery 508,0.36,United States,Central,Wisconsin,Madison,53711,2015-02-02,2015-02-02,29.5251,9,42.79,86529,1451,False,False,False,Chris,0,2015-02-01,Feb,6,Monday,Q1,44.19,2.6513999999999998,0.69,False,0.32999999999999996,4-6%,<100,Same/next day,1,WI
19840,Not Specified,0.03,160.98,30.0,2561,Laurie Moon,Delivery Truck,Consumer,Furniture,Chairs & Chairmats,Jumbo Drum,Office Star - Mid Back Dual function Ergonomic High Back Chair with 2-Way Adjustable Arms,0.62,United States,East,New York,Ossining,10562,2015-03-22,2015-03-25,1261.4718,11,1828.22,86465,1452,False,False,False,Erin,3,2015-03-01,Mar,12,Sunday,Q1,1770.78,53.1234,0.6900000000000001,False,0.07000000000000006,1-3%,500-2k,2-3 days,5,NY
23161,Not Specified,0.07,3.98,5.26,2561,Laurie Moon,Regular Air,Consumer,Office Supplies,Binders and Binder Accessories,Small Box,Ibico Presentation Index for Binding Systems,0.38,United States,East,New York,Ossining,10562,2015-04-08,2015-04-10,-59.96376,7,29.77,86466,1453,False,False,False,Erin,2,2015-04-01,Apr,15,Wednesday,Q2,27.86,1.9502000000000002,-2.014234464225731,True,-2.3942344642257307,7-9%,<100,2-3 days,5,NY
23162,Not Specified,0.07,12.22,2.85,2561,Laurie Moon,Regular Air,Consumer,Furniture,Office Furnishings,Small Pack,Aluminum Document Frame,0.55,United States,East,New York,Ossining,10562,2015-04-08,2015-04-08,89.4148,12,147.19,86466,1454,False,False,False,Erin,0,2015-04-01,Apr,15,Wednesday,Q2,146.64000000000001,10.264800000000003,0.6074787689381073,False,0.057478768938107216,7-9%,100-500,Same/next day,5,NY
22374,Not Specified,0.08,4.55,1.49,2563,Karen Warren,Regular Air,Home Office,Office Supplies,Binders and Binder Accessories,Small Box,Presstex Flexible Ring Binders,0.35,United States,Central,Minnesota,Fridley,55432,2015-04-08,2015-04-09,27.0273,9,39.17,91447,1455,False,False,False,Chris,1,2015-04-01,Apr,15,Wednesday,Q2,40.949999999999996,3.276,0.69,False,0.33999999999999997,7-9%,<100,Same/next day,5,MN
25095,Critical,0.0,4.37,5.15,2570,Yvonne Stephens,Regular Air,Consumer,Office Supplies,Appliances,Small Box,"Eureka Sanitaire ® Multi-Pro Heavy-Duty Upright, Disposable Bags",0.59,United States,West,California,Davis,95616,2015-04-25,2015-04-27,-150.2604,19,87.85,90327,1456,False,False,False,William,2,2015-04-01,Apr,17,Saturday,Q2,83.03,0.0,-1.710420034149118,True,-2.300420034149118,0%,<100,2-3 days,1,CA
25096,Critical,0.01,500.98,56.0,2570,Yvonne Stephens,Delivery Truck,Consumer,Furniture,Chairs & Chairmats,Jumbo Drum,Global Troy™ Executive Leather Low-Back Tilter,0.6,United States,West,California,Davis,95616,2015-04-25,2015-04-26,4899.1288,14,7429.63,90327,1457,False,False,False,William,1,2015-04-01,Apr,17,Saturday,Q2,7013.72,70.1372,0.659404142601987,False,0.05940414260198701,1-3%,2k-10k,Same/next day,1,CA
25097,Critical,0.02,12.58,5.16,2570,Yvonne Stephens,Regular Air,Consumer,Furniture,Office Furnishings,Small Box,"DAX Copper Panel Document Frame, 5 x 7 Size",0.43,United States,West,California,Davis,95616,2015-04-25,2015-04-25,44.712,18,224.29,90327,1458,False,False,False,William,0,2015-04-01,Apr,17,Saturday,Q2,226.44,4.5288,0.1993490570243881,False,-0.2306509429756119,1-3%,100-500,Same/next day,1,CA
25098,Critical,0.1,7.7,3.68,2570,Yvonne Stephens,Regular Air,Consumer,Furniture,Office Furnishings,Wrap Bag,Deflect-O® Glasstique™ Clear Desk Accessories,0.52,United States,West,California,Davis,95616,2015-04-25,2015-04-26,-22.626,7,51.2,90327,1459,False,False,False,William,1,2015-04-01,Apr,17,Saturday,Q2,53.9,5.390000000000001,-0.4419140625,True,-0.9619140625,10%+,<100,Same/next day,1,CA
7096,Critical,0.01,500.98,56.0,2571,Rosemary O'Brien,Delivery Truck,Consumer,Furniture,Chairs & Chairmats,Jumbo Drum,Global Troy™ Executive Leather Low-Back Tilter,0.6,United States,East,New York,New York City,10165,2015-04-25,2015-04-26,4260.112,56,29718.53,50656,1460,False,False,False,Erin,1,2015-04-01,Apr,17,Saturday,Q2,28054.88,280.5488,0.14334867841713572,False,-0.45665132158286426,1-3%,10k+,Same/next day,1,NY
7098,Critical,0.1,7.7,3.68,2571,Rosemary O'Brien,Regular Air,Consumer,Furniture,Office Furnishings,Wrap Bag,Deflect-O® Glasstique™ Clear Desk Accessories,0.52,United States,East,New York,New York City,10165,2015-04-25,2015-04-26,-25.14,27,197.48,50656,1461,False,False,False,Erin,1,2015-04-01,Apr,17,Saturday,Q2,207.9,20.790000000000003,-0.1273040307879279,True,-0.6473040307879279,10%+,100-500,Same/next day,1,NY
20938,Low,0.04,8.6,6.19,2578,Kent Gill,Regular Air,Home Office,Office Supplies,Binders and Binder Accessories,Small Box,Avery Printable Repositionable Plastic Tabs,0.38,United States,South,Alabama,Opelika,36801,2015-05-02,2015-05-04,309.7116,5,46.85,88298,1462,False,False,False,Sam,2,2015-05-01,May,18,Saturday,Q2,43.0,1.72,6.61070651013874,False,6.23070651013874,4-6%,<100,2-3 days,4,AL
20939,Low,0.01,3.58,1.63,2578,Kent Gill,Regular Air,Home Office,Office Supplies,Rubber Bands,Wrap Bag,"OIC Colored Binder Clips, Assorted Sizes",0.36,United States,South,Alabama,Opelika,36801,2015-05-02,2015-05-06,-128.856,26,93.57,88298,1463,False,False,False,Sam,4,2015-05-01,May,18,Saturday,Q2,93.08,0.9308,-1.3771080474511062,True,-1.7371080474511063,1-3%,<100,4-7 days,4,AL
20940,Low,0.08,105.49,41.64,2578,Kent Gill,Delivery Truck,Home Office,Furniture,Tables,Jumbo Box,Balt Solid Wood Rectangular Table,0.75,United States,South,Alabama,Opelika,36801,2015-05-02,2015-05-09,-36.946,34,2694.49,88298,1464,False,False,False,Sam,7,2015-05-01,May,18,Saturday,Q2,3586.66,286.9328,-0.013711685699334569,True,-0.7637116856993346,7-9%,2k-10k,4-7 days,4,AL
23705,High,0.09,212.6,52.2,2579,Marshall Sutherland,Delivery Truck,Home Office,Furniture,Tables,Jumbo Box,Bush Advantage Collection® Round Conference Table,0.64,United States,South,Alabama,Phenix City,36869,2015-01-03,2015-01-04,-274.498,1,174.5,88296,1465,False,False,False,Sam,1,2015-01-01,Jan,1,Saturday,Q1,212.6,19.134,-1.573054441260745,True,-2.213054441260745,7-9%,100-500,Same/next day,2,AL
22508,Medium,0.07,1.76,4.86,2579,Marshall Sutherland,Regular Air,Home Office,Furniture,Office Furnishings,Small Box,Regeneration Desk Collection,0.41,United States,South,Alabama,Phenix City,36869,2015-01-17,2015-01-17,0.588000000000011,15,26.01,88297,1466,False,False,False,Sam,0,2015-01-01,Jan,3,Saturday,Q1,26.4,1.848,0.022606689734717838,False,-0.3873933102652821,7-9%,<100,Same/next day,3,AL
19123,Medium,0.04,510.14,14.7,2583,Wendy Pridgen Pearce,Delivery Truck,Home Office,Technology,Office Machines,Jumbo Drum,Okidata ML520 Series Dot Matrix Printers,0.56,United States,Central,Michigan,Holland,49423,2015-06-07,2015-06-09,-251.40390000000002,3,1527.97,89657,1467,False,False,False,Chris,2,2015-06-01,Jun,23,Sunday,Q2,1530.42,61.216800000000006,-0.16453457855847956,True,-0.7245345785584796,4-6%,500-2k,2-3 days,3,MI
19124,Medium,0.0,4.76,3.01,2583,Wendy Pridgen Pearce,Regular Air,Home Office,Office Supplies,Paper,Wrap Bag,"TOPS Voice Message Log Book, Flash Format",0.36,United States,Central,Michigan,Holland,49423,2015-06-07,2015-06-09,-2.345,23,110.86,89657,1468,False,False,False,Chris,2,2015-06-01,Jun,23,Sunday,Q2,109.47999999999999,0.0,-0.021152805340068557,True,-0.38115280534006857,0%,100-500,2-3 days,3,MI
19134,Critical,0.04,6.3,0.5,2584,Seth Matthews,Regular Air,Home Office,Office Supplies,Labels,Small Box,Avery 48,0.39,United States,Central,Michigan,Inkster,48141,2015-06-09,2015-06-11,67.6062,15,97.98,89658,1469,False,False,False,Chris,2,2015-06-01,Jun,24,Tuesday,Q2,94.5,3.7800000000000002,0.69,False,0.29999999999999993,4-6%,<100,2-3 days,1,MI
20976,Medium,0.01,6.48,6.57,2587,Eugene H Walsh,Express Air,Home Office,Office Supplies,Paper,Small Box,Xerox 20,0.37,United States,Central,Wisconsin,Manitowoc,54220,2015-02-28,2015-02-28,-46.5244,18,127.83,91166,1470,False,False,False,Chris,0,2015-02-01,Feb,9,Saturday,Q1,116.64000000000001,1.1664,-0.36395525307048426,True,-0.7339552530704843,1-3%,100-500,Same/next day,3,WI
20810,Not Specified,0.02,22.72,8.99,2587,Eugene H Walsh,Regular Air,Home Office,Furniture,Office Furnishings,Small Pack,"Executive Impressions 14"" Two-Color Numerals Wall Clock",0.44,United States,Central,Wisconsin,Manitowoc,54220,2015-06-26,2015-06-26,200.01719999999997,12,289.88,91167,1471,False,False,False,Chris,0,2015-06-01,Jun,26,Friday,Q2,272.64,5.4528,0.69,False,0.24999999999999994,1-3%,100-500,Same/next day,5,WI
22275,Low,0.02,419.19,19.99,2593,Anne Schultz,Regular Air,Corporate,Office Supplies,Storage & Organization,Small Box,Smead Adjustable Mobile File Trolley with Lockable Top,0.58,United States,South,Georgia,Athens,30605,2015-04-17,2015-04-17,-39.606,10,4354.55,87772,1472,False,False,False,Sam,0,2015-04-01,Apr,16,Friday,Q2,4191.9,83.838,-0.009095314096749378,True,-0.5890953140967493,1-3%,2k-10k,Same/next day,4,GA
23765,Low,0.01,85.99,0.99,2593,Anne Schultz,Regular Air,Corporate,Technology,Telephones and Communication,Wrap Bag,Accessory4,0.85,United States,South,Georgia,Athens,30605,2015-03-12,2015-03-17,311.72999999999996,2,146.17,87773,1473,False,False,False,Sam,5,2015-03-01,Mar,11,Thursday,Q1,171.98,1.7198,2.132653759321338,False,1.282653759321338,1-3%,100-500,4-7 days,4,GA
19859,Low,0.05,5.74,5.3,2601,Malcolm French,Regular Air,Corporate,Office Supplies,"Scissors, Rulers and Trimmers",Small Pack,Acme Kleencut® Forged Steel Scissors,0.55,United States,East,New Hampshire,Merrimack,03054,2015-03-21,2015-03-26,-50.75,7,42.02,87382,1474,False,False,False,Erin,5,2015-03-01,Mar,12,Saturday,Q1,40.18,2.009,-1.2077582103760114,True,-1.7577582103760114,4-6%,<100,4-7 days,4,NH
20849,Critical,0.07,200.99,4.2,2603,Penny Leach,Regular Air,Corporate,Technology,Telephones and Communication,Small Box,2160i,0.59,United States,East,New Jersey,Hackensack,07601,2015-04-05,2015-04-06,2225.07612,22,3705.14,87383,1475,False,True,False,Erin,1,2015-04-01,Apr,14,Sunday,Q2,4421.780000000001,309.5246000000001,0.600537663893942,False,0.010537663893942062,7-9%,2k-10k,Same/next day,1,NJ
20850,Critical,0.01,297.48,18.06,2604,Gina Curry,Delivery Truck,Corporate,Technology,Office Machines,Jumbo Drum,Panasonic KX-P3200 Dot Matrix Printer,0.6,United States,East,New Jersey,Iselin,08830,2015-04-05,2015-04-06,-338.180832,3,945.36,87383,1476,False,True,False,Erin,1,2015-04-01,Apr,14,Sunday,Q2,892.44,8.9244,-0.35772703731911654,True,-0.9577270373191165,1-3%,500-2k,Same/next day,1,NJ
18046,High,0.09,5.4,7.78,2610,Tommy Lutz,Regular Air,Corporate,Office Supplies,Binders and Binder Accessories,Small Box,3M Organizer Strips,0.37,United States,West,California,Davis,95616,2015-05-16,2015-05-17,-136.252,9,49.24,86118,1477,False,False,False,William,1,2015-05-01,May,20,Saturday,Q2,48.6,4.374,-2.7670999187652314,True,-3.1370999187652315,7-9%,<100,Same/next day,2,CA
19971,Low,0.02,50.98,13.66,2613,Anthony Stanley,Express Air,Corporate,Office Supplies,Appliances,Small Box,Eureka The Boss® Cordless Rechargeable Stick Vac,0.58,United States,East,New Jersey,Fords,08863,2015-01-24,2015-01-24,-25.76,1,68.45,86119,1478,False,False,False,Erin,0,2015-01-01,Jan,4,Saturday,Q1,50.98,1.0196,-0.37633308984660335,True,-0.9563330898466034,1-3%,<100,Same/next day,4,NJ
25962,Critical,0.0,2.6,2.4,2616,Laurence Hull,Regular Air,Corporate,Office Supplies,Pens & Art Supplies,Wrap Bag,12 Colored Short Pencils,0.58,United States,Central,Michigan,Portage,49002,2015-03-11,2015-03-13,-45.21,16,44.75,91495,1479,False,False,False,Chris,2,2015-03-01,Mar,11,Wednesday,Q1,41.6,0.0,-1.0102793296089385,True,-1.5902793296089386,0%,<100,2-3 days,1,MI
25478,Not Specified,0.1,3.25,49.0,2617,Gerald Crabtree,Regular Air,Corporate,Office Supplies,Appliances,Large Box,"Bravo II™ Megaboss® 12-Amp Hard Body Upright, Replacement Belts, 2 Belts per Pack",0.56,United States,Central,South Dakota,Aberdeen,57401,2015-06-27,2015-06-28,-286.245,6,40.69,91496,1480,False,False,False,Chris,1,2015-06-01,Jun,26,Saturday,Q2,19.5,1.9500000000000002,-7.0347751290243306,True,-7.594775129024331,10%+,<100,Same/next day,5,SD
6585,Medium,0.1,7.64,1.39,2618,Amy Hamrick Melvin,Regular Air,Corporate,Office Supplies,Envelopes,Small Box,Security-Tint Envelopes,0.36,United States,East,New York,New York City,10004,2015-01-17,2015-01-19,16.12,18,130.11,46884,1481,False,False,False,Erin,2,2015-01-01,Jan,3,Saturday,Q1,137.51999999999998,13.751999999999999,0.12389516562908308,False,-0.2361048343709169,10%+,100-500,2-3 days,3,NY
6586,Medium,0.0,125.99,2.5,2618,Amy Hamrick Melvin,Regular Air,Corporate,Technology,Telephones and Communication,Small Box,6162,0.59,United States,East,New York,New York City,10004,2015-01-17,2015-01-19,-815.9007999999999,3,337.34,46884,1482,False,False,False,Erin,2,2015-01-01,Jan,3,Saturday,Q1,377.96999999999997,0.0,-2.41863046184858,True,-3.00863046184858,0%,100-500,2-3 days,3,NY
6587,Medium,0.1,11.55,2.36,2618,Amy Hamrick Melvin,Regular Air,Corporate,Office Supplies,Pens & Art Supplies,Wrap Bag,Newell 309,0.55,United States,East,New York,New York City,10004,2015-01-17,2015-01-18,15.808000000000003,25,280.43,46884,1483,False,False,False,Erin,1,2015-01-01,Jan,3,Saturday,Q1,288.75,28.875,0.05637057376172308,False,-0.493629426238277,10%+,100-500,Same/next day,3,NY
4788,High,0.05,4.84,0.71,2618,Amy Hamrick Melvin,Express Air,Corporate,Office Supplies,Pens & Art Supplies,Wrap Bag,*Staples* Highlighting Markers,0.52,United States,East,New York,New York City,10004,2015-03-23,2015-03-23,29.17,20,103.39,34017,1484,False,False,False,Erin,0,2015-03-01,Mar,13,Monday,Q1,96.8,4.84,0.28213560305638846,False,-0.23786439694361156,4-6%,100-500,Same/next day,2,NY
4789,High,0.01,14.98,7.69,2618,Amy Hamrick Melvin,Regular Air,Corporate,Office Supplies,Storage & Organization,Small Box,Super Decoflex Portable Personal File,0.57,United States,East,New York,New York City,10004,2015-03-23,2015-03-25,-48.97,28,435.39,34017,1485,False,False,False,Erin,2,2015-03-01,Mar,13,Monday,Q1,419.44,4.1944,-0.11247387399802476,True,-0.6824738739980247,1-3%,100-500,2-3 days,2,NY
7452,Critical,0.1,20.27,3.99,2618,Amy Hamrick Melvin,Regular Air,Corporate,Office Supplies,Appliances,Small Box,Fellowes Mighty 8 Compact Surge Protector,0.57,United States,East,New York,New York City,10004,2015-03-23,2015-03-24,84.05,53,1051.52,53153,1486,False,False,False,Erin,1,2015-03-01,Mar,13,Monday,Q1,1074.31,107.431,0.07993190809494827,False,-0.4900680919050517,10%+,500-2k,Same/next day,1,NY
22788,High,0.05,4.84,0.71,2619,Brandon E Shepherd,Express Air,Corporate,Office Supplies,Pens & Art Supplies,Wrap Bag,*Staples* Highlighting Markers,0.52,United States,Central,South Dakota,Sioux Falls,57103,2015-03-23,2015-03-23,17.8365,5,25.85,88014,1487,False,False,False,Chris,0,2015-03-01,Mar,13,Monday,Q1,24.2,1.21,0.69,False,0.16999999999999993,4-6%,<100,Same/next day,2,SD
18461,Not Specified,0.1,30.98,8.99,2619,Brandon E Shepherd,Regular Air,Corporate,Office Supplies,Pens & Art Supplies,Small Pack,"Boston School Pro Electric Pencil Sharpener, 1670",0.58,United States,Central,South Dakota,Sioux Falls,57103,2015-02-09,2015-02-11,-20.2228,4,119.37,88015,1488,False,False,False,Chris,2,2015-02-01,Feb,7,Monday,Q1,123.92,12.392000000000001,-0.1694127502722627,True,-0.7494127502722627,10%+,100-500,2-3 days,5,SD
25452,Critical,0.1,20.27,3.99,2620,Phyllis Little,Regular Air,Corporate,Office Supplies,Appliances,Small Box,Fellowes Mighty 8 Compact Surge Protector,0.57,United States,South,Tennessee,Bartlett,38134,2015-03-23,2015-03-24,381.61799999999994,13,257.92,88017,1489,False,False,False,Sam,1,2015-03-01,Mar,13,Monday,Q1,263.51,26.351,1.4795983250620344,False,0.9095983250620344,10%+,100-500,Same/next day,1,TN
26296,High,0.03,40.97,8.99,2621,Robyn Hayes,Express Air,Corporate,Office Supplies,Pens & Art Supplies,Small Pack,Sanford 52201 APSCO Electric Pencil Sharpener,0.59,United States,South,Tennessee,Brentwood,37027,2015-03-19,2015-03-20,-177.058,5,207.22,88016,1490,False,False,False,Sam,1,2015-03-01,Mar,12,Thursday,Q1,204.85,6.145499999999999,-0.8544445516842003,True,-1.4444445516842004,1-3%,100-500,Same/next day,2,TN
26032,High,0.1,41.94,2.99,2626,Lillian Fischer,Regular Air,Consumer,Office Supplies,Binders and Binder Accessories,Small Box,"Avery Trapezoid Extra Heavy Duty 4"" Binders",0.35,United States,West,California,Menlo Park,94025,2015-02-07,2015-02-08,164.082,6,237.8,90927,1491,False,False,False,William,1,2015-02-01,Feb,6,Saturday,Q1,251.64,25.164,0.69,False,0.33999999999999997,10%+,100-500,Same/next day,2,CA
18623,Medium,0.02,30.53,19.99,2628,Danielle P Rao,Express Air,Corporate,Office Supplies,Labels,Small Box,"Avery 4027 File Folder Labels for Dot Matrix Printers, 5000 Labels per Box, White",0.39,United States,Central,Oklahoma,Moore,73160,2015-01-17,2015-01-19,-54.63,14,448.47,85916,1492,False,False,False,Chris,2,2015-01-01,Jan,3,Saturday,Q1,427.42,8.5484,-0.12181416817178406,True,-0.511814168171784,1-3%,100-500,2-3 days,3,OK
21981,Critical,0.01,194.3,11.54,2630,Betsy Puckett,Regular Air,Small Business,Furniture,Office Furnishings,Large Box,Electrix Halogen Magnifier Lamp,0.59,United States,Central,Oklahoma,Norman,73071,2015-01-05,2015-01-07,690.1794,5,1000.26,85914,1493,False,False,False,Chris,2,2015-01-01,Jan,2,Monday,Q1,971.5,9.715,0.69,False,0.09999999999999998,1-3%,500-2k,2-3 days,1,OK
21982,Critical,0.02,209.84,21.21,2630,Betsy Puckett,Regular Air,Small Business,Furniture,Office Furnishings,Large Box,Luxo Professional Fluorescent Magnifier Lamp with Clamp-Mount Base,0.59,United States,Central,Oklahoma,Norman,73071,2015-01-05,2015-01-06,1507.6430999999998,10,2184.99,85914,1494,False,False,False,Chris,1,2015-01-01,Jan,2,Monday,Q1,2098.4,41.968,0.69,False,0.09999999999999998,1-3%,2k-10k,Same/next day,1,OK
21983,Critical,0.0,145.45,17.85,2630,Betsy Puckett,Delivery Truck,Small Business,Technology,Office Machines,Jumbo Drum,Panasonic KX-P1150 Dot Matrix Printer,0.56,United States,Central,Oklahoma,Norman,73071,2015-01-05,2015-01-07,801.7468000000001,8,1191.2,85914,1495,False,False,False,Chris,2,2015-01-01,Jan,2,Monday,Q1,1163.6,0.0,0.6730580926796509,False,0.11305809267965083,0%,500-2k,2-3 days,1,OK
22540,High,0.07,65.99,5.99,2630,Betsy Puckett,Regular Air,Small Business,Technology,Telephones and Communication,Small Box,i1000,0.58,United States,Central,Oklahoma,Norman,73071,2015-01-07,2015-01-08,-139.18256,3,165.71,85915,1496,False,False,False,Chris,1,2015-01-01,Jan,2,Wednesday,Q1,197.96999999999997,13.857899999999999,-0.8399164805986361,True,-1.4199164805986362,7-9%,100-500,Same/next day,2,OK
25594,Low,0.05,100.97,7.18,2638,Alicia Wood Shah,Express Air,Consumer,Technology,Computer Peripherals,Small Box,Gyration Ultra Cordless Optical Suite,0.46,United States,West,Idaho,Boise,83704,2015-06-08,2015-06-08,881.4680999999999,13,1277.49,90951,1497,False,False,False,William,0,2015-06-01,Jun,24,Monday,Q2,1312.61,65.6305,0.69,False,0.22999999999999993,4-6%,500-2k,Same/next day,4,ID
21041,Not Specified,0.05,4.98,0.49,2639,Marianne Connor,Regular Air,Consumer,Office Supplies,Labels,Small Box,Avery White Multi-Purpose Labels,0.39,United States,West,New Mexico,Roswell,88201,2015-03-19,2015-03-19,3.84,3,14.2,90952,1498,False,False,False,William,0,2015-03-01,Mar,12,Thursday,Q1,14.940000000000001,0.7470000000000001,0.27042253521126763,False,-0.11957746478873238,4-6%,<100,Same/next day,5,NM
22438,Low,0.1,10.98,3.99,2647,Teresa Bishop,Regular Air,Corporate,Office Supplies,Appliances,Small Box,Staples Surge Protector 6 outlet,0.58,United States,West,California,Bakersfield,93309,2015-03-17,2015-03-24,-21.03,5,52.21,91386,1499,False,False,False,William,7,2015-03-01,Mar,12,Tuesday,Q1,54.900000000000006,5.490000000000001,-0.4027963991572496,True,-0.9827963991572495,10%+,<100,4-7 days,4,CA
22439,Low,0.01,39.98,9.2,2647,Teresa Bishop,Regular Air,Corporate,Furniture,Office Furnishings,Wrap Bag,Eldon Radial Chair Mat for Low to Medium Pile Carpets,0.65,United States,West,California,Bakersfield,93309,2015-03-17,2015-03-19,117.52079999999998,4,170.32,91386,1500,False,False,False,William,2,2015-03-01,Mar,12,Tuesday,Q1,159.92,1.5992,0.69,False,0.039999999999999925,1-3%,100-500,2-3 days,4,CA
18720,High,0.01,39.98,4.0,2649,Leo J Olson,Regular Air,Corporate,Technology,Computer Peripherals,Small Box,Microsoft Natural Keyboard Elite,0.7,United States,East,Maryland,Edgewood,21040,2015-06-11,2015-06-12,-30.808,5,203.29,88814,1501,False,False,False,Erin,1,2015-06-01,Jun,24,Thursday,Q2,199.89999999999998,1.9989999999999999,-0.15154705101087118,True,-0.8515470510108711,1-3%,100-500,Same/next day,2,MD
22904,Critical,0.05,35.99,5.99,2650,Joanne Chu,Regular Air,Corporate,Technology,Telephones and Communication,Wrap Bag,Accessory41,0.38,United States,East,Pennsylvania,Baldwin,15234,2015-05-04,2015-05-05,524.3172,26,759.88,88815,1502,False,False,False,Erin,1,2015-05-01,May,19,Monday,Q2,935.74,46.787000000000006,0.69,False,0.30999999999999994,4-6%,500-2k,Same/next day,1,PA
18949,Medium,0.06,47.9,5.86,2652,Brenda Ross,Regular Air,Consumer,Office Supplies,Paper,Small Box,Xerox 1938,0.37,United States,West,California,Bakersfield,93309,2015-05-25,2015-05-27,21.78,2,94.2,89361,1503,False,False,False,William,2,2015-05-01,May,22,Monday,Q2,95.8,5.747999999999999,0.23121019108280255,False,-0.13878980891719744,4-6%,<100,2-3 days,3,CA
25662,Not Specified,0.05,4.98,4.62,2653,Leo Kane,Regular Air,Consumer,Technology,Computer Peripherals,Small Pack,"Imation 3.5"", DISKETTE 44766 HGHLD3.52HD/FM, 10/Pack",0.64,United States,Central,Kansas,Derby,67037,2015-02-22,2015-02-23,-98.35,7,34.32,89360,1504,False,False,False,Chris,1,2015-02-01,Feb,8,Sunday,Q1,34.86,1.743,-2.8656759906759905,True,-3.5056759906759907,4-6%,<100,Same/next day,5,KS
25663,Not Specified,0.02,34.23,5.02,2653,Leo Kane,Regular Air,Consumer,Furniture,Office Furnishings,Small Box,Hand-Finished Solid Wood Document Frame,0.55,United States,Central,Kansas,Derby,67037,2015-02-22,2015-02-24,270.79049999999995,11,392.45,89360,1505,False,False,False,Chris,2,2015-02-01,Feb,8,Sunday,Q1,376.53,7.5306,0.69,False,0.1399999999999999,1-3%,100-500,2-3 days,5,KS
19131,Medium,0.09,89.99,42.0,2655,Benjamin Lam,Delivery Truck,Consumer,Furniture,Chairs & Chairmats,Jumbo Drum,"Global Leather Task Chair, Black",0.66,United States,South,Georgia,Atlanta,30318,2015-04-18,2015-04-18,223.416,6,511.25,86063,1506,False,False,False,Sam,0,2015-04-01,Apr,16,Saturday,Q2,539.9399999999999,48.59459999999999,0.436999511002445,False,-0.22300048899755504,7-9%,500-2k,Same/next day,3,GA
22938,Critical,0.07,2.94,0.81,2655,Benjamin Lam,Regular Air,Corporate,Office Supplies,Pens & Art Supplies,Wrap Bag,Prang Colored Pencils,0.4,United States,South,Georgia,Atlanta,30318,2015-04-08,2015-04-09,-93.9274,10,29.88,86064,1507,False,False,False,Sam,1,2015-04-01,Apr,15,Wednesday,Q2,29.4,2.0580000000000003,-3.1434872824631865,True,-3.5434872824631864,7-9%,<100,Same/next day,1,GA
19525,Critical,0.01,138.14,35.0,2660,Jeffrey Page,Regular Air,Small Business,Office Supplies,Storage & Organization,Large Box,"SAFCO Commercial Wire Shelving, Black",0.6,United States,East,Maine,Gorham,04038,2015-02-24,2015-02-26,-321.51,4,599.03,86486,1508,True,False,False,Erin,2,2015-02-01,Feb,9,Tuesday,Q1,552.56,5.5256,-0.5367176936046609,True,-1.1367176936046608,1-3%,500-2k,2-3 days,1,ME
18400,High,0.04,90.24,0.99,2667,Pat Baker,Regular Air,Home Office,Office Supplies,Appliances,Small Box,Kensington 6 Outlet MasterPiece® HOMEOFFICE Power Control Center,0.56,United States,East,Ohio,Lakewood,44107,2015-04-02,2015-04-04,246.2748,4,356.92,87831,1509,False,False,False,Erin,2,2015-04-01,Apr,14,Thursday,Q2,360.96,14.4384,0.69,False,0.1299999999999999,4-6%,100-500,2-3 days,2,OH
18401,High,0.09,47.9,5.86,2667,Pat Baker,Express Air,Home Office,Office Supplies,Paper,Small Box,Xerox 1938,0.37,United States,East,Ohio,Lakewood,44107,2015-04-02,2015-04-04,93.95039999999999,3,136.16,87831,1510,False,False,False,Erin,2,2015-04-01,Apr,14,Thursday,Q2,143.7,12.932999999999998,0.69,False,0.31999999999999995,7-9%,100-500,2-3 days,2,OH
19294,High,0.04,10.4,5.4,2668,Carlos Hanson,Regular Air,Corporate,Furniture,Office Furnishings,Small Pack,"Executive Impressions 8-1/2"" Career Panel/Partition Cubicle Clock",0.51,United States,Central,South Dakota,Rapid City,57701,2015-03-28,2015-03-29,29.98,12,130.74,87830,1511,False,False,False,Chris,1,2015-03-01,Mar,13,Saturday,Q1,124.80000000000001,4.992000000000001,0.2293100810769466,False,-0.2806899189230534,4-6%,100-500,Same/next day,2,SD
19295,High,0.08,4.28,4.79,2668,Carlos Hanson,Regular Air,Corporate,Office Supplies,Paper,Small Box,Xerox 1962,0.4,United States,Central,South Dakota,Rapid City,57701,2015-03-28,2015-03-30,-121.2,12,49.87,87830,1512,False,False,False,Chris,2,2015-03-01,Mar,13,Saturday,Q1,51.36,4.1088000000000005,-2.4303188289552837,True,-2.8303188289552836,7-9%,<100,2-3 days,2,SD
18870,Not Specified,0.06,3.93,0.99,2668,Carlos Hanson,Regular Air,Home Office,Office Supplies,Rubber Bands,Wrap Bag,Staples Vinyl Coated Paper Clips,0.39,United States,Central,South Dakota,Rapid City,57701,2015-04-21,2015-04-23,10.7824,6,24.18,87832,1513,False,False,False,Chris,2,2015-04-01,Apr,17,Tuesday,Q2,23.580000000000002,1.4148,0.4459222497932176,False,0.05592224979321758,4-6%,<100,2-3 days,5,SD
5338,High,0.05,165.2,19.99,2670,Yvonne Mann,Regular Air,Home Office,Office Supplies,Storage & Organization,Small Box,Economy Rollaway Files,0.59,United States,West,California,Los Angeles,90049,2015-05-29,2015-05-29,2008.71,167,27587.55,37924,1514,False,False,True,William,0,2015-05-01,May,22,Friday,Q2,27588.399999999998,1379.42,0.07281219245637978,False,-0.5171878075436201,4-6%,10k+,Same/next day,2,CA
5339,High,0.09,17.99,8.65,2670,Yvonne Mann,Regular Air,Home Office,Office Supplies,Pens & Art Supplies,Small Box,Model L Table or Wall-Mount Pencil Sharpener,0.57,United States,West,California,Los Angeles,90049,2015-05-29,2015-05-29,-80.53,71,1191.58,37924,1515,False,False,True,William,0,2015-05-01,May,22,Friday,Q2,1277.29,114.95609999999999,-0.06758253747125666,True,-0.6375825374712566,7-9%,500-2k,Same/next day,2,CA
23338,High,0.05,165.2,19.99,2671,Lloyd Fuller,Regular Air,Home Office,Office Supplies,Storage & Organization,Small Box,Economy Rollaway Files,0.59,United States,South,Tennessee,Brentwood,37027,2015-05-29,2015-05-29,-48.958,42,6938.19,90551,1516,False,False,False,Sam,0,2015-05-01,May,22,Friday,Q2,6938.4,346.92,-0.007056307192509863,True,-0.5970563071925098,4-6%,2k-10k,Same/next day,2,TN
18147,Critical,0.03,41.32,58.66,2677,Geoffrey Rivera,Express Air,Small Business,Furniture,Office Furnishings,Medium Box,"Deflect-o EconoMat Studded, No Bevel Mat for Low Pile Carpeting",0.76,United States,South,Virginia,Winchester,22601,2015-06-16,2015-06-17,-32.816,10,419.27,86633,1517,False,False,False,Sam,1,2015-06-01,Jun,25,Tuesday,Q2,413.2,12.395999999999999,-0.07826937295775993,True,-0.8382693729577599,1-3%,100-500,Same/next day,1,VA
18148,Critical,0.0,6.88,2.0,2677,Geoffrey Rivera,Regular Air,Small Business,Office Supplies,Paper,Wrap Bag,"Adams Phone Message Book, 200 Message Capacity, 8 1/16” x 11”",0.39,United States,South,Virginia,Winchester,22601,2015-06-16,2015-06-16,-15.61,5,36.0,86633,1518,False,False,False,Sam,0,2015-06-01,Jun,25,Tuesday,Q2,34.4,0.0,-0.4336111111111111,True,-0.8236111111111111,0%,<100,Same/next day,1,VA
22848,Low,0.09,8.74,1.39,2684,Edna Michael,Express Air,Small Business,Office Supplies,Envelopes,Small Box,"#10- 4 1/8"" x 9 1/2"" Recycled Envelopes",0.38,United States,South,Florida,Port Charlotte,33952,2015-02-15,2015-02-20,23.616,1,11.78,89146,1519,False,False,False,Sam,5,2015-02-01,Feb,7,Sunday,Q1,8.74,0.7866,2.004753820033956,False,1.624753820033956,7-9%,<100,4-7 days,4,FL
22849,Low,0.09,18.97,9.03,2684,Edna Michael,Regular Air,Small Business,Office Supplies,Paper,Small Box,Computer Printout Paper with Letter-Trim Perforations,0.37,United States,South,Florida,Port Charlotte,33952,2015-02-15,2015-02-20,-1748.012,1,20.96,89146,1520,False,False,False,Sam,5,2015-02-01,Feb,7,Sunday,Q1,18.97,1.7072999999999998,-83.39751908396946,True,-83.76751908396946,7-9%,<100,4-7 days,4,FL
25649,Low,0.07,4.97,5.71,2684,Edna Michael,Regular Air,Small Business,Furniture,Office Furnishings,Medium Box,"DAX Value U-Channel Document Frames, Easel Back",0.54,United States,South,Florida,Port Charlotte,33952,2015-04-10,2015-04-15,-180.15200000000002,5,26.66,89148,1521,False,False,False,Sam,5,2015-04-01,Apr,15,Friday,Q2,24.849999999999998,1.7395,-6.757389347336835,True,-7.297389347336835,7-9%,<100,4-7 days,4,FL
25650,Low,0.09,2.62,0.8,2684,Edna Michael,Regular Air,Small Business,Office Supplies,Rubber Bands,Wrap Bag,Staples Metal Binder Clips,0.39,United States,South,Florida,Port Charlotte,33952,2015-04-10,2015-04-12,8.388,12,29.55,89148,1522,False,False,False,Sam,2,2015-04-01,Apr,15,Friday,Q2,31.44,2.8296,0.28385786802030455,False,-0.10614213197969546,7-9%,<100,2-3 days,4,FL
25651,Low,0.03,65.99,8.8,2684,Edna Michael,Regular Air,Small Business,Technology,Telephones and Communication,Small Box,6120,0.58,United States,South,Florida,Port Charlotte,33952,2015-04-10,2015-04-10,9.939899999999998,21,1237.4,89148,1523,False,False,False,Sam,0,2015-04-01,Apr,15,Friday,Q2,1385.79,41.573699999999995,0.008032891546791657,False,-0.5719671084532083,1-3%,500-2k,Same/next day,4,FL
21114,High,0.0,7.38,11.51,2685,Kathryn Wolfe,Regular Air,Small Business,Office Supplies,Binders and Binder Accessories,Small Box,GBC Plastic Binding Combs,0.36,United States,East,New York,Plainview,11803,2015-04-04,2015-04-05,-66.17099999999999,2,17.64,89147,1524,False,False,False,Erin,1,2015-04-01,Apr,14,Saturday,Q2,14.76,0.0,-3.7511904761904757,True,-4.111190476190476,0%,<100,Same/next day,2,NY
23299,Critical,0.09,3.75,0.5,2689,Marlene Gray,Regular Air,Home Office,Office Supplies,Labels,Small Box,Avery 496,0.37,United States,East,New Jersey,Clifton,07011,2015-05-04,2015-05-06,51.2187,21,74.23,90624,1525,False,True,False,Erin,2,2015-05-01,May,19,Monday,Q2,78.75,7.0874999999999995,0.69,False,0.31999999999999995,7-9%,<100,2-3 days,1,NJ
23298,Critical,0.01,30.98,9.18,2693,Lloyd Cannon,Regular Air,Home Office,Office Supplies,Paper,Small Box,Xerox 1951,0.4,United States,East,Vermont,Bennington,05201,2015-05-04,2015-05-04,380.468,20,627.19,90624,1526,False,True,False,Erin,0,2015-05-01,May,19,Monday,Q2,619.6,6.196000000000001,0.6066231923340615,False,0.20662319233406146,1-3%,500-2k,Same/next day,1,VT
18354,Critical,0.05,107.53,5.81,2696,Sally Dunn,Regular Air,Home Office,Furniture,Office Furnishings,Medium Box,"Tenex Contemporary Contur Chairmats for Low and Medium Pile Carpet, Computer, 39"" x 49""",0.65,United States,South,Alabama,Tuscaloosa,35401,2015-03-05,2015-03-06,-89.418,6,612.92,87676,1527,False,False,False,Sam,1,2015-03-01,Mar,10,Thursday,Q1,645.1800000000001,32.25900000000001,-0.14588853357697582,True,-0.7958885335769759,4-6%,500-2k,Same/next day,1,AL
19506,Critical,0.04,1.74,4.08,2697,Ricky W Clements,Regular Air,Corporate,Furniture,Office Furnishings,Small Pack,"Eldon Regeneration Recycled Desk Accessories, Smoke",0.53,United States,South,Alabama,Vestavia Hills,35216,2015-02-23,2015-02-25,9.251999999999999,16,29.08,87678,1528,False,False,False,Sam,2,2015-02-01,Feb,9,Monday,Q1,27.84,1.1136,0.3181568088033012,False,-0.2118431911966988,4-6%,<100,2-3 days,1,AL
19507,Critical,0.01,119.99,56.14,2697,Ricky W Clements,Delivery Truck,Corporate,Technology,Office Machines,Jumbo Box,Hewlett-Packard 2600DN Business Color Inkjet Printer,0.39,United States,South,Alabama,Vestavia Hills,35216,2015-02-23,2015-02-24,-1197.042,21,2569.57,87678,1529,False,False,False,Sam,1,2015-02-01,Feb,9,Monday,Q1,2519.79,25.1979,-0.46585304155948265,True,-0.8558530415594827,1-3%,2k-10k,Same/next day,1,AL
21580,Critical,0.06,4.98,4.95,2699,Marcia Greenberg,Regular Air,Corporate,Office Supplies,Binders and Binder Accessories,Small Box,Cardinal Holdit Business Card Pockets,0.37,United States,West,Arizona,Bullhead City,86442,2015-05-22,2015-05-24,-103.224,16,78.99,87677,1530,False,False,False,William,2,2015-05-01,May,21,Friday,Q2,79.68,4.7808,-1.3067983289023928,True,-1.6767983289023927,4-6%,<100,2-3 days,1,AZ
20983,Not Specified,0.04,70.98,26.74,2699,Marcia Greenberg,Delivery Truck,Corporate,Furniture,Bookcases,Jumbo Box,"Hon Metal Bookcases, Black",0.6,United States,West,Arizona,Bullhead City,86442,2015-04-08,2015-04-10,-84.6288,19,1345.33,87679,1531,False,False,False,William,2,2015-04-01,Apr,15,Wednesday,Q2,1348.6200000000001,53.94480000000001,-0.06290560680279188,True,-0.6629056068027919,4-6%,500-2k,2-3 days,5,AZ
24151,Critical,0.06,3.6,2.2,2704,Juan Gold,Regular Air,Consumer,Office Supplies,Paper,Wrap Bag,"Telephone Message Books with Fax/Mobile Section, 4 1/4"" x 6""",0.39,United States,South,Florida,Pensacola,32503,2015-04-30,2015-05-02,2755.6422000000002,4,15.19,91407,1532,False,False,False,Sam,2,2015-04-01,Apr,18,Thursday,Q2,14.4,0.864,181.41159973666888,False,181.0215997366689,4-6%,<100,2-3 days,1,FL
21979,Low,0.03,13.48,4.51,2704,Juan Gold,Express Air,Consumer,Office Supplies,Storage & Organization,Small Box,"Tenex Personal Project File with Scoop Front Design, Black",0.59,United States,South,Florida,Pensacola,32503,2015-04-30,2015-05-04,-256.01800000000003,4,59.49,91408,1533,False,False,False,Sam,4,2015-04-01,Apr,18,Thursday,Q2,53.92,1.6176,-4.303546814590688,True,-4.893546814590688,1-3%,<100,4-7 days,4,FL
18898,Medium,0.07,60.97,4.5,2709,Stanley Steele,Regular Air,Consumer,Office Supplies,Appliances,Small Box,Tripp Lite Isotel 6 Outlet Surge Protector with Fax/Modem Protection,0.56,United States,East,Maryland,Ellicott City,21042,2015-05-28,2015-05-30,-41.77,1,57.84,89240,1534,False,False,False,Erin,2,2015-05-01,May,22,Thursday,Q2,60.97,4.2679,-0.72216459197787,True,-1.2821645919778701,7-9%,<100,2-3 days,3,MD
18899,Medium,0.0,90.98,56.2,2709,Stanley Steele,Regular Air,Consumer,Furniture,Office Furnishings,Medium Box,Eldon ClusterMat Chair Mat with Cordless Antistatic Protection,0.74,United States,East,Maryland,Ellicott City,21042,2015-05-28,2015-05-30,-1014.11,15,1425.71,89240,1535,False,False,False,Erin,2,2015-05-01,May,22,Thursday,Q2,1364.7,0.0,-0.711301737379972,True,-1.4513017373799721,0%,500-2k,2-3 days,3,MD
18855,Critical,0.07,2.88,0.5,2713,Lynda Banks,Regular Air,Corporate,Office Supplies,Labels,Small Box,Avery 492,0.39,United States,Central,Michigan,Kalamazoo,49001,2015-06-21,2015-06-24,17.4294,9,25.26,88701,1536,False,False,False,Chris,3,2015-06-01,Jun,25,Sunday,Q2,25.919999999999998,1.8144,0.69,False,0.29999999999999993,7-9%,<100,2-3 days,1,MI
18856,Critical,0.03,348.21,40.19,2713,Lynda Banks,Delivery Truck,Corporate,Furniture,Tables,Jumbo Box,Bretford CR4500 Series Slim Rectangular Table,0.62,United States,Central,Michigan,Kalamazoo,49001,2015-06-21,2015-06-22,-178.86960000000002,2,736.16,88701,1537,False,False,False,Chris,1,2015-06-01,Jun,25,Sunday,Q2,696.42,20.892599999999998,-0.24297652684199092,True,-0.8629765268419909,1-3%,500-2k,Same/next day,1,MI
21690,Low,0.01,29.89,1.99,2715,Becky Farmer,Regular Air,Corporate,Technology,Computer Peripherals,Small Pack,"Verbatim DVD-RAM, 5.2GB, Rewritable, Type 1, DS",0.5,United States,Central,Michigan,Lansing,48911,2015-01-12,2015-01-16,-74.64,1,31.96,88702,1538,False,False,False,Chris,4,2015-01-01,Jan,3,Monday,Q1,29.89,0.2989,-2.3354192740926156,True,-2.8354192740926156,1-3%,<100,4-7 days,4,MI
21863,Critical,0.1,6.74,1.72,2718,Caroline Stone,Regular Air,Consumer,Office Supplies,Paper,Wrap Bag,"Memo Book, 100 Message Capacity, 5 3/8” x 11”",0.35,United States,Central,Illinois,Lansing,60438,2015-03-01,2015-03-03,65.41,15,98.17,89394,1539,False,False,False,Chris,2,2015-03-01,Mar,9,Sunday,Q1,101.10000000000001,10.110000000000001,0.6662931649179994,False,0.3162931649179994,10%+,<100,2-3 days,1,IL
21399,Critical,0.0,40.48,19.99,2720,Donna Block,Regular Air,Small Business,Technology,Computer Peripherals,Small Box,Keytronic Designer 104- Key Black Keyboard,0.77,United States,South,Georgia,Dalton,30721,2015-06-16,2015-06-17,-25.634,6,264.95,88766,1540,False,False,False,Sam,1,2015-06-01,Jun,25,Tuesday,Q2,242.88,0.0,-0.09675033025099077,True,-0.8667503302509908,0%,100-500,Same/next day,1,GA
19907,Critical,0.06,4.98,7.44,2724,Erika Clapp,Regular Air,Home Office,Office Supplies,Paper,Small Box,Xerox 1922,0.36,United States,South,Tennessee,Chattanooga,37421,2015-05-01,2015-05-02,-37.562,10,53.21,88959,1541,False,False,False,Sam,1,2015-05-01,May,18,Friday,Q2,49.800000000000004,2.988,-0.7059199398609284,True,-1.0659199398609283,4-6%,<100,Same/next day,1,TN
19908,Critical,0.01,6.48,7.37,2724,Erika Clapp,Regular Air,Home Office,Office Supplies,Paper,Small Box,Xerox 210,0.37,United States,South,Tennessee,Chattanooga,37421,2015-05-01,2015-05-03,-449.69399999999996,18,122.8,88959,1542,False,False,False,Sam,2,2015-05-01,May,18,Friday,Q2,116.64000000000001,1.1664,-3.66200325732899,True,-4.03200325732899,1-3%,100-500,2-3 days,1,TN
22612,Not Specified,0.05,28.15,6.17,2725,Katharine Hudson,Regular Air,Home Office,Office Supplies,Pens & Art Supplies,Small Pack,"Boston Model 1800 Electric Pencil Sharpener, Gray",0.55,United States,South,Tennessee,Clarksville,37042,2015-01-17,2015-01-18,-66.248,10,282.38,88958,1543,False,False,False,Sam,1,2015-01-01,Jan,3,Saturday,Q1,281.5,14.075000000000001,-0.23460585027268221,True,-0.7846058502726823,4-6%,100-500,Same/next day,5,TN
21422,Low,0.08,230.98,23.78,2729,Penny O Caldwell,Delivery Truck,Consumer,Furniture,Tables,Jumbo Box,"Bush® Cubix Conference Tables, Fully Assembled",0.6,United States,West,Washington,Bellingham,98226,2015-03-06,2015-03-10,501.69,4,924.8,88114,1544,False,False,False,William,4,2015-03-01,Mar,10,Friday,Q1,923.92,73.9136,0.5424848615916955,False,-0.05751513840830447,7-9%,500-2k,4-7 days,4,WA
19819,Not Specified,0.05,100.98,7.18,2737,Rachel Bates,Regular Air,Small Business,Technology,Computer Peripherals,Small Box,Logitech Cordless Elite Duo,0.4,United States,East,Vermont,Rutland,05701,2015-04-22,2015-04-24,566.6072999999999,8,821.17,89018,1545,False,False,False,Erin,2,2015-04-01,Apr,17,Wednesday,Q2,807.84,40.392,0.69,False,0.2899999999999999,4-6%,500-2k,2-3 days,5,VT
18790,Medium,0.03,15.31,8.78,2737,Rachel Bates,Regular Air,Small Business,Office Supplies,Storage & Organization,Small Box,Eldon Jumbo ProFile™ Portable File Boxes Graphite/Black,0.57,United States,East,Vermont,Rutland,05701,2015-06-01,2015-06-02,-57.56,12,194.08,89019,1546,False,False,False,Erin,1,2015-06-01,Jun,23,Monday,Q2,183.72,5.5116,-0.2965787304204452,True,-0.8665787304204451,1-3%,100-500,Same/next day,3,VT
24278,Critical,0.02,33.98,1.99,2738,Sherri Kramer,Regular Air,Small Business,Technology,Computer Peripherals,Small Pack,"Imation Neon 80 Minute CD-R Spindle, 50/Pack",0.45,United States,East,Vermont,South Burlington,05403,2015-04-13,2015-04-15,164.0613,7,237.77,89017,1547,False,False,False,Erin,2,2015-04-01,Apr,16,Monday,Q2,237.85999999999999,4.7572,0.69,False,0.23999999999999994,1-3%,100-500,2-3 days,1,VT
19987,Low,0.01,35.99,5.99,2741,Megan York,Regular Air,Small Business,Technology,Telephones and Communication,Wrap Bag,Accessory41,0.38,United States,West,Idaho,Caldwell,83605,2015-03-12,2015-03-19,218.23319999999995,10,316.28,89481,1548,False,False,False,William,7,2015-03-01,Mar,11,Thursday,Q1,359.90000000000003,3.599,0.69,False,0.30999999999999994,1-3%,100-500,4-7 days,4,ID
21323,Medium,0.01,220.98,64.66,2745,Arnold Gay,Delivery Truck,Corporate,Furniture,Bookcases,Jumbo Box,"Bush Cubix Collection Bookcases, Fully Assembled",0.62,United States,West,Arizona,Chandler,85224,2015-03-18,2015-03-19,1049.03,11,2591.09,86184,1549,False,False,False,William,1,2015-03-01,Mar,12,Wednesday,Q1,2430.7799999999997,24.307799999999997,0.4048605027227923,False,-0.21513949727720771,1-3%,2k-10k,Same/next day,3,AZ
4949,Medium,0.08,9.98,12.52,2747,Brian Grady,Regular Air,Corporate,Furniture,Office Furnishings,Small Box,"Eldon® Expressions™ Wood and Plastic Desk Accessories, Oak",0.57,United States,East,New York,New York City,10115,2015-02-05,2015-02-07,-102.93,15,150.24,35200,1550,False,False,False,Erin,2,2015-02-01,Feb,6,Thursday,Q1,149.70000000000002,11.976,-0.6851038338658147,True,-1.2551038338658147,7-9%,100-500,2-3 days,3,NY
3323,Medium,0.01,220.98,64.66,2747,Brian Grady,Delivery Truck,Corporate,Furniture,Bookcases,Jumbo Box,"Bush Cubix Collection Bookcases, Fully Assembled",0.62,United States,East,New York,New York City,10115,2015-03-18,2015-03-19,1049.03,44,10364.36,23751,1551,False,False,False,Erin,1,2015-03-01,Mar,12,Wednesday,Q1,9723.119999999999,97.23119999999999,0.10121512568069807,False,-0.518784874319302,1-3%,10k+,Same/next day,3,NY
23271,Critical,0.02,161.55,19.99,2750,Allen Nash,Regular Air,Small Business,Office Supplies,Storage & Organization,Small Box,Fellowes Super Stor/Drawer® Files,0.66,United States,South,Virginia,Waynesboro,22980,2015-03-08,2015-03-08,664.518,4,657.61,91424,1552,False,False,False,Sam,0,2015-03-01,Mar,10,Sunday,Q1,646.2,12.924000000000001,1.010504706436946,False,0.35050470643694587,1-3%,500-2k,Same/next day,1,VA
21630,Medium,0.08,22.01,5.53,2760,Evan Adkins,Regular Air,Corporate,Office Supplies,Pens & Art Supplies,Small Pack,Boston 16801 Nautilus™ Battery Pencil Sharpener,0.59,United States,East,Connecticut,Waterbury,06708,2015-04-22,2015-04-24,105.7,11,241.97,90724,1553,False,True,False,Erin,2,2015-04-01,Apr,17,Wednesday,Q2,242.11,19.3688,0.43683101210893915,False,-0.15316898789106081,7-9%,100-500,2-3 days,3,CT
21629,Medium,0.02,29.74,6.64,2764,Arnold Johnson,Regular Air,Corporate,Office Supplies,Storage & Organization,Small Box,Acco Perma® 2700 Stacking Storage Drawers,0.7,United States,East,New Jersey,Hackensack,07601,2015-04-22,2015-04-22,-21.06,4,120.81,90724,1554,False,True,False,Erin,0,2015-04-01,Apr,17,Wednesday,Q2,118.96,2.3792,-0.1743233176061584,True,-0.8743233176061583,1-3%,100-500,Same/next day,3,NJ
26156,Low,0.03,5.85,2.27,2765,Tracy Schultz,Regular Air,Corporate,Office Supplies,Pens & Art Supplies,Wrap Bag,"Dixon My First Ticonderoga Pencil, #2",0.56,United States,East,New Jersey,Lindenwold,08021,2015-05-28,2015-05-30,-5.08,7,41.4,90725,1555,False,False,False,Erin,2,2015-05-01,May,22,Thursday,Q2,40.949999999999996,1.2285,-0.12270531400966184,True,-0.682705314009662,1-3%,<100,2-3 days,4,NJ
23342,Critical,0.02,11.55,2.36,2770,Joel Burnette,Regular Air,Corporate,Office Supplies,Pens & Art Supplies,Wrap Bag,Newell 309,0.55,United States,South,Georgia,Dunwoody,30338,2015-03-08,2015-03-10,1289.3819999999998,14,159.53,88975,1556,False,False,False,Sam,2,2015-03-01,Mar,10,Sunday,Q1,161.70000000000002,3.2340000000000004,8.082379489751142,False,7.5323794897511425,1-3%,100-500,2-3 days,1,GA
26157,High,0.07,177.98,0.99,2771,Kevin Wolfe,Regular Air,Corporate,Office Supplies,Appliances,Small Box,Kensington 7 Outlet MasterPiece Power Center,0.56,United States,South,Georgia,East Point,30344,2015-06-13,2015-06-13,-191.548,3,536.29,88974,1557,False,False,False,Sam,0,2015-06-01,Jun,24,Saturday,Q2,533.9399999999999,37.3758,-0.35717242536687244,True,-0.9171724253668725,7-9%,500-2k,Same/next day,2,GA
24523,Not Specified,0.1,5.18,5.74,2773,Christina Zhu,Regular Air,Corporate,Office Supplies,Binders and Binder Accessories,Small Box,Wilson Jones Impact Binders,0.36,United States,West,California,Dublin,94568,2015-03-26,2015-03-28,-29.003,2,10.96,91584,1558,False,False,False,William,2,2015-03-01,Mar,13,Thursday,Q1,10.36,1.036,-2.646259124087591,True,-3.006259124087591,10%+,<100,2-3 days,5,CA
20956,Low,0.07,574.74,24.49,2775,Theodore Rubin,Regular Air,Consumer,Technology,Office Machines,Large Box,Polycom ViaVideo™ Desktop Video Communications Unit,0.37,United States,Central,Illinois,Franklin Park,60131,2015-01-30,2015-02-04,2860.9331999999995,8,4146.28,91229,1559,False,False,False,Chris,5,2015-01-01,Jan,5,Friday,Q1,4597.92,321.85440000000006,0.69,False,0.31999999999999995,7-9%,2k-10k,4-7 days,4,IL
24122,Critical,0.03,350.98,30.0,2776,April Henson,Delivery Truck,Consumer,Furniture,Chairs & Chairmats,Jumbo Drum,Office Star - Professional Matrix Back Chair with 2-to-1 Synchro Tilt and Mesh Fabric Seat,0.61,United States,East,Maryland,Gaithersburg,20877,2015-01-12,2015-01-15,2692.4420999999998,11,3902.09,91228,1560,False,False,False,Erin,3,2015-01-01,Jan,3,Monday,Q1,3860.78,115.8234,0.69,False,0.07999999999999996,1-3%,2k-10k,2-3 days,1,MD
24123,Critical,0.04,1.68,1.0,2776,April Henson,Regular Air,Consumer,Office Supplies,Pens & Art Supplies,Wrap Bag,Prang Dustless Chalk Sticks,0.35,United States,East,Maryland,Gaithersburg,20877,2015-01-12,2015-01-14,2.0672,8,14.18,91228,1561,False,False,False,Erin,2,2015-01-01,Jan,3,Monday,Q1,13.44,0.5376,0.14578279266572639,False,-0.2042172073342736,4-6%,<100,2-3 days,1,MD
20097,High,0.05,205.99,8.99,2778,Alison Jones,Express Air,Consumer,Technology,Telephones and Communication,Small Box,Talkabout T8097,0.58,United States,South,North Carolina,Wilmington,28403,2015-02-11,2015-02-12,111.0525,12,2118.99,87160,1562,False,False,False,Sam,1,2015-02-01,Feb,7,Wednesday,Q1,2471.88,123.59400000000001,0.0524082227853836,False,-0.5275917772146164,4-6%,2k-10k,Same/next day,2,NC
20098,High,0.08,205.99,8.99,2778,Alison Jones,Regular Air,Consumer,Technology,Telephones and Communication,Small Box,TimeportP7382,0.56,United States,South,North Carolina,Wilmington,28403,2015-02-11,2015-02-12,-1963.752,5,837.64,87160,1563,False,False,False,Sam,1,2015-02-01,Feb,7,Wednesday,Q1,1029.95,82.396,-2.3443866099995225,True,-2.9043866099995226,7-9%,500-2k,Same/next day,2,NC
21707,Critical,0.01,35.99,5.99,2779,Jacob Burgess,Regular Air,Corporate,Technology,Telephones and Communication,Wrap Bag,Accessory41,0.38,United States,South,North Carolina,Wilson,27893,2015-06-11,2015-06-12,-60.704,11,345.07,87161,1564,False,False,False,Sam,1,2015-06-01,Jun,24,Thursday,Q2,395.89000000000004,3.9589000000000003,-0.17591792969542414,True,-0.5559179296954242,1-3%,100-500,Same/next day,1,NC
22095,Low,0.09,2.16,6.05,2781,Kelly Byers,Regular Air,Consumer,Office Supplies,Binders and Binder Accessories,Small Box,Peel & Stick Add-On Corner Pockets,0.37,United States,West,Oregon,Woodburn,97071,2015-01-31,2015-02-04,-37.789,2,5.48,87162,1565,False,False,False,William,4,2015-01-01,Jan,5,Saturday,Q1,4.32,0.38880000000000003,-6.895802919708029,True,-7.265802919708029,7-9%,<100,4-7 days,4,OR
22096,Low,0.03,808.49,55.3,2781,Kelly Byers,Delivery Truck,Consumer,Technology,Office Machines,Jumbo Drum,"Hewlett-Packard Business Color Inkjet 3000 [N, DTN] Series Printers",0.4,United States,West,Oregon,Woodburn,97071,2015-01-31,2015-02-07,7576.11,11,8201.33,87162,1566,False,False,False,William,7,2015-01-01,Jan,5,Saturday,Q1,8893.39,266.8017,0.9237660233157304,False,0.5237660233157304,1-3%,2k-10k,4-7 days,4,OR
22097,Low,0.0,6.48,8.19,2781,Kelly Byers,Regular Air,Consumer,Office Supplies,Paper,Small Box,Xerox 217,0.37,United States,West,Oregon,Woodburn,97071,2015-01-31,2015-02-07,-43.26,3,22.67,87162,1567,False,False,False,William,7,2015-01-01,Jan,5,Saturday,Q1,19.44,0.0,-1.9082487869430964,True,-2.2782487869430965,0%,<100,4-7 days,4,OR
21587,Not Specified,0.01,47.98,3.61,2787,Rodney Kearney,Express Air,Consumer,Technology,Computer Peripherals,Small Pack,"DS/HD IBM Formatted Diskettes, 200/Pack - Staples",0.71,United States,South,Louisiana,Metairie,70003,2015-03-12,2015-03-13,-44.436,8,393.98,91316,1568,False,False,False,Sam,1,2015-03-01,Mar,11,Thursday,Q1,383.84,3.8384,-0.11278745113965176,True,-0.8227874511396517,1-3%,100-500,Same/next day,5,LA
19860,Critical,0.09,2.88,0.7,2791,Dawn Larson,Regular Air,Corporate,Office Supplies,Pens & Art Supplies,Wrap Bag,Newell 346,0.56,United States,Central,Michigan,Madison Heights,48071,2015-01-15,2015-01-15,4.85,7,19.29,88758,1569,False,False,False,Chris,0,2015-01-01,Jan,3,Thursday,Q1,20.16,1.8144,0.2514256091238984,False,-0.30857439087610167,7-9%,<100,Same/next day,1,MI
18361,Medium,0.06,2.61,0.5,2794,Connie Bunn,Regular Air,Corporate,Office Supplies,Labels,Small Box,Avery 479,0.39,United States,Central,Iowa,Marshalltown,50158,2015-03-20,2015-03-22,3.5948999999999995,2,5.21,87554,1570,False,False,False,Chris,2,2015-03-01,Mar,12,Friday,Q1,5.22,0.3132,0.69,False,0.29999999999999993,4-6%,<100,2-3 days,3,IA
18895,High,0.07,4.76,0.88,2794,Connie Bunn,Regular Air,Corporate,Office Supplies,Paper,Wrap Bag,Wirebound Voice Message Log Book,0.39,United States,Central,Iowa,Marshalltown,50158,2015-06-07,2015-06-07,15.8148,5,22.92,87555,1571,False,False,False,Chris,0,2015-06-01,Jun,23,Sunday,Q2,23.799999999999997,1.666,0.69,False,0.29999999999999993,7-9%,<100,Same/next day,2,IA
19486,Low,0.04,3.57,4.17,2795,Harry Burns,Regular Air,Corporate,Office Supplies,Pens & Art Supplies,Small Pack,Barrel Sharpener,0.59,United States,Central,Iowa,Mason City,50401,2015-01-26,2015-01-28,-69.91,8,30.9,87556,1572,False,False,False,Chris,2,2015-01-01,Jan,5,Monday,Q1,28.56,1.1424,-2.2624595469255664,True,-2.8524595469255662,4-6%,<100,2-3 days,4,IA
19487,Low,0.05,200.99,4.2,2795,Harry Burns,Regular Air,Corporate,Technology,Telephones and Communication,Small Box,2160i,0.59,United States,Central,Iowa,Mason City,50401,2015-01-26,2015-01-30,1630.5251999999998,14,2363.08,87556,1573,False,False,False,Chris,4,2015-01-01,Jan,5,Monday,Q1,2813.86,140.693,0.69,False,0.09999999999999998,4-6%,2k-10k,4-7 days,4,IA
19488,Low,0.07,195.99,8.99,2795,Harry Burns,Regular Air,Corporate,Technology,Telephones and Communication,Small Box,A1228,0.58,United States,Central,Iowa,Mason City,50401,2015-01-26,2015-01-26,-457.16,2,328.45,87556,1574,False,False,False,Chris,0,2015-01-01,Jan,5,Monday,Q1,391.98,27.438600000000005,-1.391870908814127,True,-1.971870908814127,7-9%,100-500,Same/next day,4,IA
23351,Medium,0.02,30.44,1.49,2796,Cindy McLeod,Regular Air,Corporate,Office Supplies,Binders and Binder Accessories,Small Box,"Premier Elliptical Ring Binder, Black",0.37,United States,Central,Iowa,Sioux City,51106,2015-01-21,2015-01-23,266.7609,12,386.61,87553,1575,False,True,False,Chris,2,2015-01-01,Jan,4,Wednesday,Q1,365.28000000000003,7.305600000000001,0.69,False,0.31999999999999995,1-3%,100-500,2-3 days,3,IA
22787,Medium,0.0,5.02,5.14,2797,Cameron Kendall,Regular Air,Consumer,Technology,Computer Peripherals,Small Pack,"Imation 3.5, DISKETTE 44766 HGHLD3.52HD/FM, 10/Pack",0.79,United States,East,Pennsylvania,Pittsburgh,15122,2015-01-10,2015-01-11,-159.3028,8,43.94,87552,1576,False,False,False,Erin,1,2015-01-01,Jan,2,Saturday,Q1,40.16,0.0,-3.625461993627674,True,-4.415461993627674,0%,<100,Same/next day,3,PA
23350,Medium,0.02,4.91,0.5,2797,Cameron Kendall,Regular Air,Corporate,Office Supplies,Labels,Small Box,Avery 508,0.36,United States,East,Pennsylvania,Pittsburgh,15122,2015-01-21,2015-01-22,29.8839,9,43.31,87553,1577,False,True,False,Erin,1,2015-01-01,Jan,4,Wednesday,Q1,44.19,0.8837999999999999,0.69,False,0.32999999999999996,1-3%,<100,Same/next day,3,PA
20618,Low,0.0,17.52,8.17,2801,Jimmy Wang,Regular Air,Home Office,Office Supplies,Appliances,Medium Box,Bionaire 99.97% HEPA Air Cleaner,0.5,United States,West,Arizona,Chandler,85224,2015-06-28,2015-07-03,52.763999999999996,15,284.34,91049,1578,False,False,False,William,5,2015-06-01,Jun,26,Sunday,Q2,262.8,0.0,0.1855665752268411,False,-0.3144334247731589,0%,100-500,4-7 days,4,AZ
18070,Medium,0.07,500.98,28.14,2803,Catherine Dorsey Burnett,Delivery Truck,Small Business,Technology,Office Machines,Jumbo Drum,"Hewlett-Packard cp1700 [D, PS] Series Color Inkjet Printers",0.38,United States,West,California,East Los Angeles,90022,2015-02-05,2015-02-06,2699.9838,10,3913.02,86227,1579,False,False,False,William,1,2015-02-01,Feb,6,Thursday,Q1,5009.8,350.68600000000004,0.69,False,0.30999999999999994,7-9%,2k-10k,Same/next day,3,CA
18071,Medium,0.1,178.47,19.99,2803,Catherine Dorsey Burnett,Regular Air,Small Business,Office Supplies,Storage & Organization,Small Box,"Hot File® 7-Pocket, Floor Stand",0.55,United States,West,California,East Los Angeles,90022,2015-02-05,2015-02-07,-170.98,1,180.14,86227,1580,False,False,False,William,2,2015-02-01,Feb,6,Thursday,Q1,178.47,17.847,-0.9491506605973132,True,-1.4991506605973133,10%+,100-500,2-3 days,3,CA
24604,Medium,0.07,30.56,2.99,2813,Marjorie Burnette,Regular Air,Corporate,Office Supplies,Binders and Binder Accessories,Small Box,Surelock™ Post Binders,0.35,United States,South,Tennessee,Cleveland,37311,2015-02-07,2015-02-07,-95.61860000000001,12,364.92,88819,1581,False,False,False,Sam,0,2015-02-01,Feb,6,Saturday,Q1,366.71999999999997,25.6704,-0.26202619752274475,True,-0.6120261975227448,7-9%,100-500,Same/next day,3,TN
24044,High,0.05,4.71,0.7,2817,Paul W French,Express Air,Corporate,Office Supplies,Rubber Bands,Wrap Bag,Plymouth Boxed Rubber Bands by Plymouth,0.8,United States,East,Ohio,Newark,43055,2015-06-01,2015-06-02,-2.3760000000000003,2,12.16,89743,1582,False,False,False,Erin,1,2015-06-01,Jun,23,Monday,Q2,9.42,0.47100000000000003,-0.1953947368421053,True,-0.9953947368421053,4-6%,<100,Same/next day,2,OH
24045,High,0.04,55.99,1.25,2817,Paul W French,Express Air,Corporate,Technology,Telephones and Communication,Small Pack,Accessory32,0.35,United States,East,Ohio,Newark,43055,2015-06-01,2015-06-02,-18.3216,3,147.56,89743,1583,False,False,False,Erin,1,2015-06-01,Jun,23,Monday,Q2,167.97,6.7188,-0.12416373000813229,True,-0.4741637300081323,4-6%,100-500,Same/next day,2,OH
24373,Low,0.08,6.48,2.74,2820,Laurence Simon,Regular Air,Home Office,Technology,Computer Peripherals,Small Pack,"Sony MFD2HD Formatted Diskettes, 10/Pack",0.71,United States,Central,Missouri,Oakville,63129,2015-05-10,2015-05-12,-82.64,18,113.68,87899,1584,False,False,False,Chris,2,2015-05-01,May,19,Sunday,Q2,116.64000000000001,9.3312,-0.7269528501055594,True,-1.4369528501055595,7-9%,100-500,2-3 days,4,MO
24746,Not Specified,0.1,22.01,5.53,2820,Laurence Simon,Regular Air,Home Office,Office Supplies,Pens & Art Supplies,Small Pack,Boston 16801 Nautilus™ Battery Pencil Sharpener,0.59,United States,Central,Missouri,Oakville,63129,2015-01-14,2015-01-15,31.59,14,281.75,87900,1585,False,False,False,Chris,1,2015-01-01,Jan,3,Wednesday,Q1,308.14000000000004,30.814000000000007,0.1121206743566992,False,-0.47787932564330077,10%+,100-500,Same/next day,5,MO
23803,Low,0.02,21.98,2.87,2823,Max Hurley,Regular Air,Corporate,Office Supplies,Pens & Art Supplies,Small Pack,Panasonic KP-310 Heavy-Duty Electric Pencil Sharpener,0.55,United States,West,Nevada,North Las Vegas,89031,2015-04-30,2015-05-02,165.6345,11,240.05,87240,1586,False,False,False,William,2,2015-04-01,Apr,18,Thursday,Q2,241.78,4.8356,0.69,False,0.1399999999999999,1-3%,100-500,2-3 days,4,NV
22660,Low,0.02,27.48,4.0,2825,Carole Rosen,Regular Air,Consumer,Technology,Computer Peripherals,Small Box,Belkin MediaBoard 104- Keyboard,0.75,United States,West,Idaho,Boise,83701,2015-05-20,2015-05-27,19.30800000000002,3,87.21,89497,1587,False,False,False,William,7,2015-05-01,May,21,Wednesday,Q2,82.44,1.6488,0.22139662882696964,False,-0.5286033711730304,1-3%,<100,4-7 days,4,ID
22661,Low,0.08,10.06,2.06,2825,Carole Rosen,Regular Air,Consumer,Office Supplies,Paper,Wrap Bag,Riverleaf Stik-Withit® Designer Note Cubes®,0.39,United States,West,Idaho,Boise,83701,2015-05-20,2015-05-24,0.3299999999999969,4,40.15,89497,1588,False,False,False,William,4,2015-05-01,May,21,Wednesday,Q2,40.24,3.2192000000000003,0.008219178082191704,False,-0.3817808219178083,7-9%,<100,4-7 days,4,ID
24607,High,0.05,11.29,5.03,2828,Monica Howard,Regular Air,Corporate,Office Supplies,Storage & Organization,Small Box,X-Rack™ File for Hanging Folders,0.59,United States,West,California,El Centro,92243,2015-02-19,2015-02-21,-35.26,8,90.46,87720,1589,False,False,False,William,2,2015-02-01,Feb,8,Thursday,Q1,90.32,4.516,-0.38978554057041787,True,-0.9797855405704179,4-6%,<100,2-3 days,2,CA
23431,Medium,0.07,39.48,1.99,2828,Monica Howard,Regular Air,Corporate,Technology,Computer Peripherals,Small Pack,"80 Minute CD-R Spindle, 100/Pack - Staples",0.54,United States,West,California,El Centro,92243,2015-06-01,2015-06-02,322.25069999999994,12,467.03,87721,1590,False,False,False,William,1,2015-06-01,Jun,23,Monday,Q2,473.76,33.1632,0.69,False,0.1499999999999999,7-9%,100-500,Same/next day,3,CA
20594,Not Specified,0.03,140.98,36.09,2833,Tim Connolly,Delivery Truck,Small Business,Furniture,Bookcases,Jumbo Box,"Sauder Forest Hills Library, Woodland Oak Finish",0.77,United States,Central,Minnesota,Inver Grove Heights,55076,2015-03-25,2015-03-27,-221.5,4,608.81,91030,1591,False,False,False,Chris,2,2015-03-01,Mar,13,Wednesday,Q1,563.92,16.917599999999997,-0.36382451010988653,True,-1.1338245101098865,1-3%,500-2k,2-3 days,5,MN
20595,Not Specified,0.08,65.99,8.99,2833,Tim Connolly,Regular Air,Small Business,Technology,Telephones and Communication,Small Box,Talkabout T8367,0.56,United States,Central,Minnesota,Inver Grove Heights,55076,2015-03-25,2015-03-26,206.352,15,808.61,91030,1592,False,False,False,Chris,1,2015-03-01,Mar,13,Wednesday,Q1,989.8499999999999,79.18799999999999,0.25519348016967386,False,-0.3048065198303262,7-9%,500-2k,Same/next day,5,MN
19191,High,0.07,51.98,10.17,2837,Leslie Hawley,Regular Air,Home Office,Technology,Office Machines,Medium Box,Canon MP25DIII Desktop Whisper-Quiet Printing Calculator,0.37,United States,Central,Oklahoma,Tulsa,74133,2015-03-08,2015-03-10,439.78529999999995,13,637.37,89801,1593,False,False,False,Chris,2,2015-03-01,Mar,10,Sunday,Q1,675.74,47.30180000000001,0.69,False,0.31999999999999995,7-9%,500-2k,2-3 days,2,OK
19192,High,0.1,80.97,33.6,2837,Leslie Hawley,Delivery Truck,Home Office,Technology,Office Machines,Jumbo Drum,Lexmark Z25 Color Inkjet Printer,0.37,United States,Central,Oklahoma,Tulsa,74133,2015-03-08,2015-03-11,-149.4573,3,232.16,89801,1594,False,False,False,Chris,3,2015-03-01,Mar,10,Sunday,Q1,242.91,24.291,-0.6437685217091661,True,-1.013768521709166,10%+,100-500,2-3 days,2,OK
18416,High,0.0,21.98,2.87,2840,Bob Berg,Regular Air,Corporate,Office Supplies,Pens & Art Supplies,Small Pack,Panasonic KP-310 Heavy-Duty Electric Pencil Sharpener,0.55,United States,South,Florida,North Miami,33161,2015-03-19,2015-03-20,21.095999999999997,16,360.03,87884,1595,False,False,False,Sam,1,2015-03-01,Mar,12,Thursday,Q1,351.68,0.0,0.058595117073577195,False,-0.49140488292642287,0%,100-500,Same/next day,2,FL
18419,Medium,0.05,15.68,3.73,2840,Bob Berg,Regular Air,Corporate,Furniture,Office Furnishings,Small Pack,Artistic Insta-Plaque,0.46,United States,South,Florida,North Miami,33161,2015-06-11,2015-06-13,1166.6280000000002,17,260.01,87885,1596,False,False,False,Sam,2,2015-06-01,Jun,24,Thursday,Q2,266.56,13.328000000000001,4.4868581977616255,False,4.026858197761626,4-6%,100-500,2-3 days,3,FL
18420,Medium,0.0,14.98,8.99,2840,Bob Berg,Regular Air,Corporate,Furniture,Office Furnishings,Small Pack,"GE 4 Foot Flourescent Tube, 40 Watt",0.39,United States,South,Florida,North Miami,33161,2015-06-11,2015-06-12,-40.6042,18,273.79,87885,1597,False,False,False,Sam,1,2015-06-01,Jun,24,Thursday,Q2,269.64,0.0,-0.14830417473245916,True,-0.5383041747324592,0%,100-500,Same/next day,3,FL
18421,Medium,0.02,38.76,13.26,2840,Bob Berg,Regular Air,Corporate,Office Supplies,Paper,Small Box,Xerox 1892,0.36,United States,South,Florida,North Miami,33161,2015-06-11,2015-06-12,-294.084,1,44.62,87885,1598,False,False,False,Sam,1,2015-06-01,Jun,24,Thursday,Q2,38.76,0.7752,-6.590856118332587,True,-6.950856118332587,1-3%,<100,Same/next day,3,FL
21855,Not Specified,0.04,90.48,19.99,2847,Vanessa Day,Regular Air,Corporate,Office Supplies,Envelopes,Small Box,Tyvek® Side-Opening Peel & Seel® Expanding Envelopes,0.4,United States,South,Tennessee,Collierville,38017,2015-04-09,2015-04-11,55.5552,3,268.64,85928,1599,False,False,False,Sam,2,2015-04-01,Apr,15,Thursday,Q2,271.44,10.8576,0.20680166765932104,False,-0.19319833234067899,4-6%,100-500,2-3 days,5,TN
21856,Not Specified,0.02,9.77,6.02,2847,Vanessa Day,Regular Air,Corporate,Furniture,Office Furnishings,Medium Box,DAX Solid Wood Frames,0.48,United States,South,Tennessee,Collierville,38017,2015-04-09,2015-04-10,-535.332,9,87.68,85928,1600,False,False,False,Sam,1,2015-04-01,Apr,15,Thursday,Q2,87.92999999999999,1.7586,-6.1055200729927,True,-6.585520072992701,1-3%,<100,Same/next day,5,TN
21857,Not Specified,0.09,34.99,7.73,2847,Vanessa Day,Regular Air,Corporate,Office Supplies,Pens & Art Supplies,Small Box,Hunt Boston® Vacuum Mount KS Pencil Sharpener,0.59,United States,South,Tennessee,Collierville,38017,2015-04-09,2015-04-11,-208.72039999999998,1,37.62,85928,1601,False,False,False,Sam,2,2015-04-01,Apr,15,Thursday,Q2,34.99,3.1491000000000002,-5.5481233386496545,True,-6.138123338649654,7-9%,<100,2-3 days,5,TN
24455,Medium,0.0,49.99,19.99,2848,Eileen Dalton,Regular Air,Corporate,Technology,Computer Peripherals,Small Box,Zoom V.92 USB External Faxmodem,0.41,United States,South,Tennessee,Columbia,38401,2015-06-06,2015-06-08,38.885999999999996,16,832.97,85929,1602,False,False,False,Sam,2,2015-06-01,Jun,23,Saturday,Q2,799.84,0.0,0.04668355402955688,False,-0.3633164459704431,0%,500-2k,2-3 days,3,TN
23622,Low,0.05,115.99,8.99,2851,Annie Sherrill,Regular Air,Consumer,Technology,Telephones and Communication,Small Box,5185,0.58,United States,Central,Texas,Odessa,79762,2015-04-09,2015-04-13,719.3525999999999,11,1042.54,86454,1603,False,False,False,Chris,4,2015-04-01,Apr,15,Thursday,Q2,1275.8899999999999,63.7945,0.69,False,0.10999999999999999,4-6%,500-2k,4-7 days,4,TX
23042,Medium,0.08,7.84,4.71,2855,Vicki Womble,Regular Air,Corporate,Office Supplies,Binders and Binder Accessories,Small Box,XtraLife® ClearVue™ Slant-D® Ring Binders by Cardinal,0.35,United States,West,Washington,Des Moines,98198,2015-01-21,2015-01-22,-12.876779999999998,10,76.16,87316,1604,False,False,False,William,1,2015-01-01,Jan,4,Wednesday,Q1,78.4,6.272,-0.1690753676470588,True,-0.5190753676470587,7-9%,<100,Same/next day,3,WA
23043,Medium,0.03,105.34,24.49,2855,Vicki Womble,Regular Air,Corporate,Furniture,Office Furnishings,Large Box,Deflect-o DuraMat Antistatic Studded Beveled Mat for Medium Pile Carpeting,0.61,United States,West,Washington,Des Moines,98198,2015-01-21,2015-01-22,618.1308,10,1038.14,87316,1605,False,False,False,William,1,2015-01-01,Jan,4,Wednesday,Q1,1053.4,31.602,0.5954214267825149,False,-0.014578573217485125,1-3%,500-2k,Same/next day,3,WA
23213,Low,0.09,6783.02,24.49,2855,Vicki Womble,Regular Air,Consumer,Technology,Office Machines,Large Box,Polycom ViewStation™ ISDN Videoconferencing Unit,0.39,United States,West,Washington,Des Moines,98198,2015-03-10,2015-03-14,-14140.7016,1,6296.0,87317,1606,False,False,False,William,4,2015-03-01,Mar,11,Tuesday,Q1,6783.02,610.4718,-2.245981829733164,True,-2.635981829733164,7-9%,2k-10k,4-7 days,4,WA
18516,Medium,0.06,2.94,0.96,2858,Jerry Webster,Regular Air,Corporate,Office Supplies,Pens & Art Supplies,Wrap Bag,Newell 343,0.58,United States,South,Florida,Fruit Cove,32259,2015-05-17,2015-05-18,-8.876,3,8.79,88279,1607,False,False,False,Sam,1,2015-05-01,May,20,Sunday,Q2,8.82,0.5292,-1.0097838452787258,True,-1.5897838452787258,4-6%,<100,Same/next day,3,FL
18506,Low,0.04,67.28,19.99,2858,Jerry Webster,Regular Air,Corporate,Office Supplies,Binders and Binder Accessories,Small Box,Catalog Binders with Expanding Posts,0.4,United States,South,Florida,Fruit Cove,32259,2015-05-23,2015-05-28,14.754,30,2051.68,88282,1608,False,False,False,Sam,5,2015-05-01,May,21,Saturday,Q2,2018.4,80.736,0.007191179911097248,False,-0.3928088200889028,4-6%,2k-10k,4-7 days,4,FL
18507,Low,0.1,130.98,54.74,2858,Jerry Webster,Delivery Truck,Corporate,Furniture,Bookcases,Jumbo Box,"O'Sullivan Elevations Bookcase, Cherry Finish",0.69,United States,South,Florida,Fruit Cove,32259,2015-05-23,2015-05-23,669.612,42,5295.03,88282,1609,False,False,False,Sam,0,2015-05-01,May,21,Saturday,Q2,5501.16,550.116,0.12646047331176594,False,-0.563539526688234,10%+,2k-10k,Same/next day,4,FL
18508,Low,0.04,2.78,1.25,2858,Jerry Webster,Regular Air,Corporate,Office Supplies,Pens & Art Supplies,Wrap Bag,Newell 318,0.59,United States,South,Florida,Fruit Cove,32259,2015-05-23,2015-05-23,213.0,28,80.27,88282,1610,False,False,False,Sam,0,2015-05-01,May,21,Saturday,Q2,77.83999999999999,3.1135999999999995,2.653544288027906,False,2.0635442880279062,4-6%,<100,Same/next day,4,FL
20270,Not Specified,0.03,142.86,19.99,2859,Brad H Blake,Regular Air,Corporate,Office Supplies,Storage & Organization,Small Box,Letter Size Cart,0.56,United States,South,Florida,Gainesville,32601,2015-04-01,2015-04-03,-8.388100000000001,23,3292.02,88281,1611,False,False,False,Sam,2,2015-04-01,Apr,14,Wednesday,Q2,3285.78,98.5734,-0.0025480100363910307,True,-0.5625480100363911,1-3%,2k-10k,2-3 days,5,FL
23238,Medium,0.05,20.99,4.81,2861,Dwight Robinson,Regular Air,Corporate,Technology,Telephones and Communication,Medium Box,1726 Digital Answering Machine,0.58,United States,Central,Kansas,Hays,67601,2015-02-28,2015-02-28,4.90176,11,199.43,88280,1612,False,False,False,Chris,0,2015-02-01,Feb,9,Saturday,Q1,230.89,11.5445,0.024578849721706864,False,-0.5554211502782931,4-6%,100-500,Same/next day,3,KS
25932,High,0.0,12.22,2.85,2862,Carrie High,Regular Air,Corporate,Furniture,Office Furnishings,Small Pack,Aluminum Document Frame,0.55,United States,Central,Nebraska,La Vista,68128,2015-04-11,2015-04-12,76.38989999999998,9,110.71,88278,1613,False,False,False,Chris,1,2015-04-01,Apr,15,Saturday,Q2,109.98,0.0,0.6899999999999998,False,0.1399999999999998,0%,100-500,Same/next day,2,NE
23136,Critical,0.01,13.79,8.78,2865,Roberta Mitchell,Regular Air,Corporate,Furniture,Office Furnishings,Small Box,9-3/4 Diameter Round Wall Clock,0.43,United States,Central,Texas,Paris,75460,2015-02-23,2015-02-25,-36.77,4,56.68,90871,1614,False,False,False,Chris,2,2015-02-01,Feb,9,Monday,Q1,55.16,0.5516,-0.6487297106563162,True,-1.0787297106563163,1-3%,<100,2-3 days,1,TX
23137,Critical,0.04,33.29,8.74,2865,Roberta Mitchell,Regular Air,Corporate,Office Supplies,Storage & Organization,Small Box,Fellowes Bases and Tops For Staxonsteel®/High-Stak® Systems,0.61,United States,Central,Texas,Paris,75460,2015-02-23,2015-02-24,87.03,8,273.34,90871,1615,False,False,False,Chris,1,2015-02-01,Feb,9,Monday,Q1,266.32,10.6528,0.31839467330065124,False,-0.29160532669934874,4-6%,100-500,Same/next day,1,TX
1529,High,0.01,125.99,8.99,2867,Dana Teague,Regular Air,Corporate,Technology,Telephones and Communication,Small Box,M70,0.59,United States,East,District of Columbia,Washington,20016,2015-04-17,2015-04-18,-582.6479999999999,2,226.88,11013,1616,False,False,False,Erin,1,2015-04-01,Apr,16,Friday,Q2,251.98,2.5198,-2.5680888575458387,True,-3.1580888575458386,1-3%,100-500,Same/next day,2,DC
18998,High,0.03,896.99,19.99,2868,Eugene Clayton,Regular Air,Corporate,Office Supplies,Binders and Binder Accessories,Small Box,GBC DocuBind TL300 Electric Binding System,0.38,United States,West,Washington,Edmonds,98026,2015-01-08,2015-01-10,3602.1311999999994,6,5220.48,85826,1617,False,False,False,William,2,2015-01-01,Jan,2,Thursday,Q1,5381.9400000000005,161.4582,0.69,False,0.30999999999999994,1-3%,2k-10k,2-3 days,2,WA
19529,High,0.01,125.99,8.99,2868,Eugene Clayton,Regular Air,Corporate,Technology,Telephones and Communication,Small Box,M70,0.59,United States,West,Washington,Edmonds,98026,2015-04-17,2015-04-18,-582.6479999999999,1,113.44,85827,1618,False,False,False,William,1,2015-04-01,Apr,16,Friday,Q2,125.99,1.2599,-5.136177715091677,True,-5.726177715091677,1-3%,100-500,Same/next day,2,WA
19293,Not Specified,0.08,15.99,13.18,2868,Eugene Clayton,Express Air,Corporate,Office Supplies,Binders and Binder Accessories,Small Box,"GBC Pre-Punched Binding Paper, Plastic, White, 8-1/2"" x 11""",0.37,United States,West,Washington,Edmonds,98026,2015-05-25,2015-05-27,-66.585,4,66.02,85828,1619,False,False,False,William,2,2015-05-01,May,22,Monday,Q2,63.96,5.1168000000000005,-1.008558012723417,True,-1.378558012723417,7-9%,<100,2-3 days,5,WA
25724,Medium,0.07,2.89,0.5,2873,Benjamin Gunter,Regular Air,Small Business,Office Supplies,Labels,Small Box,Avery 498,0.38,United States,South,Florida,Hialeah,33012,2015-01-22,2015-01-24,441.594,12,33.02,89872,1620,False,False,False,Sam,2,2015-01-01,Jan,4,Thursday,Q1,34.68,2.4276000000000004,13.37353119321623,False,12.99353119321623,7-9%,<100,2-3 days,3,FL
25725,Medium,0.0,217.85,29.1,2873,Benjamin Gunter,Delivery Truck,Small Business,Furniture,Tables,Jumbo Box,"Chromcraft Bull-Nose Wood Round Conference Table Top, Wood Base",0.68,United States,South,Florida,Hialeah,33012,2015-01-22,2015-01-23,394.17,10,2273.1,89872,1621,False,False,False,Sam,1,2015-01-01,Jan,4,Thursday,Q1,2178.5,0.0,0.1734063613567375,False,-0.5065936386432626,0%,2k-10k,Same/next day,3,FL
21768,Low,0.05,4.84,0.71,2874,Marian Willis,Regular Air,Home Office,Office Supplies,Pens & Art Supplies,Wrap Bag,*Staples* Highlighting Markers,0.52,United States,Central,Nebraska,La Vista,68128,2015-04-06,2015-04-15,13.448099999999998,4,19.49,89873,1622,False,False,False,Chris,9,2015-04-01,Apr,15,Monday,Q2,19.36,0.968,0.69,False,0.16999999999999993,4-6%,<100,8+ days,4,NE
19246,Critical,0.03,304.99,19.99,2874,Marian Willis,Regular Air,Home Office,Office Supplies,Binders and Binder Accessories,Small Box,Ibico Hi-Tech Manual Binding System,0.4,United States,Central,Nebraska,La Vista,68128,2015-06-22,2015-06-24,4033.6089,19,5845.81,89874,1623,False,False,False,Chris,2,2015-06-01,Jun,26,Monday,Q2,5794.81,173.8443,0.69,False,0.2899999999999999,1-3%,2k-10k,2-3 days,1,NE
19247,Critical,0.09,65.99,8.99,2874,Marian Willis,Regular Air,Home Office,Technology,Telephones and Communication,Small Box,V 3600 Series,0.58,United States,Central,Nebraska,La Vista,68128,2015-06-22,2015-06-24,141.7824,12,633.85,89874,1624,False,False,False,Chris,2,2015-06-01,Jun,26,Monday,Q2,791.8799999999999,71.26919999999998,0.22368446793405378,False,-0.3563155320659462,7-9%,500-2k,2-3 days,1,NE
25599,Not Specified,0.0,8.33,1.99,2877,Shannon Aldridge,Express Air,Consumer,Technology,Computer Peripherals,Small Pack,"80 Minute Slim Jewel Case CD-R , 10/Pack - Staples",0.52,United States,East,Ohio,North Olmsted,44070,2015-03-02,2015-03-04,74.1819,12,107.51,91492,1625,False,False,False,Erin,2,2015-03-01,Mar,10,Monday,Q1,99.96000000000001,0.0,0.69,False,0.16999999999999993,0%,100-500,2-3 days,5,OH
7599,Not Specified,0.0,8.33,1.99,2878,Susan Carroll Berman,Express Air,Consumer,Technology,Computer Peripherals,Small Pack,"80 Minute Slim Jewel Case CD-R , 10/Pack - Staples",0.52,United States,West,Washington,Seattle,98107,2015-03-02,2015-03-04,82.31,47,421.08,54369,1626,False,False,False,William,2,2015-03-01,Mar,10,Monday,Q1,391.51,0.0,0.19547354421962573,False,-0.3245264557803743,0%,100-500,2-3 days,5,WA
18642,Medium,0.05,6.68,6.93,2880,Grace Black,Regular Air,Small Business,Office Supplies,Paper,Small Box,HP Office Paper (20Lb. and 87 Bright),0.37,United States,South,Florida,North Miami Beach,33160,2015-03-28,2015-03-29,-2.3520000000000096,11,77.2,88626,1627,False,False,False,Sam,1,2015-03-01,Mar,13,Saturday,Q1,73.47999999999999,3.6739999999999995,-0.03046632124352344,True,-0.40046632124352344,4-6%,<100,Same/next day,3,FL
20315,Low,0.09,243.98,43.32,2880,Grace Black,Delivery Truck,Small Business,Furniture,Chairs & Chairmats,Jumbo Drum,"Hon Deluxe Fabric Upholstered Stacking Chairs, Rounded Back",0.55,United States,South,Florida,North Miami Beach,33160,2015-05-08,2015-05-13,1059.288,25,5587.89,88627,1628,False,False,False,Sam,5,2015-05-01,May,19,Friday,Q2,6099.5,548.9549999999999,0.18956851333866628,False,-0.36043148666133373,7-9%,2k-10k,4-7 days,4,FL
7718,High,0.03,4.06,6.89,2882,Andrew Gonzalez,Regular Air,Consumer,Office Supplies,Appliances,Small Box,Eureka Disposable Bags for Sanitaire® Vibra Groomer I® Upright Vac,0.6,United States,South,North Carolina,Charlotte,28206,2015-02-20,2015-02-22,-246.27609999999999,37,159.89,55300,1629,False,False,False,Sam,2,2015-02-01,Feb,8,Friday,Q1,150.22,4.5066,-1.5402845706423167,True,-2.140284570642317,1-3%,100-500,2-3 days,2,NC
7719,High,0.01,3.75,0.5,2882,Andrew Gonzalez,Regular Air,Consumer,Office Supplies,Labels,Small Box,Avery 510,0.37,United States,South,North Carolina,Charlotte,28206,2015-02-20,2015-02-21,55.194599999999994,48,180.48,55300,1630,False,False,False,Sam,1,2015-02-01,Feb,8,Friday,Q1,180.0,1.8,0.3058211436170213,False,-0.06417885638297871,1-3%,100-500,Same/next day,2,NC
7720,High,0.02,10.68,13.04,2882,Andrew Gonzalez,Regular Air,Consumer,Furniture,Office Furnishings,Large Box,Dana Swing-Arm Lamps,0.6,United States,South,North Carolina,Charlotte,28206,2015-02-20,2015-02-22,-307.29650000000004,31,350.48,55300,1631,False,False,False,Sam,2,2015-02-01,Feb,8,Friday,Q1,331.08,6.6216,-0.8767875485049076,True,-1.4767875485049076,1-3%,100-500,2-3 days,2,NC
2314,High,0.07,28.99,8.59,2882,Andrew Gonzalez,Regular Air,Consumer,Technology,Telephones and Communication,Medium Box,SouthWestern Bell FA970 Digital Answering Machine with Time/Day Stamp,0.56,United States,South,North Carolina,Charlotte,28206,2015-03-19,2015-03-19,-16.063740000000003,39,936.8,16676,1632,False,False,False,Sam,0,2015-03-01,Mar,12,Thursday,Q1,1130.61,79.1427,-0.017147459436379166,True,-0.5771474594363792,7-9%,500-2k,Same/next day,2,NC
694,Critical,0.05,6.48,8.73,2882,Andrew Gonzalez,Regular Air,Consumer,Office Supplies,Paper,Small Box,Xerox 227,0.37,United States,South,North Carolina,Charlotte,28206,2015-05-09,2015-05-09,-160.3847,35,232.5,4839,1633,False,False,False,Sam,0,2015-05-01,May,19,Saturday,Q2,226.8,11.340000000000002,-0.6898266666666667,True,-1.0598266666666667,4-6%,100-500,Same/next day,1,NC
3065,High,0.09,363.25,19.99,2882,Andrew Gonzalez,Regular Air,Consumer,Office Supplies,Appliances,Small Box,Hoover WindTunnel™ Plus Canister Vacuum,0.57,United States,South,North Carolina,Charlotte,28206,2015-06-05,2015-06-06,732.2698,21,7497.05,21958,1634,False,False,False,Sam,1,2015-06-01,Jun,23,Friday,Q2,7628.25,686.5425,0.09767439192749149,False,-0.47232560807250845,7-9%,2k-10k,Same/next day,2,NC
5689,Low,0.05,63.94,14.48,2882,Andrew Gonzalez,Express Air,Consumer,Furniture,Office Furnishings,Small Box,"Howard Miller 16"" Diameter Gallery Wall Clock",0.46,United States,South,North Carolina,Charlotte,28206,2015-06-30,2015-07-07,270.8743,21,1336.35,40224,1635,False,False,False,Sam,7,2015-06-01,Jun,27,Tuesday,Q2,1342.74,67.137,0.20269712275975607,False,-0.2573028772402439,4-6%,500-2k,4-7 days,4,NC
7137,Low,0.02,43.98,1.99,2882,Andrew Gonzalez,Regular Air,Consumer,Technology,Computer Peripherals,Small Pack,"Memorex 80 Minute CD-R Spindle, 100/Pack",0.44,United States,South,North Carolina,Charlotte,28206,2015-01-21,2015-01-25,333.7605,40,1724.01,50917,1636,False,False,False,Sam,4,2015-01-01,Jan,4,Wednesday,Q1,1759.1999999999998,35.184,0.19359545478274487,False,-0.24640454521725513,1-3%,500-2k,4-7 days,4,NC
18694,Critical,0.05,6.48,8.73,2883,Stuart Sharma,Regular Air,Consumer,Office Supplies,Paper,Small Box,Xerox 227,0.37,United States,East,Ohio,North Olmsted,44070,2015-05-09,2015-05-09,-120.59,9,59.79,87632,1637,False,False,False,Erin,0,2015-05-01,May,19,Saturday,Q2,58.32000000000001,2.9160000000000004,-2.0168924569325974,True,-2.3868924569325976,4-6%,<100,Same/next day,1,OH
20314,High,0.07,28.99,8.59,2884,Stuart C Robinson,Regular Air,Consumer,Technology,Telephones and Communication,Medium Box,SouthWestern Bell FA970 Digital Answering Machine with Time/Day Stamp,0.56,United States,East,Ohio,North Ridgeville,44039,2015-03-19,2015-03-19,-12.078000000000001,10,240.21,87631,1638,False,False,False,Erin,0,2015-03-01,Mar,12,Thursday,Q1,289.9,20.293,-0.05028100412139378,True,-0.6102810041213939,7-9%,100-500,Same/next day,2,OH
21065,High,0.09,363.25,19.99,2884,Stuart C Robinson,Regular Air,Consumer,Office Supplies,Appliances,Small Box,Hoover WindTunnel™ Plus Canister Vacuum,0.57,United States,East,Ohio,North Ridgeville,44039,2015-06-05,2015-06-06,1231.6569,5,1785.01,87633,1639,False,False,False,Erin,1,2015-06-01,Jun,23,Friday,Q2,1816.25,163.4625,0.69,False,0.12,7-9%,500-2k,Same/next day,2,OH
23689,Low,0.05,63.94,14.48,2885,Gary Frazier,Express Air,Consumer,Furniture,Office Furnishings,Small Box,"Howard Miller 16"" Diameter Gallery Wall Clock",0.46,United States,East,Ohio,North Royalton,44133,2015-06-30,2015-07-07,219.5442,5,318.18,87634,1640,False,False,False,Erin,7,2015-06-01,Jun,27,Tuesday,Q2,319.7,15.985,0.69,False,0.22999999999999993,4-6%,100-500,4-7 days,4,OH
25718,High,0.03,4.06,6.89,2886,Gretchen McKinney,Regular Air,Consumer,Office Supplies,Appliances,Small Box,Eureka Disposable Bags for Sanitaire® Vibra Groomer I® Upright Vac,0.6,United States,East,Ohio,Parma,44134,2015-02-20,2015-02-22,-185.17,9,38.89,87630,1641,False,False,False,Erin,2,2015-02-01,Feb,8,Friday,Q1,36.54,1.0961999999999998,-4.761378246335819,True,-5.361378246335819,1-3%,<100,2-3 days,2,OH
25719,High,0.01,3.75,0.5,2886,Gretchen McKinney,Regular Air,Consumer,Office Supplies,Labels,Small Box,Avery 510,0.37,United States,East,Ohio,Parma,44134,2015-02-20,2015-02-21,31.132799999999996,12,45.12,87630,1642,False,False,False,Erin,1,2015-02-01,Feb,8,Friday,Q1,45.0,0.45,0.69,False,0.31999999999999995,1-3%,<100,Same/next day,2,OH
25720,High,0.02,10.68,13.04,2886,Gretchen McKinney,Regular Air,Consumer,Furniture,Office Furnishings,Large Box,Dana Swing-Arm Lamps,0.6,United States,East,Ohio,Parma,44134,2015-02-20,2015-02-22,-231.05,8,90.45,87630,1643,False,False,False,Erin,2,2015-02-01,Feb,8,Friday,Q1,85.44,1.7088,-2.55444997236042,True,-3.1544499723604202,1-3%,<100,2-3 days,2,OH
21514,High,0.1,209.37,69.0,2892,Benjamin Porter,Regular Air,Consumer,Furniture,Tables,Large Box,Hon 2111 Invitation™ Series Corner Table,0.79,United States,Central,Michigan,Livonia,48154,2015-02-23,2015-02-25,-165.59492040000003,11,2125.12,90011,1644,False,True,False,Chris,2,2015-02-01,Feb,9,Monday,Q1,2303.07,230.30700000000002,-0.0779226210284596,True,-0.8679226210284596,10%+,2k-10k,2-3 days,2,MI
21515,High,0.07,4.98,4.7,2893,Kathryn Tate,Regular Air,Consumer,Office Supplies,Paper,Small Box,Staples Copy Paper (20Lb. and 84 Bright),0.38,United States,Central,Michigan,Madison Heights,48071,2015-02-23,2015-02-24,-21.684,9,45.05,90011,1645,False,True,False,Chris,1,2015-02-01,Feb,9,Monday,Q1,44.82000000000001,3.137400000000001,-0.48133185349611546,True,-0.8613318534961154,7-9%,<100,Same/next day,2,MI
19909,Low,0.02,880.98,44.55,2896,Anna Ellis,Delivery Truck,Home Office,Furniture,Bookcases,Jumbo Box,"Riverside Palais Royal Lawyers Bookcase, Royale Cherry Finish",0.62,United States,Central,Minnesota,Mankato,56001,2015-01-22,2015-01-26,4861.0638,8,7045.02,86925,1646,False,False,False,Chris,4,2015-01-01,Jan,4,Thursday,Q1,7047.84,140.95680000000002,0.69,False,0.06999999999999995,1-3%,2k-10k,4-7 days,4,MN
18198,Critical,0.0,22.84,16.92,2896,Anna Ellis,Regular Air,Home Office,Office Supplies,Paper,Small Box,Xerox 1973,0.39,United States,Central,Minnesota,Mankato,56001,2015-03-12,2015-03-14,-83.75,15,370.62,86927,1647,False,False,False,Chris,2,2015-03-01,Mar,11,Thursday,Q1,342.6,0.0,-0.22597269440397172,True,-0.6159726944039717,0%,100-500,2-3 days,1,MN
20304,High,0.05,80.97,30.06,2897,Betty Giles,Delivery Truck,Home Office,Technology,Office Machines,Jumbo Box,Hewlett-Packard Deskjet 940 REFURBISHED Color Inkjet Printer,0.4,United States,Central,Minnesota,Maple Grove,55369,2015-02-13,2015-02-14,565.18,11,904.25,86926,1648,False,False,False,Chris,1,2015-02-01,Feb,7,Friday,Q1,890.67,44.533500000000004,0.6250262648603815,False,0.22502626486038146,4-6%,500-2k,Same/next day,2,MN
20305,High,0.0,6.48,10.05,2897,Betty Giles,Regular Air,Home Office,Office Supplies,Paper,Small Box,Xerox 1997,0.37,United States,Central,Minnesota,Maple Grove,55369,2015-02-13,2015-02-15,-38.72,2,16.31,86926,1649,False,False,False,Chris,2,2015-02-01,Feb,7,Friday,Q1,12.96,0.0,-2.374003678724709,True,-2.744003678724709,0%,<100,2-3 days,2,MN
23151,Not Specified,0.06,70.89,89.3,2903,Frances Powers,Delivery Truck,Small Business,Furniture,Tables,Jumbo Box,KI Conference Tables,0.72,United States,East,Ohio,Reynoldsburg,43068,2015-06-25,2015-06-25,65.07702,6,364.26,87374,1650,False,False,False,Erin,0,2015-06-01,Jun,26,Thursday,Q2,425.34000000000003,25.520400000000002,0.17865541097018614,False,-0.5413445890298139,4-6%,100-500,Same/next day,5,OH
18611,High,0.07,4.13,0.99,2908,Robyn Lyon,Regular Air,Home Office,Office Supplies,Labels,Small Box,Avery 491,0.39,United States,East,Ohio,Garfield Heights,44125,2015-01-08,2015-01-08,10.9592,4,16.07,88156,1651,False,False,False,Erin,0,2015-01-01,Jan,2,Thursday,Q1,16.52,1.1564,0.6819663970130677,False,0.2919663970130677,7-9%,<100,Same/next day,2,OH
18612,High,0.03,22.72,8.99,2908,Robyn Lyon,Regular Air,Home Office,Furniture,Office Furnishings,Small Pack,"Executive Impressions 14"" Two-Color Numerals Wall Clock",0.44,United States,East,Ohio,Garfield Heights,44125,2015-01-08,2015-01-08,17.4294,1,25.26,88156,1652,False,False,False,Erin,0,2015-01-01,Jan,2,Thursday,Q1,22.72,0.6816,0.69,False,0.24999999999999994,1-3%,<100,Same/next day,2,OH
20827,Not Specified,0.05,34.98,7.53,2908,Robyn Lyon,Express Air,Home Office,Technology,Computer Peripherals,Small Box,Fellowes EZ Multi-Media Keyboard,0.76,United States,East,Ohio,Garfield Heights,44125,2015-02-28,2015-03-03,-32.6664,16,581.08,88157,1653,False,False,False,Erin,3,2015-02-01,Feb,9,Saturday,Q1,559.68,27.983999999999998,-0.0562166999380464,True,-0.8162166999380465,4-6%,500-2k,2-3 days,5,OH
20828,Not Specified,0.0,3.14,1.92,2908,Robyn Lyon,Regular Air,Home Office,Office Supplies,"Scissors, Rulers and Trimmers",Wrap Bag,Serrated Blade or Curved Handle Hand Letter Openers,0.84,United States,East,Ohio,Garfield Heights,44125,2015-02-28,2015-03-02,-13.135200000000001,8,27.53,88157,1654,False,False,False,Erin,2,2015-02-01,Feb,9,Saturday,Q1,25.12,0.0,-0.4771231383944788,True,-1.3171231383944788,0%,<100,2-3 days,5,OH
21290,High,0.04,4.13,0.99,2912,Hannah Carver,Express Air,Home Office,Office Supplies,Labels,Small Box,Avery 491,0.39,United States,Central,North Dakota,Grand Forks,58201,2015-04-28,2015-04-30,22.307699999999997,7,32.33,87396,1655,False,False,False,Chris,2,2015-04-01,Apr,18,Tuesday,Q2,28.91,1.1564,0.69,False,0.29999999999999993,4-6%,<100,2-3 days,2,ND
21291,High,0.06,55.48,14.3,2912,Hannah Carver,Regular Air,Home Office,Office Supplies,Paper,Small Box,Xerox 194,0.37,United States,Central,North Dakota,Grand Forks,58201,2015-04-28,2015-04-30,443.0213999999999,12,642.06,87396,1656,False,False,False,Chris,2,2015-04-01,Apr,18,Tuesday,Q2,665.76,39.9456,0.69,False,0.31999999999999995,4-6%,500-2k,2-3 days,2,ND
8310,Medium,0.05,535.64,14.7,2920,Ernest Peele,Delivery Truck,Home Office,Technology,Office Machines,Jumbo Drum,Epson LQ-870 Dot Matrix Printer,0.59,United States,Central,Illinois,Chicago,60603,2015-06-07,2015-06-09,-1220.9144999999999,2,1068.6,59365,1657,False,False,False,Chris,2,2015-06-01,Jun,23,Sunday,Q2,1071.28,53.564,-1.142536496350365,True,-1.7325364963503649,4-6%,500-2k,2-3 days,3,IL
18166,Medium,0.0,6.37,5.19,2923,Lynne Griffith,Regular Air,Consumer,Office Supplies,Binders and Binder Accessories,Small Box,"C-Line Peel & Stick Add-On Filing Pockets, 8-3/4 x 5-1/8, 10/Pack",0.38,United States,East,Maryland,Hagerstown,21740,2015-02-28,2015-03-02,-27.1492,15,99.75,86592,1658,False,False,False,Erin,2,2015-02-01,Feb,9,Saturday,Q1,95.55,0.0,-0.27217243107769423,True,-0.6521724310776942,0%,<100,2-3 days,3,MD
18345,Critical,0.02,110.98,13.99,2924,Courtney Nelson,Regular Air,Consumer,Furniture,Office Furnishings,Medium Box,"Rubbermaid ClusterMat Chairmats, Mat Size- 66"" x 60"", Lip 20"" x 11"" -90 Degree Angle",0.69,United States,East,Maryland,Laurel,20707,2015-01-16,2015-01-18,-106.3424,2,226.53,86591,1659,False,False,False,Erin,2,2015-01-01,Jan,3,Friday,Q1,221.96,4.4392000000000005,-0.4694406921820509,True,-1.1594406921820508,1-3%,100-500,2-3 days,1,MD
18346,Critical,0.01,8.01,2.87,2924,Courtney Nelson,Regular Air,Consumer,Office Supplies,Paper,Wrap Bag,"TOPS Money Receipt Book, Consecutively Numbered in Red,",0.4,United States,East,Maryland,Laurel,20707,2015-01-16,2015-01-18,44.9768,8,68.65,86591,1660,False,False,False,Erin,2,2015-01-01,Jan,3,Friday,Q1,64.08,0.6408,0.6551609613983975,False,0.2551609613983975,1-3%,<100,2-3 days,1,MD
25817,Critical,0.02,5.58,2.99,2928,Leslie Woodard,Regular Air,Consumer,Office Supplies,Binders and Binder Accessories,Small Box,Avery Heavy-Duty EZD ™ Binder With Locking Rings,0.37,United States,South,South Carolina,Charleston,29418,2015-05-26,2015-05-28,689.328,42,236.83,90218,1661,False,False,False,Sam,2,2015-05-01,May,22,Tuesday,Q2,234.36,4.687200000000001,2.9106447662880544,False,2.5406447662880542,1-3%,100-500,2-3 days,1,SC
25819,Critical,0.02,54.1,19.99,2928,Leslie Woodard,Regular Air,Consumer,Office Supplies,Storage & Organization,Small Box,Desktop 3-Pocket Hot File®,0.59,United States,South,South Carolina,Charleston,29418,2015-05-26,2015-05-27,-33.586,36,1944.87,90218,1662,False,False,False,Sam,1,2015-05-01,May,22,Tuesday,Q2,1947.6000000000001,38.952000000000005,-0.017269020551502156,True,-0.6072690205515021,1-3%,500-2k,Same/next day,1,SC
21313,Not Specified,0.1,11.55,2.36,2931,Faye Hanna,Regular Air,Small Business,Office Supplies,Pens & Art Supplies,Wrap Bag,Newell 309,0.55,United States,West,California,El Dorado Hills,95630,2015-02-28,2015-02-28,69.7672,12,135.77,87619,1663,False,False,False,William,0,2015-02-01,Feb,9,Saturday,Q1,138.60000000000002,13.860000000000003,0.513863150916992,False,-0.03613684908300807,10%+,100-500,Same/next day,5,CA
24866,High,0.01,35.44,19.99,2932,Phyllis Hull,Regular Air,Small Business,Office Supplies,Paper,Small Box,Xerox 1880,0.38,United States,East,Connecticut,Stratford,06614,2015-04-22,2015-04-23,-52.822799999999994,1,55.43,87620,1664,False,True,False,Erin,1,2015-04-01,Apr,17,Wednesday,Q2,35.44,0.3544,-0.9529640988634313,True,-1.3329640988634313,1-3%,<100,Same/next day,2,CT
24995,Low,0.02,3.8,1.49,2935,Shirley Riley,Regular Air,Small Business,Office Supplies,Binders and Binder Accessories,Small Box,Durable Pressboard Binders,0.38,United States,East,Massachusetts,Boston,02215,2015-05-11,2015-05-15,7.31,5,20.46,87617,1665,False,False,False,Erin,4,2015-05-01,May,20,Monday,Q2,19.0,0.38,0.3572825024437927,False,-0.022717497556207278,1-3%,<100,4-7 days,4,MA
24865,High,0.03,47.9,5.86,2938,Laurie Case Daniel,Regular Air,Small Business,Office Supplies,Paper,Small Box,Xerox 1938,0.37,United States,East,Massachusetts,Stoneham,02180,2015-04-22,2015-04-25,642.9902999999999,20,931.87,87620,1666,False,True,False,Erin,3,2015-04-01,Apr,17,Wednesday,Q2,958.0,28.74,0.69,False,0.31999999999999995,1-3%,500-2k,2-3 days,2,MA
23567,Critical,0.05,2.62,0.8,2941,Leah Pollock,Regular Air,Small Business,Office Supplies,Rubber Bands,Wrap Bag,Staples Metal Binder Clips,0.39,United States,East,New Jersey,Morristown,07960,2015-05-26,2015-05-27,12.71,8,21.41,87618,1667,False,False,False,Erin,1,2015-05-01,May,22,Tuesday,Q2,20.96,1.048,0.593647828117702,False,0.203647828117702,4-6%,<100,Same/next day,1,NJ
19575,Low,0.04,4.55,1.49,2944,Elsie Lane,Regular Air,Corporate,Office Supplies,Binders and Binder Accessories,Small Box,Presstex Flexible Ring Binders,0.35,United States,Central,Michigan,Midland,48640,2015-03-05,2015-03-07,28.288,13,59.75,90309,1668,False,False,False,Chris,2,2015-03-01,Mar,10,Thursday,Q1,59.15,2.366,0.47343933054393306,False,0.12343933054393308,4-6%,<100,2-3 days,4,MI
26054,Not Specified,0.01,7.64,1.39,2947,Kathy Turner,Regular Air,Consumer,Office Supplies,Envelopes,Small Box,Security-Tint Envelopes,0.36,United States,East,New York,Depew,14043,2015-02-04,2015-02-07,112.1181,20,162.49,87511,1669,False,False,False,Erin,3,2015-02-01,Feb,6,Wednesday,Q1,152.79999999999998,1.5279999999999998,0.69,False,0.32999999999999996,1-3%,100-500,2-3 days,5,NY
25051,Medium,0.07,42.98,4.62,2951,Jordan Womble,Express Air,Corporate,Office Supplies,Appliances,Small Box,Belkin F9M820V08 8 Outlet Surge,0.56,United States,Central,Kansas,Hays,67601,2015-02-15,2015-02-17,565.386,19,819.4,91397,1670,False,False,False,Chris,2,2015-02-01,Feb,7,Sunday,Q1,816.6199999999999,57.163399999999996,0.69,False,0.1299999999999999,7-9%,500-2k,2-3 days,3,KS
25052,Medium,0.03,89.99,42.0,2951,Jordan Womble,Delivery Truck,Corporate,Furniture,Chairs & Chairmats,Jumbo Drum,"Global Leather Task Chair, Black",0.66,United States,Central,Kansas,Hays,67601,2015-02-15,2015-02-18,-230.9528,19,1809.75,91397,1671,False,False,False,Chris,3,2015-02-01,Feb,7,Sunday,Q1,1709.81,51.2943,-0.1276158585439978,True,-0.7876158585439978,1-3%,500-2k,2-3 days,3,KS
25970,Medium,0.08,5.74,5.01,2952,Thelma Murray,Express Air,Corporate,Office Supplies,Binders and Binder Accessories,Small Box,Binder Posts,0.39,United States,East,Ohio,Grove City,43123,2015-04-15,2015-04-17,-61.62804,12,70.03,91398,1672,False,False,False,Erin,2,2015-04-01,Apr,16,Wednesday,Q2,68.88,5.5104,-0.8800234185349136,True,-1.2700234185349135,7-9%,<100,2-3 days,3,OH
21200,Low,0.09,12.22,2.85,2954,William Sharma,Regular Air,Consumer,Furniture,Office Furnishings,Small Pack,Aluminum Document Frame,0.55,United States,Central,Minnesota,Maplewood,55119,2015-06-18,2015-06-25,70.6767,9,102.43,86427,1673,False,False,False,Chris,7,2015-06-01,Jun,25,Thursday,Q2,109.98,9.8982,0.69,False,0.1399999999999999,7-9%,100-500,4-7 days,4,MN
24817,Medium,0.1,37.94,5.08,2957,Francis I Davis,Express Air,Corporate,Office Supplies,Paper,Wrap Bag,"Snap-A-Way® Black Print Carbonless Ruled Speed Letter, Triplicate",0.38,United States,Central,Wisconsin,Milwaukee,53209,2015-04-02,2015-04-04,95.05439999999999,4,137.76,90264,1674,False,False,False,Chris,2,2015-04-01,Apr,14,Thursday,Q2,151.76,15.176,0.69,False,0.30999999999999994,10%+,100-500,2-3 days,3,WI
25709,Low,0.06,20.99,0.99,2958,Ellen Sparks,Regular Air,Corporate,Technology,Telephones and Communication,Wrap Bag,Accessory21,0.37,United States,Central,Wisconsin,Neenah,54956,2015-03-23,2015-03-28,224.96069999999997,18,326.03,90265,1675,False,False,False,Chris,5,2015-03-01,Mar,13,Monday,Q1,377.82,22.6692,0.69,False,0.31999999999999995,4-6%,100-500,4-7 days,4,WI
19923,Not Specified,0.1,36.55,13.89,2960,Allan Dickinson,Regular Air,Corporate,Office Supplies,Pens & Art Supplies,Wrap Bag,"Dixon Ticonderoga Core-Lock Colored Pencils, 48-Color Set",0.41,United States,South,Arkansas,Van Buren,72956,2015-04-05,2015-04-07,-89.572,11,379.72,90646,1676,False,False,False,Sam,2,2015-04-01,Apr,14,Sunday,Q2,402.04999999999995,40.205,-0.23588960286526914,True,-0.6458896028652691,10%+,100-500,2-3 days,5,AR
20390,High,0.07,4.76,0.88,2962,Leonard Strauss,Express Air,Consumer,Office Supplies,Paper,Wrap Bag,Wirebound Voice Message Log Book,0.39,United States,West,Colorado,Louisville,80027,2015-05-07,2015-05-09,33.347699999999996,10,48.33,88611,1677,False,False,False,William,2,2015-05-01,May,19,Thursday,Q2,47.599999999999994,3.332,0.69,False,0.29999999999999993,7-9%,<100,2-3 days,2,CO
22175,Critical,0.01,7.98,6.5,2963,Frances Johnson,Regular Air,Consumer,Office Supplies,Storage & Organization,Medium Box,Iris Project Case,0.59,United States,East,Maryland,Middle River,21220,2015-06-22,2015-06-23,-34.592,4,34.91,88612,1678,False,False,False,Erin,1,2015-06-01,Jun,26,Monday,Q2,31.92,0.31920000000000004,-0.9908908622171299,True,-1.5808908622171298,1-3%,<100,Same/next day,1,MD
25953,High,0.06,42.98,4.62,2964,Kathy Hinton,Regular Air,Consumer,Office Supplies,Appliances,Small Box,Belkin F9M820V08 8 Outlet Surge,0.56,United States,East,Ohio,Mount Vernon,43050,2015-04-21,2015-04-23,-24.63,1,47.04,88610,1679,False,False,False,Erin,2,2015-04-01,Apr,17,Tuesday,Q2,42.98,2.5787999999999998,-0.5235969387755102,True,-1.0835969387755102,4-6%,<100,2-3 days,2,OH
21390,Not Specified,0.08,9.68,2.03,2968,Miriam Bowman,Regular Air,Small Business,Office Supplies,Paper,Wrap Bag,"Wirebound Service Call Books, 5 1/2"" x 4""",0.37,United States,South,Florida,Hollywood,33021,2015-02-22,2015-02-24,-536.242,1,10.94,86085,1680,False,False,False,Sam,2,2015-02-01,Feb,8,Sunday,Q1,9.68,0.7744,-49.01663619744058,True,-49.38663619744058,7-9%,<100,2-3 days,5,FL
21391,Not Specified,0.04,150.98,16.01,2968,Miriam Bowman,Delivery Truck,Small Business,Furniture,Tables,Jumbo Box,"Iceberg OfficeWorks 42"" Round Tables",0.7,United States,South,Florida,Hollywood,33021,2015-02-22,2015-02-23,-125.86000000000001,5,731.38,86085,1681,False,False,False,Sam,1,2015-02-01,Feb,8,Sunday,Q1,754.9,30.195999999999998,-0.17208564631245046,True,-0.8720856463124504,4-6%,500-2k,Same/next day,5,FL
18041,High,0.06,363.25,19.99,2968,Miriam Bowman,Regular Air,Small Business,Office Supplies,Appliances,Small Box,Hoover WindTunnel™ Plus Canister Vacuum,0.57,United States,South,Florida,Hollywood,33021,2015-03-28,2015-03-30,36.1641,1,344.87,86086,1682,False,False,False,Sam,2,2015-03-01,Mar,13,Saturday,Q1,363.25,21.794999999999998,0.1048629918520022,False,-0.46513700814799774,4-6%,100-500,2-3 days,2,FL
21096,High,0.01,30.97,4.0,2973,Sally Liu,Regular Air,Home Office,Technology,Computer Peripherals,Small Box,Microsoft Multimedia Keyboard,0.74,United States,Central,Wisconsin,New Berlin,53151,2015-04-13,2015-04-15,17.1028,17,523.06,87186,1683,False,False,False,Chris,2,2015-04-01,Apr,16,Monday,Q2,526.49,5.2649,0.03269758727488242,False,-0.7073024127251175,1-3%,500-2k,2-3 days,2,WI
21097,High,0.08,125.99,7.69,2973,Sally Liu,Regular Air,Home Office,Technology,Telephones and Communication,Small Box,Timeport L7089,0.58,United States,Central,Wisconsin,New Berlin,53151,2015-04-13,2015-04-15,1269.38196,23,2424.68,87186,1684,False,False,False,Chris,2,2015-04-01,Apr,16,Monday,Q2,2897.77,231.8216,0.5235255621360344,False,-0.056474437863965554,7-9%,2k-10k,2-3 days,2,WI
24770,Critical,0.1,442.14,14.7,2973,Sally Liu,Delivery Truck,Home Office,Technology,Office Machines,Jumbo Drum,Okidata ML390 Turbo Dot Matrix Printers,0.56,United States,Central,Wisconsin,New Berlin,53151,2015-05-20,2015-05-21,137.68794000000014,6,2411.43,87187,1685,False,False,False,Chris,1,2015-05-01,May,21,Wednesday,Q2,2652.84,265.28400000000005,0.05709804555802994,False,-0.5029019544419702,10%+,2k-10k,Same/next day,1,WI
19599,Medium,0.01,35.99,0.99,2976,Fred Barber,Regular Air,Small Business,Technology,Telephones and Communication,Small Pack,Accessory31,0.35,United States,Central,Wisconsin,Oak Creek,53154,2015-05-22,2015-05-23,882.4824,41,1278.96,89047,1686,False,False,False,Chris,1,2015-05-01,May,21,Friday,Q2,1475.5900000000001,14.755900000000002,0.69,False,0.33999999999999997,1-3%,500-2k,Same/next day,3,WI
20182,Critical,0.09,2.94,0.7,2979,Lloyd Dolan,Regular Air,Corporate,Office Supplies,Pens & Art Supplies,Wrap Bag,Newell 338,0.58,United States,Central,North Dakota,Dickinson,58601,2015-01-27,2015-01-28,6.384,9,25.22,86544,1687,False,True,False,Chris,1,2015-01-01,Jan,5,Tuesday,Q1,26.46,2.3814,0.2531324345757336,False,-0.32686756542426637,7-9%,<100,Same/next day,1,ND
18169,Critical,0.02,5.34,2.99,2979,Lloyd Dolan,Regular Air,Corporate,Office Supplies,Binders and Binder Accessories,Small Box,Wilson Jones 14 Line Acrylic Coated Pressboard Data Binders,0.38,United States,Central,North Dakota,Dickinson,58601,2015-02-26,2015-02-28,5.2955000000000005,6,34.73,86545,1688,False,False,False,Chris,2,2015-02-01,Feb,9,Thursday,Q1,32.04,0.6408,0.15247624532104812,False,-0.2275237546789519,1-3%,<100,2-3 days,1,ND
18170,Critical,0.03,40.98,7.47,2979,Lloyd Dolan,Regular Air,Corporate,Office Supplies,Binders and Binder Accessories,Small Box,"Wilson Jones Ledger-Size, Piano-Hinge Binder, 2"", Blue",0.37,United States,Central,North Dakota,Dickinson,58601,2015-02-26,2015-02-27,170.79569999999998,6,247.53,86545,1689,False,False,False,Chris,1,2015-02-01,Feb,9,Thursday,Q1,245.88,7.376399999999999,0.69,False,0.31999999999999995,1-3%,100-500,Same/next day,1,ND
18133,Not Specified,0.01,5.84,0.83,2979,Lloyd Dolan,Regular Air,Corporate,Office Supplies,Pens & Art Supplies,Wrap Bag,Avery Hi-Liter® Smear-Safe Highlighters,0.49,United States,Central,North Dakota,Dickinson,58601,2015-06-14,2015-06-16,16.092,4,23.89,86546,1690,False,False,False,Chris,2,2015-06-01,Jun,24,Sunday,Q2,23.36,0.2336,0.6735872750104646,False,0.18358727501046457,1-3%,<100,2-3 days,5,ND
20183,Critical,0.03,43.98,8.99,2980,Joanna Kenney,Regular Air,Corporate,Office Supplies,Pens & Art Supplies,Small Pack,Boston 1645 Deluxe Heavier-Duty Electric Pencil Sharpener,0.58,United States,East,Ohio,Sandusky,44870,2015-01-27,2015-01-29,274.0788,10,454.4,86544,1691,False,True,False,Erin,2,2015-01-01,Jan,5,Tuesday,Q1,439.79999999999995,13.193999999999997,0.6031663732394367,False,0.02316637323943671,1-3%,100-500,2-3 days,1,OH
20184,Critical,0.06,1.14,0.7,2980,Joanna Kenney,Regular Air,Corporate,Office Supplies,Rubber Bands,Wrap Bag,OIC Thumb-Tacks,0.38,United States,East,Ohio,Sandusky,44870,2015-01-27,2015-01-30,-3.782,13,14.53,86544,1692,False,True,False,Erin,3,2015-01-01,Jan,5,Tuesday,Q1,14.819999999999999,0.8891999999999999,-0.2602890571231934,True,-0.6402890571231934,4-6%,<100,2-3 days,1,OH
20435,Medium,0.07,2.61,0.5,2980,Joanna Kenney,Regular Air,Corporate,Office Supplies,Labels,Small Box,Avery 494,0.39,United States,East,Ohio,Sandusky,44870,2015-02-25,2015-02-27,10.798499999999999,6,15.65,86547,1693,False,False,False,Erin,2,2015-02-01,Feb,9,Wednesday,Q1,15.66,1.0962,0.69,False,0.29999999999999993,7-9%,<100,2-3 days,3,OH
23110,Low,0.04,2.88,1.01,2980,Joanna Kenney,Regular Air,Corporate,Office Supplies,Pens & Art Supplies,Wrap Bag,"Sanford Colorific Colored Pencils, 12/Box",0.55,United States,East,Ohio,Sandusky,44870,2015-05-30,2015-06-04,15.246,39,111.92,86548,1694,False,False,False,Erin,5,2015-05-01,May,22,Saturday,Q2,112.32,4.4928,0.13622230164403146,False,-0.41377769835596856,4-6%,100-500,4-7 days,4,OH
20816,Critical,0.09,100.98,35.84,2987,Natalie Watts,Delivery Truck,Home Office,Furniture,Bookcases,Jumbo Box,"Bush Westfield Collection Bookcases, Fully Assembled",0.62,United States,Central,Iowa,West Des Moines,50265,2015-06-28,2015-06-28,-103.624,17,1700.38,91180,1695,False,False,False,Chris,0,2015-06-01,Jun,26,Sunday,Q2,1716.66,154.4994,-0.060941671861583877,True,-0.6809416718615838,7-9%,500-2k,Same/next day,1,IA
20817,Critical,0.1,5.78,7.96,2987,Natalie Watts,Regular Air,Home Office,Office Supplies,Paper,Small Box,Xerox 196,0.36,United States,Central,Iowa,West Des Moines,50265,2015-06-28,2015-06-28,-57.824,6,35.96,91180,1696,False,False,False,Chris,0,2015-06-01,Jun,26,Sunday,Q2,34.68,3.468,-1.608008898776418,True,-1.968008898776418,10%+,<100,Same/next day,1,IA
22473,Low,0.05,70.97,3.5,2991,Sean Herbert,Regular Air,Home Office,Office Supplies,Appliances,Small Box,Tripp Lite Isotel 8 Ultra 8 Outlet Metal Surge,0.59,United States,Central,Wisconsin,Racine,53402,2015-05-08,2015-05-13,18.218000000000018,2,141.59,91466,1697,False,True,False,Chris,5,2015-05-01,May,19,Friday,Q2,141.94,7.097,0.1286672787626246,False,-0.46133272123737534,4-6%,100-500,4-7 days,4,WI
22476,Low,0.0,5.28,6.26,2992,Lindsay Webb,Regular Air,Home Office,Office Supplies,Paper,Small Box,Xerox 1928,0.4,United States,Central,Wisconsin,Sheboygan,53081,2015-05-08,2015-05-15,25.058000000000035,36,203.05,91466,1698,False,True,False,Chris,7,2015-05-01,May,19,Friday,Q2,190.08,0.0,0.1234080275794141,False,-0.2765919724205859,0%,100-500,4-7 days,4,WI
20891,Not Specified,0.03,10.98,3.37,2999,Kim McCarthy,Regular Air,Consumer,Office Supplies,"Scissors, Rulers and Trimmers",Small Pack,Fiskars® Softgrip Scissors,0.57,United States,Central,Michigan,Oak Park,48237,2015-04-10,2015-04-11,11.82,5,56.19,87041,1699,False,False,False,Chris,1,2015-04-01,Apr,15,Friday,Q2,54.900000000000006,1.647,0.21035771489588898,False,-0.359642285104111,1-3%,<100,Same/next day,5,MI
21499,Low,0.01,10.14,2.27,3000,Priscilla Allen,Regular Air,Consumer,Office Supplies,Paper,Wrap Bag,"Staples Wirebound Steno Books, 6"" x 9"", 12/Pack",0.36,United States,Central,Michigan,Pontiac,48342,2015-01-26,2015-01-28,28.151999999999997,4,40.8,87042,1700,False,False,False,Chris,2,2015-01-01,Jan,5,Monday,Q1,40.56,0.4056,0.69,False,0.32999999999999996,1-3%,<100,2-3 days,4,MI
23836,Not Specified,0.03,5.4,7.78,3001,Anthony Foley,Regular Air,Consumer,Office Supplies,Binders and Binder Accessories,Small Box,3M Organizer Strips,0.37,United States,Central,Michigan,Port Huron,48060,2015-03-17,2015-03-19,-237.544,21,117.87,87043,1701,False,False,False,Chris,2,2015-03-01,Mar,12,Tuesday,Q1,113.4,3.402,-2.015304997030627,True,-2.385304997030627,1-3%,100-500,2-3 days,5,MI
25282,Medium,0.03,85.99,0.99,3003,Roy Rouse,Regular Air,Home Office,Technology,Telephones and Communication,Wrap Bag,Accessory34,0.55,United States,West,Idaho,Coeur D Alene,83814,2015-03-05,2015-03-06,1037.1045,20,1503.05,91586,1702,False,False,False,William,1,2015-03-01,Mar,10,Thursday,Q1,1719.8,51.593999999999994,0.69,False,0.1399999999999999,1-3%,500-2k,Same/next day,3,ID
7664,Low,0.08,6.48,6.81,3004,Maurice Everett,Regular Air,Corporate,Office Supplies,Paper,Small Box,Xerox 1930,0.36,United States,West,California,Los Angeles,90049,2015-02-10,2015-02-15,-94.59,58,382.33,54949,1703,False,False,False,William,5,2015-02-01,Feb,7,Tuesday,Q1,375.84000000000003,30.067200000000003,-0.2474040750137316,True,-0.6074040750137316,7-9%,100-500,4-7 days,4,CA
7665,Low,0.09,20.98,53.03,3004,Maurice Everett,Delivery Truck,Corporate,Office Supplies,Storage & Organization,Jumbo Drum,"Tennsco Lockers, Gray",0.78,United States,West,California,Los Angeles,90049,2015-02-10,2015-02-17,-293.74,13,356.61,54949,1704,False,False,False,William,7,2015-02-01,Feb,7,Tuesday,Q1,272.74,24.5466,-0.8237009618350579,True,-1.603700961835058,7-9%,100-500,4-7 days,4,CA
23295,Critical,0.05,122.99,19.99,3005,Teresa Watts,Express Air,Corporate,Office Supplies,Binders and Binder Accessories,Small Box,GBC Therma-A-Bind 250T Electric Binding System,0.37,United States,West,Idaho,Coeur D Alene,83814,2015-06-08,2015-06-11,1039.7540999999999,12,1506.89,91389,1705,False,False,False,William,3,2015-06-01,Jun,24,Monday,Q2,1475.8799999999999,73.794,0.6899999999999998,False,0.31999999999999984,4-6%,500-2k,2-3 days,1,ID
25664,Low,0.08,6.48,6.81,3006,Thomas Spence,Regular Air,Corporate,Office Supplies,Paper,Small Box,Xerox 1930,0.36,United States,West,Idaho,Idaho Falls,83402,2015-02-10,2015-02-15,-49.186800000000005,14,92.29,91388,1706,False,False,False,William,5,2015-02-01,Feb,7,Tuesday,Q1,90.72,7.2576,-0.5329591505038466,True,-0.8929591505038466,7-9%,<100,4-7 days,4,ID
25665,Low,0.09,20.98,53.03,3006,Thomas Spence,Delivery Truck,Corporate,Office Supplies,Storage & Organization,Jumbo Drum,"Tennsco Lockers, Gray",0.78,United States,West,Idaho,Idaho Falls,83402,2015-02-10,2015-02-17,-152.7448,3,82.29,91388,1707,False,False,False,William,7,2015-02-01,Feb,7,Tuesday,Q1,62.94,5.664599999999999,-1.8561769352290678,True,-2.636176935229068,7-9%,<100,4-7 days,4,ID
23627,Critical,0.05,9.99,4.78,3008,Penny Rich,Regular Air,Home Office,Office Supplies,Paper,Small Box,Xerox 1896,0.4,United States,Central,Minnesota,Minnetonka Mills,55343,2015-03-06,2015-03-07,41.3,20,203.37,89414,1708,False,False,False,Chris,1,2015-03-01,Mar,10,Friday,Q1,199.8,9.990000000000002,0.20307813345134482,False,-0.1969218665486552,4-6%,100-500,Same/next day,1,MN
24908,High,0.01,12.28,6.47,3008,Penny Rich,Regular Air,Home Office,Office Supplies,Paper,Small Box,Xerox 1881,0.38,United States,Central,Minnesota,Minnetonka Mills,55343,2015-06-11,2015-06-12,47.61,12,160.66,89415,1709,False,False,False,Chris,1,2015-06-01,Jun,24,Thursday,Q2,147.35999999999999,1.4735999999999998,0.2963400970994647,False,-0.08365990290053532,1-3%,100-500,Same/next day,2,MN
7898,Critical,0.03,5.98,5.35,3011,Tammy Raynor,Regular Air,Corporate,Office Supplies,Paper,Small Box,Xerox 1947,0.4,United States,East,Massachusetts,Boston,02113,2015-05-28,2015-05-29,-23.5,16,107.08,56486,1710,False,False,False,Erin,1,2015-05-01,May,22,Thursday,Q2,95.68,2.8704,-0.21946208442286141,True,-0.6194620844228614,1-3%,100-500,Same/next day,1,MA
1041,Critical,0.03,300.65,24.49,3011,Tammy Raynor,Regular Air,Corporate,Office Supplies,Appliances,Large Box,Honeywell Enviracaire Portable HEPA Air Cleaner for 17' x 22' Room,0.52,United States,East,Massachusetts,Boston,02113,2015-04-28,2015-04-30,1282.4959999999999,32,9705.46,7623,1711,False,False,False,Erin,2,2015-04-01,Apr,18,Tuesday,Q2,9620.8,288.62399999999997,0.13214170168132164,False,-0.38785829831867835,1-3%,2k-10k,2-3 days,1,MA
1042,Critical,0.06,49.99,19.99,3011,Tammy Raynor,Regular Air,Corporate,Technology,Computer Peripherals,Small Box,US Robotics 56K V.92 Internal PCI Faxmodem,0.45,United States,East,Massachusetts,Boston,02113,2015-04-28,2015-04-30,17.2,67,3247.54,7623,1712,False,False,False,Erin,2,2015-04-01,Apr,18,Tuesday,Q2,3349.33,200.9598,0.005296316596562321,False,-0.4447036834034377,4-6%,2k-10k,2-3 days,1,MA
1043,Critical,0.1,104.85,4.65,3011,Tammy Raynor,Regular Air,Corporate,Office Supplies,Paper,Small Box,Xerox 1941,0.37,United States,East,Massachusetts,Boston,02113,2015-04-28,2015-04-29,1184.1200000000001,58,5582.63,7623,1713,False,False,False,Erin,1,2015-04-01,Apr,18,Tuesday,Q2,6081.299999999999,608.13,0.21210791329534648,False,-0.15789208670465352,10%+,2k-10k,Same/next day,1,MA
19041,Critical,0.03,300.65,24.49,3012,Annie Livingston,Regular Air,Corporate,Office Supplies,Appliances,Large Box,Honeywell Enviracaire Portable HEPA Air Cleaner for 17' x 22' Room,0.52,United States,East,New York,Rochester,14609,2015-04-28,2015-04-30,1474.8703999999998,8,2426.36,86346,1714,False,False,False,Erin,2,2015-04-01,Apr,18,Tuesday,Q2,2405.2,72.15599999999999,0.6078530803343278,False,0.08785308033432782,1-3%,2k-10k,2-3 days,1,NY
19042,Critical,0.06,49.99,19.99,3012,Annie Livingston,Regular Air,Corporate,Technology,Computer Peripherals,Small Box,US Robotics 56K V.92 Internal PCI Faxmodem,0.45,United States,East,New York,Rochester,14609,2015-04-28,2015-04-30,19.78,17,824.0,86346,1715,False,False,False,Erin,2,2015-04-01,Apr,18,Tuesday,Q2,849.83,50.9898,0.02400485436893204,False,-0.425995145631068,4-6%,500-2k,2-3 days,1,NY
19043,Critical,0.1,104.85,4.65,3012,Annie Livingston,Regular Air,Corporate,Office Supplies,Paper,Small Box,Xerox 1941,0.37,United States,East,New York,Rochester,14609,2015-04-28,2015-04-29,929.7956999999999,14,1347.53,86346,1716,False,False,False,Erin,1,2015-04-01,Apr,18,Tuesday,Q2,1467.8999999999999,146.79,0.69,False,0.31999999999999995,10%+,500-2k,Same/next day,1,NY
22064,Critical,0.01,5.58,5.3,3017,Melvin Benton,Regular Air,Corporate,Office Supplies,Envelopes,Small Box,Staples Brown Kraft Recycled Clasp Envelopes,0.35,United States,West,California,Encinitas,92024,2015-01-09,2015-01-10,-7.25,1,11.16,89071,1717,False,False,False,William,1,2015-01-01,Jan,2,Friday,Q1,5.58,0.0558,-0.6496415770609318,True,-0.9996415770609318,1-3%,<100,Same/next day,1,CA
22065,Critical,0.03,3.98,0.7,3017,Melvin Benton,Regular Air,Corporate,Office Supplies,Pens & Art Supplies,Wrap Bag,4009® Highlighters by Sanford,0.52,United States,West,California,Encinitas,92024,2015-01-09,2015-01-10,31.201799999999995,11,45.22,89071,1718,False,False,False,William,1,2015-01-01,Jan,2,Friday,Q1,43.78,1.3134,0.69,False,0.16999999999999993,1-3%,<100,Same/next day,1,CA
18950,Low,0.01,4.98,4.75,3035,Tina Evans,Regular Air,Home Office,Office Supplies,Paper,Small Box,Hammermill CopyPlus Copy Paper (20Lb. and 84 Bright),0.36,United States,Central,Illinois,Lombard,60148,2015-01-15,2015-01-20,-75.9004,10,52.93,89128,1719,False,False,False,Chris,5,2015-01-01,Jan,3,Thursday,Q1,49.800000000000004,0.49800000000000005,-1.43397695068959,True,-1.79397695068959,1-3%,<100,4-7 days,4,IL
18951,Low,0.04,6.35,1.02,3035,Tina Evans,Regular Air,Home Office,Office Supplies,Paper,Wrap Bag,"Telephone Message Books with Fax/Mobile Section, 5 1/2"" x 3 3/16""",0.39,United States,Central,Illinois,Lombard,60148,2015-01-15,2015-01-20,52.170899999999996,12,75.61,89128,1720,False,False,False,Chris,5,2015-01-01,Jan,3,Thursday,Q1,76.19999999999999,3.0479999999999996,0.69,False,0.29999999999999993,4-6%,<100,4-7 days,4,IL
19849,Not Specified,0.02,12.99,14.37,3036,Edith Reynolds,Regular Air,Home Office,Furniture,Office Furnishings,Large Box,"Tensor ""Hersey Kiss"" Styled Floor Lamp",0.73,United States,Central,North Dakota,Mandan,58554,2015-01-16,2015-01-18,-159.86,5,67.64,89129,1721,False,False,False,Chris,2,2015-01-01,Jan,3,Friday,Q1,64.95,1.2990000000000002,-2.3633944411590777,True,-3.0933944411590777,1-3%,<100,2-3 days,5,ND
19850,Not Specified,0.05,35.44,7.5,3036,Edith Reynolds,Regular Air,Home Office,Office Supplies,Paper,Small Box,Xerox 1906,0.38,United States,Central,North Dakota,Mandan,58554,2015-01-16,2015-01-18,165.88979999999998,7,240.42,89129,1722,False,False,False,Chris,2,2015-01-01,Jan,3,Friday,Q1,248.07999999999998,12.404,0.69,False,0.30999999999999994,4-6%,100-500,2-3 days,5,ND
19851,Not Specified,0.02,12.98,3.14,3036,Edith Reynolds,Regular Air,Home Office,Office Supplies,"Scissors, Rulers and Trimmers",Small Pack,"Acme® 8"" Straight Scissors",0.6,United States,Central,North Dakota,Mandan,58554,2015-01-16,2015-01-19,75.01,14,184.4,89129,1723,False,False,False,Chris,3,2015-01-01,Jan,3,Friday,Q1,181.72,3.6344,0.4067787418655098,False,-0.1932212581344902,1-3%,100-500,2-3 days,5,ND
22201,Critical,0.08,178.47,19.99,3036,Edith Reynolds,Regular Air,Home Office,Office Supplies,Storage & Organization,Small Box,"Hot File® 7-Pocket, Floor Stand",0.55,United States,Central,North Dakota,Mandan,58554,2015-03-13,2015-03-16,2267.22,22,3802.01,89130,1724,False,False,False,Chris,3,2015-03-01,Mar,11,Friday,Q1,3926.34,314.10720000000003,0.5963214194597067,False,0.04632141945970669,7-9%,2k-10k,2-3 days,1,ND
19381,Not Specified,0.08,73.98,4.0,3041,Carrie Duke,Regular Air,Corporate,Technology,Computer Peripherals,Small Box,Keytronic 105-Key Spanish Keyboard,0.77,United States,Central,Kansas,Garden City,67846,2015-05-15,2015-05-18,97.15999999999993,17,1181.67,86102,1725,False,False,False,Chris,3,2015-05-01,May,20,Friday,Q2,1257.66,100.61280000000001,0.08222261714353409,False,-0.687777382856466,7-9%,500-2k,2-3 days,5,KS
19382,Not Specified,0.02,3.68,1.32,3041,Carrie Duke,Regular Air,Corporate,Office Supplies,"Scissors, Rulers and Trimmers",Wrap Bag,"*Staples* vLetter Openers, 2/Pack",0.83,United States,Central,Kansas,Garden City,67846,2015-05-15,2015-05-17,-20.65,8,29.93,86102,1726,False,False,False,Chris,2,2015-05-01,May,20,Friday,Q2,29.44,0.5888,-0.689943200801871,True,-1.519943200801871,1-3%,<100,2-3 days,5,KS
20049,Medium,0.07,14.48,6.46,3042,Tara Gold,Regular Air,Small Business,Office Supplies,Binders and Binder Accessories,Small Box,"GBC White Gloss Covers, Plain Front",0.38,United States,Central,Kansas,Hutchinson,67501,2015-02-04,2015-02-05,67.864,12,171.33,86101,1727,False,False,False,Chris,1,2015-02-01,Feb,6,Wednesday,Q1,173.76,12.1632,0.39610109146092337,False,0.016101091460923367,7-9%,100-500,Same/next day,3,KS
21475,High,0.0,6.48,5.19,3045,Jordan Beard,Regular Air,Small Business,Office Supplies,Paper,Small Box,Xerox 1995,0.37,United States,Central,Kansas,Leavenworth,66048,2015-06-06,2015-06-07,-14.075,12,84.04,86104,1728,False,False,False,Chris,1,2015-06-01,Jun,23,Saturday,Q2,77.76,0.0,-0.16747977153736313,True,-0.5374797715373631,0%,<100,Same/next day,2,KS
24415,High,0.05,120.98,30.0,3046,Andrew Pearce,Delivery Truck,Small Business,Furniture,Chairs & Chairmats,Jumbo Drum,Hon Every-Day® Chair Series Swivel Task Chairs,0.64,United States,Central,Kansas,Leawood,66209,2015-02-12,2015-02-14,-78.7592,2,251.06,86103,1729,False,False,False,Chris,2,2015-02-01,Feb,7,Thursday,Q1,241.96,12.098,-0.3137066836612762,True,-0.9537066836612762,4-6%,100-500,2-3 days,2,KS
23188,High,0.06,276.2,24.49,3048,Tracy G Starr,Express Air,Corporate,Furniture,Chairs & Chairmats,Large Box,SAFCO Arco Folding Chair,0.62,United States,West,California,Berkeley,94704,2015-03-05,2015-03-07,1167.38,10,2610.56,89789,1730,True,False,False,William,2,2015-03-01,Mar,10,Thursday,Q1,2762.0,165.72,0.447176084824712,False,-0.172823915175288,4-6%,2k-10k,2-3 days,2,CA
25904,Medium,0.06,125.99,2.5,3053,Robin Tyler,Regular Air,Corporate,Technology,Telephones and Communication,Small Box,i2000,0.6,United States,South,Kentucky,Murray,42071,2015-02-03,2015-02-05,402.066,11,1173.76,86662,1731,False,False,False,Sam,2,2015-02-01,Feb,6,Tuesday,Q1,1385.8899999999999,83.15339999999999,0.3425453244274809,False,-0.25745467557251905,4-6%,500-2k,2-3 days,3,KY
20516,Medium,0.07,8.33,1.99,3063,Ann Steele,Regular Air,Consumer,Technology,Computer Peripherals,Small Pack,"80 Minute Slim Jewel Case CD-R , 10/Pack - Staples",0.52,United States,West,Washington,Kirkland,98034,2015-02-26,2015-02-28,11.95,6,50.28,88447,1732,False,False,False,William,2,2015-02-01,Feb,9,Thursday,Q1,49.980000000000004,3.4986000000000006,0.23766905330151153,False,-0.28233094669848846,7-9%,<100,2-3 days,3,WA
20517,Medium,0.03,499.99,24.49,3063,Ann Steele,Regular Air,Consumer,Technology,Copiers and Fax,Large Box,Sharp AL-1530CS Digital Copier,0.36,United States,West,Washington,Kirkland,98034,2015-02-26,2015-02-27,1773.6104999999998,5,2570.45,88447,1733,False,False,False,William,1,2015-02-01,Feb,9,Thursday,Q1,2499.95,74.99849999999999,0.69,False,0.32999999999999996,1-3%,2k-10k,Same/next day,3,WA
19652,Not Specified,0.03,20.99,0.99,3063,Ann Steele,Regular Air,Consumer,Technology,Telephones and Communication,Wrap Bag,Accessory25,0.57,United States,West,Washington,Kirkland,98034,2015-05-24,2015-05-26,4.182200000000005,9,158.87,88449,1734,False,False,False,William,2,2015-05-01,May,21,Sunday,Q2,188.91,5.6673,0.026324667967520646,False,-0.5436753320324793,1-3%,100-500,2-3 days,5,WA
23811,Low,0.03,6.45,1.34,3064,Clarence Crowder,Regular Air,Consumer,Office Supplies,Paper,Wrap Bag,"Wirebound Four 2-3/4 x 5 Forms per Page, 400 Sets per Book",0.36,United States,West,Washington,Lacey,98503,2015-01-14,2015-01-19,39.1299,9,56.71,88448,1735,False,False,False,William,5,2015-01-01,Jan,3,Wednesday,Q1,58.050000000000004,1.7415,0.69,False,0.32999999999999996,1-3%,<100,4-7 days,4,WA
25239,Not Specified,0.06,355.98,58.92,3067,Carole Miller,Delivery Truck,Consumer,Furniture,Chairs & Chairmats,Jumbo Drum,Hon 4700 Series Mobuis™ Mid-Back Task Chairs with Adjustable Arms,0.64,United States,East,Ohio,Austintown,44515,2015-03-02,2015-03-03,1660.92,14,5086.08,91376,1736,False,False,False,Erin,1,2015-03-01,Mar,10,Monday,Q1,4983.72,299.02320000000003,0.3265619101547754,False,-0.3134380898452246,4-6%,2k-10k,Same/next day,5,OH
21027,High,0.03,120.98,30.0,3069,Tiffany Merrill,Delivery Truck,Consumer,Furniture,Chairs & Chairmats,Jumbo Drum,Hon Every-Day® Chair Series Swivel Task Chairs,0.64,United States,Central,Minnesota,Oakdale,55128,2015-06-01,2015-06-03,638.028,15,1894.45,88191,1737,False,False,False,Chris,2,2015-06-01,Jun,23,Monday,Q2,1814.7,54.441,0.33678798595898546,False,-0.30321201404101455,1-3%,500-2k,2-3 days,2,MN
21028,High,0.01,15.68,3.73,3069,Tiffany Merrill,Regular Air,Consumer,Furniture,Office Furnishings,Small Pack,Artistic Insta-Plaque,0.46,United States,Central,Minnesota,Oakdale,55128,2015-06-01,2015-06-03,138.49679999999998,12,200.72,88191,1738,False,False,False,Chris,2,2015-06-01,Jun,23,Monday,Q2,188.16,1.8816,0.69,False,0.22999999999999993,1-3%,100-500,2-3 days,2,MN
22213,Critical,0.09,1.82,0.83,3069,Tiffany Merrill,Regular Air,Consumer,Office Supplies,Pens & Art Supplies,Wrap Bag,Newell 307,0.57,United States,Central,Minnesota,Oakdale,55128,2015-02-14,2015-02-15,-6.734,22,36.82,88192,1739,False,False,False,Chris,1,2015-02-01,Feb,7,Saturday,Q1,40.04,3.6035999999999997,-0.18288973384030419,True,-0.7528897338403041,7-9%,<100,Same/next day,1,MN
2063,Low,0.06,19.23,6.15,3075,Gordon Brandt,Regular Air,Corporate,Furniture,Office Furnishings,Small Pack,"Executive Impressions 13"" Clairmont Wall Clock",0.44,United States,West,California,Los Angeles,90061,2015-02-28,2015-02-28,-25.38,4,84.6,14756,1740,False,False,False,William,0,2015-02-01,Feb,9,Saturday,Q1,76.92,4.6152,-0.3,True,-0.74,4-6%,<100,Same/next day,4,CA
19739,Medium,0.0,137.48,32.18,3076,Peter Hardy,Delivery Truck,Small Business,Furniture,Bookcases,Jumbo Box,O'Sullivan Cherrywood Estates Traditional Barrister Bookcase,0.78,United States,East,Ohio,Stow,44224,2015-01-07,2015-01-08,-203.27,2,296.75,88241,1741,False,False,False,Erin,1,2015-01-01,Jan,2,Wednesday,Q1,274.96,0.0,-0.6849873631002528,True,-1.4649873631002528,0%,100-500,Same/next day,3,OH
23816,Medium,0.07,300.97,7.18,3077,Lynne Reid,Regular Air,Small Business,Technology,Computer Peripherals,Small Box,Gyration Ultra Professional Cordless Optical Suite,0.48,United States,East,Ohio,Strongsville,44136,2015-05-07,2015-05-09,-807.59,2,582.2,88239,1742,False,False,False,Erin,2,2015-05-01,May,19,Thursday,Q2,601.94,42.13580000000001,-1.3871350051528684,True,-1.8671350051528683,7-9%,500-2k,2-3 days,3,OH
25489,Not Specified,0.04,35.44,5.09,3078,Kate McKenna,Regular Air,Small Business,Office Supplies,Paper,Small Box,Xerox 1932,0.38,United States,East,Ohio,Toledo,43615,2015-06-11,2015-06-11,118.6317,5,171.93,88240,1743,False,False,False,Erin,0,2015-06-01,Jun,24,Thursday,Q2,177.2,7.088,0.69,False,0.30999999999999994,4-6%,100-500,Same/next day,5,OH
25490,Not Specified,0.08,3.98,0.7,3078,Kate McKenna,Regular Air,Small Business,Office Supplies,Pens & Art Supplies,Wrap Bag,4009® Highlighters by Sanford,0.52,United States,East,Ohio,Toledo,43615,2015-06-11,2015-06-14,23.304000000000002,9,35.19,88240,1744,False,False,False,Erin,3,2015-06-01,Jun,24,Thursday,Q2,35.82,2.8656,0.6622335890878092,False,0.14223358908780914,7-9%,<100,2-3 days,5,OH
5816,Medium,0.07,300.97,7.18,3079,Andrew Levine,Regular Air,Small Business,Technology,Computer Peripherals,Small Box,Gyration Ultra Professional Cordless Optical Suite,0.48,United States,East,Pennsylvania,Philadelphia,19112,2015-05-07,2015-05-09,-807.59,7,2037.69,41253,1745,False,False,False,Erin,2,2015-05-01,May,19,Thursday,Q2,2106.79,147.4753,-0.3963262321550383,True,-0.8763262321550382,7-9%,2k-10k,2-3 days,3,PA
7489,Not Specified,0.04,35.44,5.09,3079,Andrew Levine,Regular Air,Small Business,Office Supplies,Paper,Small Box,Xerox 1932,0.38,United States,East,Pennsylvania,Philadelphia,19112,2015-06-11,2015-06-11,150.72,21,722.1,53476,1746,False,False,False,Erin,0,2015-06-01,Jun,24,Thursday,Q2,744.24,29.7696,0.2087245533859576,False,-0.1712754466140424,4-6%,500-2k,Same/next day,5,PA
7490,Not Specified,0.08,3.98,0.7,3079,Andrew Levine,Regular Air,Small Business,Office Supplies,Pens & Art Supplies,Wrap Bag,4009® Highlighters by Sanford,0.52,United States,East,Pennsylvania,Philadelphia,19112,2015-06-11,2015-06-14,19.42,36,140.78,53476,1747,False,False,False,Erin,3,2015-06-01,Jun,24,Thursday,Q2,143.28,11.4624,0.1379457309276886,False,-0.38205426907231144,7-9%,100-500,2-3 days,5,PA
7491,Not Specified,0.01,1.76,0.7,3079,Andrew Levine,Regular Air,Small Business,Office Supplies,Pens & Art Supplies,Wrap Bag,Newell 310,0.56,United States,East,Pennsylvania,Philadelphia,19112,2015-06-11,2015-06-12,3.13,71,129.72,53476,1748,False,False,False,Erin,1,2015-06-01,Jun,24,Thursday,Q2,124.96,1.2496,0.024128893000308356,False,-0.5358711069996916,1-3%,100-500,Same/next day,5,PA
7492,Not Specified,0.01,193.17,19.99,3079,Andrew Levine,Express Air,Small Business,Office Supplies,Storage & Organization,Small Box,Fellowes Staxonsteel® Drawer Files,0.71,United States,East,Pennsylvania,Philadelphia,19112,2015-06-11,2015-06-11,1141.07,63,12190.98,53476,1749,False,False,False,Erin,0,2015-06-01,Jun,24,Thursday,Q2,12169.71,121.69709999999999,0.09359953014441824,False,-0.6164004698555817,1-3%,10k+,Same/next day,5,PA
1739,Medium,0.0,137.48,32.18,3079,Andrew Levine,Delivery Truck,Small Business,Furniture,Bookcases,Jumbo Box,O'Sullivan Cherrywood Estates Traditional Barrister Bookcase,0.78,United States,East,Pennsylvania,Philadelphia,19112,2015-01-07,2015-01-08,-203.27,10,1483.76,12480,1750,False,False,False,Erin,1,2015-01-01,Jan,2,Wednesday,Q1,1374.8,0.0,-0.1369965493071656,True,-0.9169965493071657,0%,500-2k,Same/next day,3,PA
6807,Critical,0.0,2.21,1.0,3079,Andrew Levine,Express Air,Small Business,Office Supplies,Pens & Art Supplies,Wrap Bag,"Quartet Alpha® White Chalk, 12/Pack",0.38,United States,East,Pennsylvania,Philadelphia,19112,2015-06-10,2015-06-11,10.01,33,87.18,48483,1751,False,False,False,Erin,1,2015-06-01,Jun,24,Wednesday,Q2,72.92999999999999,0.0,0.1148199128240422,False,-0.2651800871759578,0%,<100,Same/next day,1,PA
19756,High,0.0,65.99,5.99,3084,Debbie Hsu,Express Air,Small Business,Technology,Telephones and Communication,Small Box,i1000,0.58,United States,West,Washington,Lacey,98503,2015-04-20,2015-04-22,313.812,14,798.89,89879,1752,False,False,False,William,2,2015-04-01,Apr,17,Monday,Q2,923.8599999999999,0.0,0.3928100239081726,False,-0.18718997609182736,0%,500-2k,2-3 days,2,WA
20589,Not Specified,0.01,7.1,6.05,3084,Debbie Hsu,Regular Air,Small Business,Office Supplies,Binders and Binder Accessories,Small Box,"Wilson Jones Hanging View Binder, White, 1""",0.39,United States,West,Washington,Lacey,98503,2015-06-24,2015-06-25,-39.18625,18,133.19,89880,1753,False,False,False,William,1,2015-06-01,Jun,26,Wednesday,Q2,127.8,1.278,-0.29421315414070126,True,-0.6842131541407013,1-3%,100-500,Same/next day,5,WA
20590,Not Specified,0.05,18.97,9.03,3084,Debbie Hsu,Regular Air,Small Business,Office Supplies,Paper,Small Box,Computer Printout Paper with Letter-Trim Perforations,0.37,United States,West,Washington,Lacey,98503,2015-06-24,2015-06-25,-1.89,5,97.33,89880,1754,False,False,False,William,1,2015-06-01,Jun,26,Wednesday,Q2,94.85,4.7425,-0.019418473235384773,True,-0.38941847323538475,4-6%,<100,Same/next day,5,WA
20008,High,0.05,39.99,10.25,3086,Ted Durham,Express Air,Consumer,Technology,Computer Peripherals,Small Box,Zoom V.92 V.44 PCI Internal Controllerless FaxModem,0.55,United States,South,Florida,North Port,34287,2015-05-18,2015-05-19,4.29,3,130.91,88380,1755,False,False,False,Sam,1,2015-05-01,May,21,Monday,Q2,119.97,5.9985,0.03277060575968223,False,-0.5172293942403178,4-6%,100-500,Same/next day,2,FL
21085,Low,0.07,49.43,19.99,3089,Sandy Cannon,Regular Air,Corporate,Office Supplies,Appliances,Small Box,"Eureka Hand Vacuum, Bagless",0.57,United States,Central,Kansas,Leawood,66209,2015-01-24,2015-01-29,-122.77,6,281.82,91219,1756,False,False,False,Chris,5,2015-01-01,Jan,4,Saturday,Q1,296.58,20.7606,-0.43563267333759137,True,-1.0056326733375913,7-9%,100-500,4-7 days,4,KS
20357,Critical,0.09,207.48,0.99,3095,Milton Lindsay,Regular Air,Consumer,Office Supplies,Appliances,Small Box,Kensington 7 Outlet MasterPiece Power Center with Fax/Phone Line Protection,0.55,United States,East,Ohio,Hamilton,45011,2015-01-19,2015-01-21,683.9556,5,991.24,86220,1757,False,False,False,Erin,2,2015-01-01,Jan,4,Monday,Q1,1037.3999999999999,93.36599999999999,0.69,False,0.1399999999999999,7-9%,500-2k,2-3 days,1,OH
21235,High,0.08,40.98,7.2,3096,Mike Howard,Express Air,Consumer,Office Supplies,Appliances,Small Box,Kensington 6 Outlet SmartSocket Surge Protector,0.6,United States,East,Ohio,Hilliard,43026,2015-05-24,2015-05-25,-16.64,3,119.86,86221,1758,False,False,False,Erin,1,2015-05-01,May,21,Sunday,Q2,122.94,9.8352,-0.13882863340563992,True,-0.7388286334056399,7-9%,100-500,Same/next day,2,OH
21236,High,0.08,8.12,2.83,3096,Mike Howard,Express Air,Consumer,Technology,Computer Peripherals,Small Pack,"Imation Neon Mac Format Diskettes, 10/Pack",0.77,United States,East,Ohio,Hilliard,43026,2015-05-24,2015-05-25,-59.73,12,98.77,86221,1759,False,False,False,Erin,1,2015-05-01,May,21,Sunday,Q2,97.44,7.7952,-0.6047382808545104,True,-1.3747382808545106,7-9%,<100,Same/next day,2,OH
21237,High,0.02,262.11,62.74,3096,Mike Howard,Delivery Truck,Consumer,Furniture,Tables,Jumbo Box,Bevis Boat-Shaped Conference Table,0.75,United States,East,Ohio,Hilliard,43026,2015-05-24,2015-05-25,-633.4412370000002,9,2495.35,86221,1760,False,False,False,Erin,1,2015-05-01,May,21,Sunday,Q2,2358.9900000000002,47.17980000000001,-0.25384865329512907,True,-1.0038486532951292,1-3%,2k-10k,Same/next day,2,OH
25999,Critical,0.04,33.89,5.1,3096,Mike Howard,Express Air,Consumer,Office Supplies,Storage & Organization,Small Box,"File Shuttle II and Handi-File, Black",0.6,United States,East,Ohio,Hilliard,43026,2015-06-17,2015-06-18,72.98400000000001,6,200.83,86222,1761,False,False,False,Erin,1,2015-06-01,Jun,25,Wednesday,Q2,203.34,8.1336,0.3634118408604292,False,-0.23658815913957076,4-6%,100-500,Same/next day,1,OH
19816,Critical,0.05,35.44,5.09,3098,Lorraine Boykin,Regular Air,Consumer,Office Supplies,Paper,Small Box,Xerox 1932,0.38,United States,East,New York,Shirley,11967,2015-04-08,2015-04-09,240.17519999999996,10,348.08,89314,1762,False,False,False,Erin,1,2015-04-01,Apr,15,Wednesday,Q2,354.4,17.72,0.69,False,0.30999999999999994,4-6%,100-500,Same/next day,1,NY
22503,Low,0.0,11.7,6.96,3098,Lorraine Boykin,Express Air,Consumer,Office Supplies,Appliances,Medium Box,Harmony HEPA Quiet Air Purifiers,0.5,United States,East,New York,Shirley,11967,2015-06-17,2015-06-19,-11.248000000000001,10,131.69,89315,1763,False,False,False,Erin,2,2015-06-01,Jun,25,Wednesday,Q2,117.0,0.0,-0.0854127116713494,True,-0.5854127116713495,0%,100-500,2-3 days,4,NY
18930,Low,0.06,2.89,0.5,3098,Lorraine Boykin,Regular Air,Consumer,Office Supplies,Labels,Small Box,Avery 498,0.38,United States,East,New York,Shirley,11967,2015-02-28,2015-02-28,9.611699999999999,5,13.93,89316,1764,False,False,False,Erin,0,2015-02-01,Feb,9,Saturday,Q1,14.450000000000001,0.867,0.69,False,0.30999999999999994,4-6%,<100,Same/next day,4,NY
19805,Critical,0.07,35.99,5.0,3100,Gladys Holloway,Regular Air,Consumer,Technology,Telephones and Communication,Wrap Bag,Accessory17,0.82,United States,South,Florida,Oakland Park,33334,2015-03-25,2015-03-27,-299.8142,1,31.71,89988,1765,False,False,False,Sam,2,2015-03-01,Mar,13,Wednesday,Q1,35.99,2.5193000000000003,-9.454878587196468,True,-10.274878587196469,7-9%,<100,2-3 days,1,FL
18087,Critical,0.04,3.08,0.99,3105,Lawrence Hester,Regular Air,Home Office,Office Supplies,Labels,Small Box,Avery 481,0.37,United States,South,Kentucky,Murray,42071,2015-03-20,2015-03-21,13.799999999999999,19,60.01,86327,1766,False,False,False,Sam,1,2015-03-01,Mar,12,Friday,Q1,58.52,2.3408,0.22996167305449092,False,-0.14003832694550908,4-6%,<100,Same/next day,1,KY
18088,Critical,0.02,6.48,5.9,3105,Lawrence Hester,Regular Air,Home Office,Office Supplies,Paper,Small Box,Xerox 1976,0.37,United States,South,Kentucky,Murray,42071,2015-03-20,2015-03-21,4.3919999999999995,13,90.98,86327,1767,False,False,False,Sam,1,2015-03-01,Mar,12,Friday,Q1,84.24000000000001,1.6848000000000003,0.0482743460101121,False,-0.3217256539898879,1-3%,<100,Same/next day,1,KY
18089,Critical,0.04,125.99,4.2,3105,Lawrence Hester,Regular Air,Home Office,Technology,Telephones and Communication,Small Box,V3682,0.59,United States,South,Kentucky,Murray,42071,2015-03-20,2015-03-22,-236.25,12,1270.7,86327,1768,False,False,False,Sam,2,2015-03-01,Mar,12,Friday,Q1,1511.8799999999999,60.475199999999994,-0.18592114582513575,True,-0.7759211458251357,4-6%,500-2k,2-3 days,1,KY
87,Critical,0.04,3.08,0.99,3106,Alexander O'Brien,Regular Air,Home Office,Office Supplies,Labels,Small Box,Avery 481,0.37,United States,Central,Texas,Houston,77041,2015-03-20,2015-03-21,36.02,75,236.87,548,1769,False,False,False,Chris,1,2015-03-01,Mar,12,Friday,Q1,231.0,9.24,0.1520665343859501,False,-0.2179334656140499,4-6%,100-500,Same/next day,1,TX
88,Critical,0.02,6.48,5.9,3106,Alexander O'Brien,Regular Air,Home Office,Office Supplies,Paper,Small Box,Xerox 1976,0.37,United States,Central,Texas,Houston,77041,2015-03-20,2015-03-21,-50.64,53,370.91,548,1770,False,False,False,Chris,1,2015-03-01,Mar,12,Friday,Q1,343.44,6.8688,-0.13652907713461485,True,-0.5065290771346148,1-3%,100-500,Same/next day,1,TX
89,Critical,0.04,125.99,4.2,3106,Alexander O'Brien,Regular Air,Home Office,Technology,Telephones and Communication,Small Box,V3682,0.59,United States,Central,Texas,Houston,77041,2015-03-20,2015-03-22,510.48900000000003,47,4976.92,548,1771,False,False,False,Chris,2,2015-03-01,Mar,12,Friday,Q1,5921.53,236.8612,0.1025712689776006,False,-0.48742873102239936,4-6%,2k-10k,2-3 days,1,TX
21120,Not Specified,0.07,34.54,14.72,3113,Wayne English,Regular Air,Corporate,Office Supplies,Binders and Binder Accessories,Small Box,GBC Recycled Grain Textured Covers,0.37,United States,South,Louisiana,New Iberia,70560,2015-05-17,2015-05-18,-20.18226,17,574.97,86860,1772,False,False,False,Sam,1,2015-05-01,May,20,Sunday,Q2,587.18,41.1026,-0.0351014139868167,True,-0.4051014139868167,7-9%,500-2k,Same/next day,5,LA
21121,Not Specified,0.02,12.28,6.47,3113,Wayne English,Regular Air,Corporate,Office Supplies,Paper,Small Box,Xerox 1881,0.38,United States,South,Louisiana,New Iberia,70560,2015-05-17,2015-05-17,-156.97220000000002,9,115.22,86860,1773,False,False,False,Sam,0,2015-05-01,May,20,Sunday,Q2,110.52,2.2104,-1.3623693803159176,True,-1.7423693803159175,1-3%,100-500,Same/next day,5,LA
21122,Not Specified,0.06,34.58,8.99,3113,Wayne English,Express Air,Corporate,Office Supplies,Pens & Art Supplies,Small Pack,Panasonic KP-350BK Electric Pencil Sharpener with Auto Stop,0.56,United States,South,Louisiana,New Iberia,70560,2015-05-17,2015-05-19,384.5043,13,456.58,86860,1774,False,False,False,Sam,2,2015-05-01,May,20,Sunday,Q2,449.53999999999996,26.972399999999997,0.8421400411756976,False,0.2821400411756976,4-6%,100-500,2-3 days,5,LA
20795,Critical,0.08,349.45,60.0,3119,Jay Hubbard,Delivery Truck,Corporate,Furniture,Tables,Jumbo Drum,"SAFCO PlanMaster Heigh-Adjustable Drafting Table Base, 43w x 30d x 30-37h, Black",0.68,United States,South,Florida,Orlando,32839,2015-06-30,2015-07-02,513.084,11,3772.19,86432,1775,True,False,False,Sam,2,2015-06-01,Jun,27,Tuesday,Q2,3843.95,307.516,0.1360175388832482,False,-0.5439824611167519,7-9%,2k-10k,2-3 days,1,FL
25473,Not Specified,0.08,315.98,19.99,3120,Daniel Christian,Regular Air,Home Office,Office Supplies,Binders and Binder Accessories,Small Box,GBC ProClick™ 150 Presentation Binding System,0.38,United States,South,Louisiana,New Orleans,70117,2015-06-14,2015-06-14,44.519999999999996,9,2642.48,90160,1776,False,False,False,Sam,0,2015-06-01,Jun,24,Sunday,Q2,2843.82,227.50560000000002,0.01684780963337471,False,-0.36315219036662527,7-9%,2k-10k,Same/next day,5,LA
23764,Low,0.02,7.1,6.05,3123,Jamie Manning,Regular Air,Home Office,Office Supplies,Binders and Binder Accessories,Small Box,"Wilson Jones Hanging View Binder, White, 1""",0.39,United States,Central,Illinois,Melrose Park,60160,2015-01-07,2015-01-09,-48.875,8,61.5,87287,1777,False,False,False,Chris,2,2015-01-01,Jan,2,Wednesday,Q1,56.8,1.136,-0.7947154471544715,True,-1.1847154471544714,1-3%,<100,2-3 days,4,IL
25060,Not Specified,0.05,120.98,9.07,3124,Neil Barbee,Regular Air,Home Office,Office Supplies,Binders and Binder Accessories,Small Box,GBC VeloBinder Electric Binding Machine,0.35,United States,Central,Illinois,Moline,61265,2015-05-30,2015-05-31,881.0472,11,1276.88,87286,1778,False,False,False,Chris,1,2015-05-01,May,22,Saturday,Q2,1330.78,66.539,0.69,False,0.33999999999999997,4-6%,500-2k,Same/next day,5,IL
25352,High,0.08,120.97,26.3,3125,Guy McDonald,Delivery Truck,Home Office,Technology,Office Machines,Jumbo Drum,Canon S750 Color Inkjet Printer,0.38,United States,Central,Illinois,Mount Prospect,60056,2015-01-05,2015-01-07,-233.840688,2,233.58,87285,1779,False,False,False,Chris,2,2015-01-01,Jan,2,Monday,Q1,241.94,19.3552,-1.001116054456717,True,-1.381116054456717,7-9%,100-500,2-3 days,2,IL
24457,Low,0.08,3.69,2.5,3128,Cathy Burgess,Regular Air,Small Business,Office Supplies,Envelopes,Small Box,Colored Envelopes,0.39,United States,South,Louisiana,Shreveport,71109,2015-06-25,2015-06-30,-139.07600000000002,9,31.98,89810,1780,False,False,False,Sam,5,2015-06-01,Jun,26,Thursday,Q2,33.21,2.6568,-4.348843026891808,True,-4.738843026891808,7-9%,<100,4-7 days,4,LA
20483,High,0.1,180.98,26.2,3132,Anita Kang,Delivery Truck,Corporate,Furniture,Chairs & Chairmats,Jumbo Drum,Global Ergonomic Managers Chair,0.59,United States,Central,Illinois,Mundelein,60060,2015-06-22,2015-06-23,-64.664,3,519.42,86790,1781,False,False,False,Chris,1,2015-06-01,Jun,26,Monday,Q2,542.9399999999999,54.294,-0.1244927033999461,True,-0.7144927033999461,10%+,500-2k,Same/next day,2,IL
19258,Medium,0.04,62.05,3.99,3132,Anita Kang,Regular Air,Corporate,Office Supplies,Appliances,Small Box,"Acco Smartsocket™ Table Surge Protector, 6 Color-Coded Adapter Outlets",0.55,United States,Central,Illinois,Mundelein,60060,2015-05-17,2015-05-18,1644.0767999999998,40,2382.72,86794,1782,False,False,False,Chris,1,2015-05-01,May,20,Sunday,Q2,2482.0,99.28,0.69,False,0.1399999999999999,4-6%,2k-10k,Same/next day,3,IL
22459,Medium,0.1,5.81,8.49,3133,Kristine Singleton,Regular Air,Corporate,Office Supplies,Binders and Binder Accessories,Small Box,Fellowes Black Plastic Comb Bindings,0.39,United States,Central,Illinois,Naperville,60540,2015-01-16,2015-01-17,-350.4395,12,64.96,86789,1783,False,False,False,Chris,1,2015-01-01,Jan,3,Friday,Q1,69.72,6.972,-5.394696736453203,True,-5.784696736453203,10%+,<100,Same/next day,3,IL
22460,Medium,0.03,1.81,0.75,3133,Kristine Singleton,Regular Air,Corporate,Office Supplies,Rubber Bands,Wrap Bag,Assorted Color Push Pins,0.52,United States,Central,Illinois,Naperville,60540,2015-01-16,2015-01-17,4.2028,10,19.14,86789,1784,False,False,False,Chris,1,2015-01-01,Jan,3,Friday,Q1,18.1,0.543,0.21958202716823405,False,-0.30041797283176597,1-3%,<100,Same/next day,3,IL
21719,Critical,0.08,5.4,7.78,3133,Kristine Singleton,Regular Air,Corporate,Office Supplies,Binders and Binder Accessories,Small Box,3M Organizer Strips,0.37,United States,Central,Illinois,Naperville,60540,2015-03-04,2015-03-04,-44.068,4,25.35,86792,1785,False,False,False,Chris,0,2015-03-01,Mar,10,Wednesday,Q1,21.6,1.7280000000000002,-1.7383826429980274,True,-2.1083826429980275,7-9%,<100,Same/next day,1,IL
21720,Critical,0.09,8.46,8.99,3133,Kristine Singleton,Express Air,Corporate,Technology,Computer Peripherals,Small Pack,"Imation 3.5 IBM Diskettes, 10/Box",0.79,United States,Central,Illinois,Naperville,60540,2015-03-04,2015-03-07,-100.51,5,45.03,86792,1786,False,False,False,Chris,3,2015-03-01,Mar,10,Wednesday,Q1,42.300000000000004,3.8070000000000004,-2.2320675105485233,True,-3.0220675105485233,7-9%,<100,2-3 days,1,IL
21721,Critical,0.21,14.98,8.99,3133,Kristine Singleton,Regular Air,Corporate,Furniture,Office Furnishings,Small Pack,"GE 4 Foot Flourescent Tube, 40 Watt",0.39,United States,Central,Illinois,Naperville,60540,2015-03-04,2015-03-05,-17.75,10,153.87,86792,1787,False,False,False,Chris,1,2015-03-01,Mar,10,Wednesday,Q1,149.8,31.458000000000002,-0.1153571196464548,True,-0.5053571196464548,10%+,100-500,Same/next day,1,IL
21722,Critical,0.04,155.99,8.08,3133,Kristine Singleton,Regular Air,Corporate,Technology,Telephones and Communication,Small Box,300 Series Non-Flip,0.6,United States,Central,Illinois,Naperville,60540,2015-03-04,2015-03-05,1374.948,22,2800.33,86792,1788,False,False,False,Chris,1,2015-03-01,Mar,10,Wednesday,Q1,3431.78,137.27120000000002,0.4909949898761932,False,-0.10900501012380676,4-6%,2k-10k,Same/next day,1,IL
23898,Critical,0.03,150.89,60.2,3136,Lee Hancock,Delivery Truck,Consumer,Furniture,Chairs & Chairmats,Jumbo Drum,"Global Leather & Oak Executive Chair, Burgundy",0.77,United States,East,Maine,Sanford,04073,2015-02-22,2015-02-22,-677.872,23,3596.03,86791,1789,False,False,False,Erin,0,2015-02-01,Feb,8,Sunday,Q1,3470.47,104.1141,-0.1885056576279953,True,-0.9585056576279953,1-3%,2k-10k,Same/next day,1,ME
24691,Not Specified,0.09,304.99,19.99,3137,Alison Sharp,Regular Air,Corporate,Office Supplies,Binders and Binder Accessories,Small Box,Ibico Hi-Tech Manual Binding System,0.4,United States,East,New Hampshire,Laconia,03246,2015-06-08,2015-06-09,1623.9495,8,2353.55,86795,1790,False,False,False,Erin,1,2015-06-01,Jun,24,Monday,Q2,2439.92,219.5928,0.69,False,0.2899999999999999,7-9%,2k-10k,Same/next day,5,NH
23706,Not Specified,0.05,4.06,6.89,3138,Herbert Donnelly Swanson,Express Air,Corporate,Office Supplies,Appliances,Small Box,Eureka Disposable Bags for Sanitaire® Vibra Groomer I® Upright Vac,0.6,United States,East,New Hampshire,Londonderry,03053,2015-06-19,2015-06-21,-122.835,22,92.57,86796,1791,False,False,False,Erin,2,2015-06-01,Jun,25,Friday,Q2,89.32,4.466,-1.3269417737928055,True,-1.9269417737928056,4-6%,<100,2-3 days,5,NH
23427,Critical,0.09,280.98,57.0,3139,David Powell,Delivery Truck,Home Office,Furniture,Chairs & Chairmats,Jumbo Drum,Hon 2090 “Pillow Soft” Series Mid Back Swivel/Tilt Chairs,0.78,United States,East,New Jersey,Cranford,07016,2015-05-02,2015-05-05,252.48800000000028,31,7974.21,86793,1792,False,False,False,Erin,3,2015-05-01,May,18,Saturday,Q2,8710.380000000001,783.9342,0.031663073834273275,False,-0.7483369261657268,7-9%,2k-10k,2-3 days,1,NJ
18917,Low,0.09,6.84,8.37,3141,Jerome McIntosh,Regular Air,Consumer,Office Supplies,"Scissors, Rulers and Trimmers",Small Pack,"Acme Design Line 8"" Stainless Steel Bent Scissors w/Champagne Handles, 3-1/8"" Cut",0.58,United States,Central,Texas,Pasadena,77506,2015-06-01,2015-06-08,-88.585,13,87.1,86369,1793,False,False,False,Chris,7,2015-06-01,Jun,23,Monday,Q2,88.92,8.0028,-1.0170493685419058,True,-1.5970493685419056,7-9%,<100,4-7 days,4,TX
18918,Low,0.07,48.91,35.0,3141,Jerome McIntosh,Express Air,Consumer,Office Supplies,Storage & Organization,Large Box,Tennsco Industrial Shelving,0.83,United States,Central,Texas,Pasadena,77506,2015-06-01,2015-06-03,-485.68,15,736.86,86369,1794,False,False,False,Chris,2,2015-06-01,Jun,23,Monday,Q2,733.65,51.355500000000006,-0.6591211356295633,True,-1.4891211356295633,7-9%,500-2k,2-3 days,4,TX
26039,Medium,0.02,15.42,5.41,3143,Neil Song,Regular Air,Consumer,Office Supplies,Storage & Organization,Small Box,Decoflex Hanging Personal Folder File,0.59,United States,Central,Texas,Pflugerville,78660,2015-03-24,2015-03-25,-16.37,2,33.84,86368,1795,False,False,False,Chris,1,2015-03-01,Mar,13,Tuesday,Q1,30.84,0.6168,-0.4837470449172577,True,-1.0737470449172577,1-3%,<100,Same/next day,3,TX
19193,Critical,0.03,3.36,6.27,3146,Maureen Stout,Regular Air,Corporate,Office Supplies,Binders and Binder Accessories,Small Box,Cardinal Poly Pocket Divider Pockets for Ring Binders,0.4,United States,Central,Texas,Pharr,78577,2015-01-04,2015-01-05,-94.2586,4,14.9,85850,1796,False,False,False,Chris,1,2015-01-01,Jan,1,Sunday,Q1,13.44,0.40319999999999995,-6.326080536912752,True,-6.726080536912752,1-3%,<100,Same/next day,1,TX
19194,Critical,0.07,3.71,1.93,3146,Maureen Stout,Express Air,Corporate,Office Supplies,Paper,Wrap Bag,"""While you Were Out"" Message Book, One Form per Page",0.35,United States,Central,Texas,Pharr,78577,2015-01-04,2015-01-06,6.3308,11,39.64,85850,1797,False,False,False,Chris,2,2015-01-01,Jan,1,Sunday,Q1,40.81,2.8567000000000005,0.15970736629667004,False,-0.19029263370332994,7-9%,<100,2-3 days,1,TX
24200,Medium,0.06,19.99,11.17,3148,Leroy Field,Regular Air,Corporate,Furniture,Office Furnishings,Large Box,Telescoping Adjustable Floor Lamp,0.6,United States,West,Idaho,Post Falls,83854,2015-01-14,2015-01-14,-66.8236,7,139.49,89716,1798,False,True,False,William,0,2015-01-01,Jan,3,Wednesday,Q1,139.92999999999998,8.395799999999998,-0.4790565631944942,True,-1.0790565631944942,4-6%,100-500,Same/next day,3,ID
24202,Medium,0.06,320.98,58.95,3149,Harriet Moore,Delivery Truck,Corporate,Furniture,Chairs & Chairmats,Jumbo Drum,Hon 4070 Series Pagoda™ Round Back Stacking Chairs,0.57,United States,West,Idaho,Rexburg,83440,2015-01-14,2015-01-16,971.6220000000001,6,1952.43,89716,1799,False,True,False,William,2,2015-01-01,Jan,3,Wednesday,Q1,1925.88,115.5528,0.49764754690309004,False,-0.07235245309690991,4-6%,500-2k,2-3 days,3,ID
19625,Not Specified,0.01,145.98,46.2,3151,Glenda Hunter,Delivery Truck,Corporate,Furniture,Tables,Jumbo Box,Bevis Rectangular Conference Tables,0.69,United States,West,California,Twentynine Palms,92277,2015-06-03,2015-06-03,-134.512,9,1370.79,88543,1800,False,False,False,William,0,2015-06-01,Jun,23,Wednesday,Q2,1313.82,13.1382,-0.09812735721737101,True,-0.7881273572173709,1-3%,500-2k,Same/next day,5,CA
19618,Critical,0.01,3502.14,8.73,3151,Glenda Hunter,Delivery Truck,Corporate,Technology,Office Machines,Jumbo Box,Okidata Pacemark 4410N Wide Format Dot Matrix Printer,0.57,United States,West,California,Twentynine Palms,92277,2015-02-04,2015-02-05,-4075.933992,1,3501.79,88544,1801,False,False,False,William,1,2015-02-01,Feb,6,Wednesday,Q1,3502.14,35.0214,-1.163957288129785,True,-1.7339572881297851,1-3%,2k-10k,Same/next day,1,CA
19619,Critical,0.06,15.73,7.42,3151,Glenda Hunter,Regular Air,Corporate,Office Supplies,"Scissors, Rulers and Trimmers",Small Pack,Acme Galleria® Hot Forged Steel Scissors with Colored Handles,0.56,United States,West,California,Twentynine Palms,92277,2015-02-04,2015-02-05,-18.558799999999998,4,63.04,88544,1802,False,False,False,William,1,2015-02-01,Feb,6,Wednesday,Q1,62.92,3.7752,-0.2943972081218274,True,-0.8543972081218274,4-6%,<100,Same/next day,1,CA
23322,Not Specified,0.05,25.99,5.37,3151,Glenda Hunter,Express Air,Corporate,Office Supplies,Pens & Art Supplies,Small Box,"BOSTON® Ranger® #55 Pencil Sharpener, Black",0.56,United States,West,California,Twentynine Palms,92277,2015-02-16,2015-02-18,220.35719999999998,18,451.35,88545,1803,False,False,False,William,2,2015-02-01,Feb,8,Monday,Q1,467.82,23.391000000000002,0.48821801262878023,False,-0.07178198737121982,4-6%,100-500,2-3 days,5,CA
24723,Medium,0.04,17.24,3.26,3151,Glenda Hunter,Regular Air,Home Office,Office Supplies,"Scissors, Rulers and Trimmers",Small Pack,"Fiskars 8"" Scissors, 2/Pack",0.56,United States,West,California,Twentynine Palms,92277,2015-02-28,2015-02-28,47.73,7,119.6,88546,1804,False,False,False,William,0,2015-02-01,Feb,9,Saturday,Q1,120.67999999999999,4.8271999999999995,0.39908026755852843,False,-0.16091973244147162,4-6%,100-500,Same/next day,3,CA
24329,Medium,0.02,5.98,1.49,3151,Glenda Hunter,Regular Air,Corporate,Office Supplies,Binders and Binder Accessories,Small Box,Avery Hanging File Binders,0.39,United States,West,California,Twentynine Palms,92277,2015-03-11,2015-03-12,28.526000000000003,10,59.9,88547,1805,False,False,False,William,1,2015-03-01,Mar,11,Wednesday,Q1,59.800000000000004,1.1960000000000002,0.47622704507512525,False,0.08622704507512524,1-3%,<100,Same/next day,3,CA
21734,High,0.01,99.23,8.99,3151,Glenda Hunter,Regular Air,Corporate,Furniture,Office Furnishings,Small Pack,"GE 48"" Fluorescent Tube, Cool White Energy Saver, 34 Watts, 30/Box",0.35,United States,West,California,Twentynine Palms,92277,2015-03-29,2015-04-02,-87.46,1,99.22,88548,1806,False,False,False,William,4,2015-03-01,Mar,13,Sunday,Q1,99.23,0.9923000000000001,-0.8814755089699656,True,-1.2314755089699656,1-3%,<100,4-7 days,2,CA
21436,High,0.08,150.98,13.99,3154,Faye Manning,Express Air,Corporate,Technology,Office Machines,Medium Box,Canon MP41DH Printing Calculator,0.38,United States,South,Florida,Saint Petersburg,33710,2015-01-26,2015-01-27,-3.9479999999999995,8,1183.82,86899,1807,False,True,False,Sam,1,2015-01-01,Jan,5,Monday,Q1,1207.84,96.6272,-0.0033349664644962912,True,-0.3833349664644963,7-9%,500-2k,Same/next day,2,FL
20253,Critical,0.03,17.7,9.47,3154,Faye Manning,Regular Air,Consumer,Office Supplies,Storage & Organization,Small Box,Portfile® Personal File Boxes,0.59,United States,South,Florida,Saint Petersburg,33710,2015-05-28,2015-05-30,28.182599999999997,11,201.77,86900,1808,False,False,False,Sam,2,2015-05-01,May,22,Thursday,Q2,194.7,5.840999999999999,0.13967685979085095,False,-0.450323140209149,1-3%,100-500,2-3 days,1,FL
18635,Critical,0.04,21.38,8.99,3154,Faye Manning,Regular Air,Corporate,Office Supplies,Pens & Art Supplies,Small Pack,Boston 1730 StandUp Electric Pencil Sharpener,0.59,United States,South,Florida,Saint Petersburg,33710,2015-03-30,2015-03-30,-51.66,21,443.66,86901,1809,False,False,False,Sam,0,2015-03-01,Mar,14,Monday,Q1,448.97999999999996,17.9592,-0.11644051751341115,True,-0.7064405175134111,4-6%,100-500,Same/next day,1,FL
23392,Critical,0.02,60.22,3.5,3155,Julian Keith Mayer,Regular Air,Corporate,Office Supplies,Appliances,Small Box,"Fellowes Smart Surge Ten-Outlet Protector, Platinum",0.57,United States,South,Florida,Sanford,32771,2015-01-20,2015-01-21,-193.914,9,541.76,86898,1810,False,False,False,Sam,1,2015-01-01,Jan,4,Tuesday,Q1,541.98,10.8396,-0.3579334022445363,True,-0.9279334022445362,1-3%,500-2k,Same/next day,1,FL
21437,High,0.03,25.98,14.36,3155,Julian Keith Mayer,Delivery Truck,Corporate,Furniture,Chairs & Chairmats,Jumbo Drum,"Global Stack Chair without Arms, Black",0.6,United States,South,Florida,Sanford,32771,2015-01-26,2015-01-27,57.546,4,107.66,86899,1811,False,True,False,Sam,1,2015-01-01,Jan,5,Monday,Q1,103.92,3.1176,0.5345160691064462,False,-0.06548393089355375,1-3%,100-500,Same/next day,2,FL
21438,High,0.1,32.48,35.0,3155,Julian Keith Mayer,Regular Air,Corporate,Office Supplies,Storage & Organization,Large Box,Fellowes Neat Ideas® Storage Cubes,0.81,United States,South,Florida,Sanford,32771,2015-01-26,2015-01-27,-333.4254,10,318.83,86899,1812,False,True,False,Sam,1,2015-01-01,Jan,5,Monday,Q1,324.79999999999995,32.48,-1.0457780008154818,True,-1.8557780008154818,10%+,100-500,Same/next day,2,FL
22015,Critical,0.05,159.99,5.5,3155,Julian Keith Mayer,Regular Air,Consumer,Technology,Computer Peripherals,Small Box,Gyration RF Keyboard,0.49,United States,South,Florida,Sanford,32771,2015-04-19,2015-04-21,12.264000000000001,23,3600.65,86902,1813,False,False,False,Sam,2,2015-04-01,Apr,16,Sunday,Q2,3679.7700000000004,183.98850000000004,0.0034060516851124106,False,-0.48659394831488756,4-6%,2k-10k,2-3 days,1,FL
19374,Not Specified,0.07,280.98,57.0,3167,Ray Silverman,Delivery Truck,Corporate,Furniture,Chairs & Chairmats,Jumbo Drum,Hon 2090 “Pillow Soft” Series Mid Back Swivel/Tilt Chairs,0.78,United States,South,Florida,Ponte Vedra Beach,32004,2015-06-19,2015-06-20,-283.9914,14,3936.61,86491,1814,False,False,False,Sam,1,2015-06-01,Jun,25,Friday,Q2,3933.7200000000003,275.3604,-0.07214110618019057,True,-0.8521411061801906,7-9%,2k-10k,Same/next day,5,FL
19375,Not Specified,0.0,4.98,7.44,3167,Ray Silverman,Regular Air,Corporate,Office Supplies,Paper,Small Box,Xerox 1922,0.36,United States,South,Florida,Ponte Vedra Beach,32004,2015-06-19,2015-06-21,-195.342,15,78.31,86491,1815,False,False,False,Sam,2,2015-06-01,Jun,25,Friday,Q2,74.7,0.0,-2.4944706933980334,True,-2.8544706933980333,0%,<100,2-3 days,5,FL
19376,Not Specified,0.1,3.98,0.83,3167,Ray Silverman,Regular Air,Corporate,Office Supplies,Pens & Art Supplies,Wrap Bag,Fluorescent Highlighters by Dixon,0.51,United States,South,Florida,Ponte Vedra Beach,32004,2015-06-19,2015-06-21,-89.70920000000001,11,42.46,86491,1816,False,False,False,Sam,2,2015-06-01,Jun,25,Friday,Q2,43.78,4.378,-2.112793217145549,True,-2.6227932171455492,10%+,<100,2-3 days,5,FL
25683,Critical,0.08,7.28,11.15,3169,Janice Boswell,Express Air,Small Business,Office Supplies,Paper,Small Box,"Array® Parchment Paper, Assorted Colors",0.37,United States,South,Florida,Port Orange,32127,2015-04-13,2015-04-14,-44.415000000000006,1,14.66,86490,1817,False,False,False,Sam,1,2015-04-01,Apr,16,Monday,Q2,7.28,0.5824,-3.029672578444748,True,-3.399672578444748,7-9%,<100,Same/next day,1,FL
26055,Medium,0.1,7.28,5.47,3170,Lawrence Haas,Regular Air,Corporate,Office Supplies,Paper,Small Box,Southworth Structures Collection™,0.35,United States,South,Florida,Port Saint Lucie,34952,2015-02-13,2015-02-13,167.334,12,83.14,86489,1818,False,False,False,Sam,0,2015-02-01,Feb,7,Friday,Q1,87.36,8.736,2.0126774115949,False,1.6626774115949,10%+,<100,Same/next day,3,FL
21961,High,0.06,10.97,6.5,3176,Jackie McCullough,Regular Air,Consumer,Technology,Computer Peripherals,Small Box,Micro Innovations 104 Keyboard,0.64,United States,South,Florida,Jacksonville,32216,2015-05-04,2015-05-06,65.598,19,215.25,90820,1819,False,False,False,Sam,2,2015-05-01,May,19,Monday,Q2,208.43,12.5058,0.30475261324041814,False,-0.3352473867595819,4-6%,100-500,2-3 days,2,FL
20964,Low,0.02,58.14,36.61,3176,Jackie McCullough,Delivery Truck,Consumer,Furniture,Bookcases,Jumbo Box,O'Sullivan 3-Shelf Heavy-Duty Bookcases,0.61,United States,South,Florida,Jacksonville,32216,2015-06-25,2015-07-01,0.258,22,1358.02,90821,1820,False,False,False,Sam,6,2015-06-01,Jun,26,Thursday,Q2,1279.08,25.581599999999998,0.00018998247448491186,False,-0.6098100175255151,1-3%,500-2k,4-7 days,4,FL
20965,Low,0.03,15.57,1.39,3176,Jackie McCullough,Regular Air,Consumer,Office Supplies,Envelopes,Small Box,Park Ridge™ Embossed Executive Business Envelopes,0.38,United States,South,Florida,Jacksonville,32216,2015-06-25,2015-07-01,63.222,22,358.84,90821,1821,False,False,False,Sam,6,2015-06-01,Jun,26,Thursday,Q2,342.54,10.276200000000001,0.17618437186489802,False,-0.20381562813510198,1-3%,100-500,4-7 days,4,FL
24493,Not Specified,0.1,62.18,10.84,3177,Laurie Petty,Regular Air,Consumer,Furniture,Office Furnishings,Medium Box,Deflect-o Glass Clear Studded Chair Mats,0.63,United States,South,Florida,Jupiter,33458,2015-03-14,2015-03-16,-29.666000000000004,9,511.57,90818,1822,False,False,False,Sam,2,2015-03-01,Mar,11,Saturday,Q1,559.62,55.962,-0.05799010888050512,True,-0.6879901088805052,10%+,500-2k,2-3 days,5,FL
22086,Critical,0.06,1.68,1.0,3177,Laurie Petty,Regular Air,Consumer,Office Supplies,Pens & Art Supplies,Wrap Bag,Prang Dustless Chalk Sticks,0.35,United States,South,Florida,Jupiter,33458,2015-03-31,2015-04-02,-1319.5,5,8.65,90819,1823,False,False,False,Sam,2,2015-03-01,Mar,14,Tuesday,Q1,8.4,0.504,-152.54335260115607,True,-152.89335260115607,4-6%,<100,2-3 days,1,FL
21554,Low,0.07,35.44,7.5,3179,Marie Pittman,Regular Air,Corporate,Office Supplies,Paper,Small Box,Xerox 1906,0.38,United States,Central,Minnesota,Owatonna,55060,2015-06-12,2015-06-19,262.2,11,380.0,86989,1824,False,False,False,Chris,7,2015-06-01,Jun,24,Friday,Q2,389.84,27.288800000000002,0.69,False,0.30999999999999994,7-9%,100-500,4-7 days,4,MN
24464,High,0.08,170.98,35.89,3187,Sidney Gilliam,Delivery Truck,Small Business,Furniture,Bookcases,Jumbo Box,"Rush Hierlooms Collection 1"" Thick Stackable Bookcases",0.66,United States,South,Florida,Riverview,33569,2015-03-02,2015-03-04,-119.812,1,199.48,89025,1825,False,False,False,Sam,2,2015-03-01,Mar,10,Monday,Q1,170.98,13.6784,-0.6006216162021255,True,-1.2606216162021255,7-9%,100-500,2-3 days,2,FL
20127,Critical,0.01,20.99,4.81,3191,Jenny Hawkins,Regular Air,Corporate,Technology,Telephones and Communication,Medium Box,1726 Digital Answering Machine,0.58,United States,Central,Wisconsin,Stevens Point,54481,2015-03-18,2015-03-18,-9.107999999999999,5,93.81,86447,1826,False,False,False,Chris,0,2015-03-01,Mar,12,Wednesday,Q1,104.94999999999999,1.0494999999999999,-0.09708986248800766,True,-0.6770898624880076,1-3%,<100,Same/next day,1,WI
20303,High,0.09,35.94,6.66,3191,Jenny Hawkins,Regular Air,Corporate,Office Supplies,Envelopes,Small Box,"Tyvek ® Top-Opening Peel & Seel ® Envelopes, Gray",0.4,United States,Central,Wisconsin,Stevens Point,54481,2015-04-10,2015-04-12,172.56439999999998,9,312.22,86448,1827,False,False,False,Chris,2,2015-04-01,Apr,15,Friday,Q2,323.46,29.111399999999996,0.552701300365127,False,0.15270130036512697,7-9%,100-500,2-3 days,2,WI
22846,Medium,0.1,4.98,7.54,3194,Angela Rose,Regular Air,Consumer,Office Supplies,Paper,Small Box,Xerox 1961,0.38,United States,South,Florida,Spring Hill,34609,2015-03-10,2015-03-11,45.077999999999996,9,43.84,89805,1828,False,False,False,Sam,1,2015-03-01,Mar,11,Tuesday,Q1,44.82000000000001,4.482000000000001,1.0282390510948904,False,0.6482390510948904,10%+,<100,Same/next day,3,FL
22847,Medium,0.0,22.84,8.18,3194,Angela Rose,Regular Air,Consumer,Office Supplies,Paper,Small Box,Xerox 1991,0.39,United States,South,Florida,Spring Hill,34609,2015-03-10,2015-03-12,-110.376,6,141.74,89805,1829,False,False,False,Sam,2,2015-03-01,Mar,11,Tuesday,Q1,137.04,0.0,-0.7787216029349513,True,-1.1687216029349514,0%,100-500,2-3 days,3,FL
3406,Not Specified,0.03,200.97,15.59,3196,Rick Foster Hawkins,Delivery Truck,Home Office,Technology,Office Machines,Jumbo Drum,Hewlett-Packard Deskjet 6122 Color Inkjet Printer,0.36,United States,West,California,San Francisco,94109,2015-02-02,2015-02-03,1951.3,43,8717.75,24294,1830,False,False,False,William,1,2015-02-01,Feb,6,Monday,Q1,8641.71,259.25129999999996,0.22383069025838087,False,-0.13616930974161912,1-3%,2k-10k,Same/next day,5,CA
21406,Not Specified,0.03,200.97,15.59,3197,Wallace Pugh,Delivery Truck,Home Office,Technology,Office Machines,Jumbo Drum,Hewlett-Packard Deskjet 6122 Color Inkjet Printer,0.36,United States,Central,Illinois,Northbrook,60062,2015-02-02,2015-02-03,1538.7827999999997,11,2230.12,90850,1831,False,False,False,Chris,1,2015-02-01,Feb,6,Monday,Q1,2210.67,66.3201,0.69,False,0.32999999999999996,1-3%,2k-10k,Same/next day,5,IL
18437,Low,0.07,5.98,0.96,3205,Alvin Mullins,Regular Air,Consumer,Office Supplies,Pens & Art Supplies,Wrap Bag,Newell 315,0.6,United States,West,Idaho,Rexburg,83440,2015-03-30,2015-04-03,32.83,10,56.4,87933,1832,False,True,False,William,4,2015-03-01,Mar,14,Monday,Q1,59.800000000000004,4.186000000000001,0.5820921985815602,False,-0.01790780141843973,7-9%,<100,4-7 days,4,ID
18438,Low,0.01,39.98,4.0,3206,Dana Rankin,Regular Air,Consumer,Technology,Computer Peripherals,Small Box,Microsoft Natural Keyboard Elite,0.7,United States,West,Idaho,Twin Falls,83301,2015-03-30,2015-04-04,51.59000000000005,6,257.52,87933,1833,False,True,False,William,5,2015-03-01,Mar,14,Monday,Q1,239.88,2.3988,0.2003339546442997,False,-0.49966604535570025,1-3%,100-500,4-7 days,4,ID
21229,Not Specified,0.06,218.08,18.06,3206,Dana Rankin,Express Air,Consumer,Furniture,Chairs & Chairmats,Large Box,"Lifetime Advantage™ Folding Chairs, 4/Carton",0.57,United States,West,Idaho,Twin Falls,83301,2015-05-21,2015-05-23,969.42,7,1488.51,87934,1834,False,False,False,William,2,2015-05-01,May,21,Thursday,Q2,1526.5600000000002,91.59360000000001,0.6512687183828123,False,0.08126871838281235,4-6%,500-2k,2-3 days,5,ID
20156,Not Specified,0.05,35.44,5.09,3206,Dana Rankin,Regular Air,Consumer,Office Supplies,Paper,Small Box,Xerox 1932,0.38,United States,West,Idaho,Twin Falls,83301,2015-05-28,2015-05-29,553.3317,23,801.93,87935,1835,False,False,False,William,1,2015-05-01,May,22,Thursday,Q2,815.1199999999999,40.756,0.69,False,0.30999999999999994,4-6%,500-2k,Same/next day,5,ID
24637,Critical,0.03,4.98,4.62,3209,Elsie Floyd,Express Air,Corporate,Technology,Computer Peripherals,Small Pack,"Imation 3.5"", DISKETTE 44766 HGHLD3.52HD/FM, 10/Pack",0.64,United States,West,California,Beverly Hills,90210,2015-06-28,2015-06-29,-30.45,8,44.24,90739,1836,False,False,False,William,1,2015-06-01,Jun,26,Sunday,Q2,39.84,1.1952,-0.6882911392405063,True,-1.3282911392405063,1-3%,<100,Same/next day,1,CA
22804,High,0.1,7.31,0.49,3211,Jonathan Crabtree,Regular Air,Corporate,Office Supplies,Labels,Small Box,Self-Adhesive Address Labels for Typewriters by Universal,0.38,United States,Central,Illinois,Addison,60101,2015-02-15,2015-02-16,55.020599999999995,12,79.74,91522,1837,False,False,False,Chris,1,2015-02-01,Feb,7,Sunday,Q1,87.72,8.772,0.69,False,0.30999999999999994,10%+,<100,Same/next day,2,IL
22805,High,0.1,20.99,2.5,3211,Jonathan Crabtree,Regular Air,Corporate,Technology,Telephones and Communication,Wrap Bag,Accessory37,0.81,United States,Central,Illinois,Addison,60101,2015-02-15,2015-02-16,-43.65504,23,392.45,91522,1838,False,False,False,Chris,1,2015-02-01,Feb,7,Sunday,Q1,482.77,48.277,-0.11123720219136196,True,-0.921237202191362,10%+,100-500,Same/next day,2,IL
23736,Not Specified,0.03,6.68,1.5,3221,Sean Pugh,Regular Air,Corporate,Office Supplies,Pens & Art Supplies,Wrap Bag,Sanford Liquid Accent Highlighters,0.48,United States,South,Florida,Sunrise,33322,2015-04-12,2015-04-13,-577.3040000000001,7,48.32,90815,1839,False,False,False,Sam,1,2015-04-01,Apr,15,Sunday,Q2,46.76,1.4027999999999998,-11.947516556291392,True,-12.427516556291392,1-3%,<100,Same/next day,5,FL
25605,High,0.04,39.48,1.99,3222,Diane Lu,Express Air,Corporate,Technology,Computer Peripherals,Small Pack,"80 Minute CD-R Spindle, 100/Pack - Staples",0.54,United States,South,Florida,Tallahassee,32303,2015-03-19,2015-03-19,-1535.4864000000002,8,332.16,90814,1840,False,False,False,Sam,0,2015-03-01,Mar,12,Thursday,Q1,315.84,12.6336,-4.622731213872833,True,-5.162731213872833,4-6%,100-500,Same/next day,2,FL
25606,High,0.0,8.12,2.83,3222,Diane Lu,Regular Air,Corporate,Technology,Computer Peripherals,Small Pack,"Imation Neon Mac Format Diskettes, 10/Pack",0.77,United States,South,Florida,Tallahassee,32303,2015-03-19,2015-03-20,-159.32,17,147.62,90814,1841,False,False,False,Sam,1,2015-03-01,Mar,12,Thursday,Q1,138.04,0.0,-1.0792575531770763,True,-1.8492575531770763,0%,100-500,Same/next day,2,FL
19517,Critical,0.06,60.98,30.0,3224,Claudia White,Delivery Truck,Small Business,Furniture,Chairs & Chairmats,Jumbo Drum,Novimex Fabric Task Chair,0.7,United States,South,Tennessee,Gallatin,37066,2015-04-01,2015-04-02,-74.08800000000001,2,125.9,86508,1842,False,False,False,Sam,1,2015-04-01,Apr,14,Wednesday,Q2,121.96,7.3176,-0.5884670373312153,True,-1.2884670373312153,4-6%,100-500,Same/next day,1,TN
22291,Not Specified,0.1,208.16,68.02,3225,Robyn Crawford,Delivery Truck,Small Business,Office Supplies,Appliances,Jumbo Drum,"1.7 Cubic Foot Compact ""Cube"" Office Refrigerators",0.58,United States,South,Tennessee,Germantown,38138,2015-01-14,2015-01-14,-137.522,4,768.81,86507,1843,False,True,False,Sam,0,2015-01-01,Jan,3,Wednesday,Q1,832.64,83.26400000000001,-0.17887644541564235,True,-0.7588764454156423,10%+,500-2k,Same/next day,5,TN
22292,Not Specified,0.07,90.48,19.99,3226,Arthur Gold,Regular Air,Small Business,Office Supplies,Envelopes,Small Box,Tyvek® Side-Opening Peel & Seel® Expanding Envelopes,0.4,United States,South,Tennessee,Hendersonville,37075,2015-01-14,2015-01-15,-11.815999999999999,2,183.39,86507,1844,False,True,False,Sam,1,2015-01-01,Jan,3,Wednesday,Q1,180.96,12.667200000000001,-0.06443099405638257,True,-0.4644309940563826,7-9%,100-500,Same/next day,5,TN
22293,Not Specified,0.01,9.48,7.29,3226,Arthur Gold,Express Air,Small Business,Furniture,Office Furnishings,Small Pack,"DAX Two-Tone Rosewood/Black Document Frame, Desktop, 5 x 7",0.45,United States,South,Tennessee,Hendersonville,37075,2015-01-14,2015-01-16,238.9338,1,12.9,86507,1845,False,True,False,Sam,2,2015-01-01,Jan,3,Wednesday,Q1,9.48,0.09480000000000001,18.522,False,18.072,1-3%,<100,2-3 days,5,TN
22294,Not Specified,0.02,4.28,0.94,3226,Arthur Gold,Regular Air,Small Business,Office Supplies,Pens & Art Supplies,Wrap Bag,Newell 336,0.56,United States,South,Tennessee,Hendersonville,37075,2015-01-14,2015-01-15,-105.126,4,17.89,86507,1846,False,True,False,Sam,1,2015-01-01,Jan,3,Wednesday,Q1,17.12,0.34240000000000004,-5.87624371157071,True,-6.436243711570709,1-3%,<100,Same/next day,5,TN
24343,Medium,0.06,22.24,1.99,3226,Arthur Gold,Regular Air,Small Business,Technology,Computer Peripherals,Small Pack,"Verbatim DVD-R, 3.95GB, SR, Mitsubishi Branded, Jewel",0.43,United States,South,Tennessee,Hendersonville,37075,2015-06-28,2015-06-30,95.38799999999999,12,255.88,86509,1847,False,False,False,Sam,2,2015-06-01,Jun,26,Sunday,Q2,266.88,16.0128,0.37278411755510393,False,-0.05721588244489606,4-6%,100-500,2-3 days,3,TN
18940,Not Specified,0.01,24.95,2.99,3229,Sharon Kessler,Regular Air,Small Business,Office Supplies,Binders and Binder Accessories,Small Box,Large Capacity Hanging Post Binders,0.39,United States,Central,Wisconsin,Superior,54880,2015-01-21,2015-01-22,261.38579999999996,15,378.82,87435,1848,False,True,False,Chris,1,2015-01-01,Jan,4,Wednesday,Q1,374.25,3.7425,0.69,False,0.29999999999999993,1-3%,100-500,Same/next day,5,WI
18941,Not Specified,0.0,15.98,8.99,3230,Monica Stuart,Regular Air,Small Business,Technology,Computer Peripherals,Small Pack,"Imation 3.5"" DS/HD IBM Formatted Diskettes, 50/Pack",0.64,United States,Central,Wisconsin,Waukesha,53186,2015-01-21,2015-01-23,-135.46,9,152.18,87435,1849,False,True,False,Chris,2,2015-01-01,Jan,4,Wednesday,Q1,143.82,0.0,-0.890130109081351,True,-1.530130109081351,0%,100-500,2-3 days,5,WI
19062,Critical,0.06,4.91,5.68,3230,Monica Stuart,Express Air,Small Business,Office Supplies,Binders and Binder Accessories,Small Box,"Acco Pressboard Covers with Storage Hooks, 14 7/8"" x 11"", Light Blue",0.36,United States,Central,Wisconsin,Waukesha,53186,2015-06-13,2015-06-13,-31.68825,10,53.89,87436,1850,False,False,False,Chris,0,2015-06-01,Jun,24,Saturday,Q2,49.1,2.946,-0.5880172573761365,True,-0.9480172573761365,4-6%,<100,Same/next day,1,WI
19063,Critical,0.07,48.94,5.86,3230,Monica Stuart,Express Air,Small Business,Office Supplies,Paper,Small Box,Xerox 1916,0.35,United States,Central,Wisconsin,Waukesha,53186,2015-06-13,2015-06-14,690.7037999999999,21,1001.02,87436,1851,False,False,False,Chris,1,2015-06-01,Jun,24,Saturday,Q2,1027.74,71.9418,0.69,False,0.33999999999999997,7-9%,500-2k,Same/next day,1,WI
19179,Low,0.06,115.99,5.92,3238,Kathleen P Bloom,Regular Air,Corporate,Technology,Telephones and Communication,Small Box,8890,0.58,United States,West,Oregon,Corvallis,97330,2015-06-04,2015-06-06,-13.068000000000001,5,495.82,89564,1852,False,False,False,William,2,2015-06-01,Jun,23,Thursday,Q2,579.9499999999999,34.797,-0.02635633899398976,True,-0.6063563389939897,4-6%,100-500,2-3 days,4,OR
23084,High,0.0,7.28,3.52,3243,Marlene Phillips,Regular Air,Small Business,Technology,Computer Peripherals,Small Pack,"Imation 3.5"" DS-HD Macintosh Formatted Diskettes, 10/Pack",0.68,United States,East,Connecticut,Bristol,06010,2015-06-10,2015-06-10,-25.104,3,24.44,88329,1853,False,False,False,Erin,0,2015-06-01,Jun,24,Wednesday,Q2,21.84,0.0,-1.0271685761047462,True,-1.7071685761047464,0%,<100,Same/next day,2,CT
23267,Low,0.06,5.18,2.04,3246,Wanda Harris,Regular Air,Small Business,Office Supplies,Paper,Wrap Bag,Array® Memo Cubes,0.36,United States,East,New Hampshire,Hudson,03051,2015-04-01,2015-04-01,1.9504000000000001,4,21.86,88330,1854,False,False,False,Erin,0,2015-04-01,Apr,14,Wednesday,Q2,20.72,1.2431999999999999,0.08922232387923149,False,-0.27077767612076853,4-6%,<100,Same/next day,4,NH
18265,High,0.07,2.78,1.49,3248,Earl Donnelly,Regular Air,Small Business,Office Supplies,Binders and Binder Accessories,Small Box,Wilson Jones Suede Grain Vinyl Binders,0.36,United States,South,Louisiana,Slidell,70458,2015-05-07,2015-05-08,-340.5311,17,47.12,87297,1855,False,False,False,Sam,1,2015-05-01,May,19,Thursday,Q2,47.26,3.3082000000000003,-7.226890916808149,True,-7.58689091680815,7-9%,<100,Same/next day,2,LA
25820,High,0.03,42.8,2.99,3249,Nicole Goldstein,Regular Air,Corporate,Office Supplies,Binders and Binder Accessories,Small Box,"Wilson Jones Elliptical Ring 3 1/2"" Capacity Binders, 800 sheets",0.36,United States,East,Maryland,Annapolis,21403,2015-05-23,2015-05-24,462.92099999999994,16,670.9,87298,1856,False,False,False,Erin,1,2015-05-01,May,21,Saturday,Q2,684.8,20.543999999999997,0.69,False,0.32999999999999996,1-3%,500-2k,Same/next day,2,MD
5511,Critical,0.02,5.28,6.26,3251,Peter Brooks,Regular Air,Corporate,Office Supplies,Paper,Small Box,Xerox 1928,0.4,United States,East,New York,New York City,10112,2015-06-11,2015-06-12,-131.16,76,412.72,39076,1857,False,False,False,Erin,1,2015-06-01,Jun,24,Thursday,Q2,401.28000000000003,8.0256,-0.3177941461523551,True,-0.7177941461523552,1-3%,100-500,Same/next day,1,NY
23324,Critical,0.01,11.34,5.01,3252,Milton Harrell,Regular Air,Small Business,Office Supplies,Paper,Small Box,Xerox 188,0.36,United States,East,New York,Rotterdam,12306,2015-03-30,2015-04-01,-11.83,1,14.52,87296,1858,False,False,False,Erin,2,2015-03-01,Mar,14,Monday,Q1,11.34,0.1134,-0.8147382920110193,True,-1.1747382920110194,1-3%,<100,2-3 days,1,NY
23511,Critical,0.02,5.28,6.26,3252,Milton Harrell,Regular Air,Corporate,Office Supplies,Paper,Small Box,Xerox 1928,0.4,United States,East,New York,Rotterdam,12306,2015-06-11,2015-06-12,-65.58,19,103.18,87299,1859,False,False,False,Erin,1,2015-06-01,Jun,24,Thursday,Q2,100.32000000000001,2.0064,-0.6355882923047101,True,-1.0355882923047102,1-3%,100-500,Same/next day,1,NY
21046,Critical,0.06,47.98,3.61,3255,Maureen Whitley,Regular Air,Home Office,Technology,Computer Peripherals,Small Pack,"DS/HD IBM Formatted Diskettes, 200/Pack - Staples",0.71,United States,South,Florida,Tamarac,33319,2015-02-18,2015-02-20,596.808,2,97.96,90488,1860,False,False,False,Sam,2,2015-02-01,Feb,8,Wednesday,Q1,95.96,5.757599999999999,6.092364230298081,False,5.382364230298081,4-6%,<100,2-3 days,1,FL
18728,Not Specified,0.01,349.45,60.0,3257,Sharon Marcus,Delivery Truck,Consumer,Furniture,Tables,Jumbo Drum,"SAFCO PlanMaster Heigh-Adjustable Drafting Table Base, 43w x 30d x 30-37h, Black",0.68,United States,West,Washington,Longview,98632,2015-05-26,2015-05-27,3739.3929,15,5419.41,88825,1861,True,False,False,William,1,2015-05-01,May,22,Tuesday,Q2,5241.75,52.417500000000004,0.69,False,0.009999999999999898,1-3%,2k-10k,Same/next day,5,WA
21852,Medium,0.0,25.38,8.99,3257,Sharon Marcus,Regular Air,Consumer,Furniture,Office Furnishings,Small Pack,"Executive Impressions 13"" Chairman Wall Clock",0.5,United States,West,Washington,Longview,98632,2015-05-13,2015-05-15,470.33799999999997,26,700.41,88826,1862,False,False,False,William,2,2015-05-01,May,20,Wednesday,Q2,659.88,0.0,0.6715181108208049,False,0.17151811082080493,0%,500-2k,2-3 days,3,WA
23010,Not Specified,0.02,55.94,6.55,3258,Gretchen Best Wilkins,Regular Air,Consumer,Technology,Computer Peripherals,Small Box,"Fellowes Smart Design 104-Key Enhanced Keyboard, PS/2 Adapter, Platinum",0.68,United States,West,Washington,Lynnwood,98037,2015-03-21,2015-03-23,401.85,11,646.88,88824,1863,False,False,False,William,2,2015-03-01,Mar,12,Saturday,Q1,615.3399999999999,12.306799999999999,0.6212125896611428,False,-0.05878741033885726,1-3%,500-2k,2-3 days,5,WA
22576,Not Specified,0.07,105.34,24.49,3261,Steven Long,Express Air,Consumer,Furniture,Office Furnishings,Large Box,Deflect-o DuraMat Antistatic Studded Beveled Mat for Medium Pile Carpeting,0.61,United States,Central,Michigan,Adrian,49221,2015-06-25,2015-06-26,710.6723999999999,10,1029.96,90296,1864,False,False,False,Chris,1,2015-06-01,Jun,26,Thursday,Q2,1053.4,73.73800000000001,0.69,False,0.07999999999999996,7-9%,500-2k,Same/next day,5,MI
19214,Medium,0.04,9.99,11.59,3264,Becky Puckett,Regular Air,Corporate,Office Supplies,Paper,Small Box,Hammermill Color Copier Paper (28Lb. and 96 Bright),0.4,United States,West,California,Eureka,95501,2015-05-19,2015-05-21,-92.32,5,52.09,89835,1865,False,False,False,William,2,2015-05-01,May,21,Tuesday,Q2,49.95,1.9980000000000002,-1.7723171434056437,True,-2.172317143405644,4-6%,<100,2-3 days,3,CA
21459,Critical,0.0,122.99,70.2,3266,Edgar Kumar,Delivery Truck,Corporate,Furniture,Chairs & Chairmats,Jumbo Drum,"Global High-Back Leather Tilter, Burgundy",0.74,United States,East,Maine,Sanford,04073,2015-01-28,2015-01-29,-1764.29,14,1794.88,89836,1866,False,True,False,Erin,1,2015-01-01,Jan,5,Wednesday,Q1,1721.86,0.0,-0.9829570779105009,True,-1.7229570779105008,0%,500-2k,Same/next day,1,ME
21458,Critical,0.01,60.97,4.5,3269,Billie Stern,Express Air,Corporate,Office Supplies,Appliances,Small Box,Tripp Lite Isotel 6 Outlet Surge Protector with Fax/Modem Protection,0.56,United States,East,New Jersey,North Plainfield,07060,2015-01-28,2015-01-30,527.8775999999999,12,765.04,89836,1867,False,True,False,Erin,2,2015-01-01,Jan,5,Wednesday,Q1,731.64,7.3164,0.69,False,0.1299999999999999,1-3%,500-2k,2-3 days,1,NJ
19047,Low,0.02,13.48,4.51,3275,Tamara Dickinson,Regular Air,Home Office,Office Supplies,Storage & Organization,Small Box,"Tenex Personal Project File with Scoop Front Design, Black",0.59,United States,West,Washington,Mount Vernon,98273,2015-03-21,2015-03-23,34.52,9,127.12,86233,1868,False,False,False,William,2,2015-03-01,Mar,12,Saturday,Q1,121.32000000000001,2.4264,0.27155443675267465,False,-0.3184455632473253,1-3%,100-500,2-3 days,4,WA
19232,Low,0.04,449.99,24.49,3275,Tamara Dickinson,Regular Air,Small Business,Technology,Copiers and Fax,Large Box,Canon PC940 Copier,0.52,United States,West,Washington,Mount Vernon,98273,2015-01-01,2015-01-05,3576.8840999999998,12,5183.89,86234,1869,False,False,False,William,4,2015-01-01,Jan,1,Thursday,Q1,5399.88,215.9952,0.69,False,0.16999999999999993,4-6%,2k-10k,4-7 days,4,WA
19233,Low,0.01,5.84,1.2,3275,Tamara Dickinson,Regular Air,Small Business,Office Supplies,Pens & Art Supplies,Wrap Bag,Newell 312,0.55,United States,West,Washington,Mount Vernon,98273,2015-01-01,2015-01-10,20.38,6,36.09,86234,1870,False,False,False,William,9,2015-01-01,Jan,1,Thursday,Q1,35.04,0.3504,0.5646993627043502,False,0.014699362704350127,1-3%,<100,8+ days,4,WA
20039,High,0.06,89.83,35.0,3279,Ricky Allred,Regular Air,Home Office,Office Supplies,Storage & Organization,Large Box,Fellowes Officeware™ Wire Shelving,0.83,United States,South,South Carolina,Columbia,29203,2015-04-06,2015-04-08,31.11,4,366.26,90766,1871,False,False,False,Sam,2,2015-04-01,Apr,15,Monday,Q2,359.32,21.559199999999997,0.08493966035057063,False,-0.7450603396494293,4-6%,100-500,2-3 days,2,SC
20040,High,0.1,13.43,5.5,3279,Ricky Allred,Regular Air,Home Office,Office Supplies,Storage & Organization,Small Box,"Fellowes Personal Hanging Folder Files, Navy",0.57,United States,South,South Carolina,Columbia,29203,2015-04-06,2015-04-08,358.2954,12,157.99,90766,1872,False,False,False,Sam,2,2015-04-01,Apr,15,Monday,Q2,161.16,16.116,2.2678359389834797,False,1.6978359389834798,10%+,100-500,2-3 days,2,SC
20041,High,0.01,125.99,7.69,3279,Ricky Allred,Regular Air,Home Office,Technology,Telephones and Communication,Small Box,Timeport L7089,0.58,United States,South,South Carolina,Columbia,29203,2015-04-06,2015-04-06,8.322,11,1212.88,90766,1873,False,False,False,Sam,0,2015-04-01,Apr,15,Monday,Q2,1385.8899999999999,13.858899999999998,0.006861354791900269,False,-0.5731386452080997,1-3%,500-2k,Same/next day,2,SC
21620,Medium,0.01,45.99,4.99,3279,Ricky Allred,Regular Air,Home Office,Technology,Telephones and Communication,Small Box,KF 788,0.56,United States,South,South Carolina,Columbia,29203,2015-03-14,2015-03-16,24.018,3,125.19,90767,1874,False,False,False,Sam,2,2015-03-01,Mar,11,Saturday,Q1,137.97,1.3797,0.19185238437574886,False,-0.3681476156242512,1-3%,100-500,2-3 days,3,SC
23022,Critical,0.05,363.25,19.99,3283,William Woodard,Express Air,Corporate,Office Supplies,Appliances,Small Box,Hoover WindTunnel™ Plus Canister Vacuum,0.57,United States,South,Florida,Kendall,33156,2015-04-21,2015-04-21,-269.7555,5,1867.04,90752,1875,False,False,False,Sam,0,2015-04-01,Apr,17,Tuesday,Q2,1816.25,90.8125,-0.14448297840431912,True,-0.7144829784043191,4-6%,500-2k,Same/next day,1,FL
23211,High,0.03,17.48,1.99,3283,William Woodard,Regular Air,Corporate,Technology,Computer Peripherals,Small Pack,"Maxell Pro 80 Minute CD-R, 10/Pack",0.45,United States,South,Florida,Kendall,33156,2015-05-10,2015-05-11,710.8073999999999,31,537.8,90753,1876,False,False,False,Sam,1,2015-05-01,May,19,Sunday,Q2,541.88,16.2564,1.3216946820379323,False,0.8716946820379323,1-3%,500-2k,Same/next day,2,FL
26141,High,0.05,19.23,6.15,3284,Michael Shaffer,Express Air,Corporate,Furniture,Office Furnishings,Small Pack,"Executive Impressions 13"" Clairmont Wall Clock",0.44,United States,South,Florida,Kissimmee,34741,2015-02-20,2015-02-22,-2133.2780000000002,6,119.78,90751,1877,False,False,False,Sam,2,2015-02-01,Feb,8,Friday,Q1,115.38,5.769,-17.809968275171148,True,-18.24996827517115,4-6%,100-500,2-3 days,2,FL
20350,Not Specified,0.06,1.7,1.99,3285,Ricky Garner,Regular Air,Consumer,Technology,Computer Peripherals,Small Pack,BASF Silver 74 Minute CD-R,0.51,United States,South,Virginia,Herndon,20170,2015-01-06,2015-01-07,80.0712,7,12.15,90750,1878,False,False,False,Sam,1,2015-01-01,Jan,2,Tuesday,Q1,11.9,0.714,6.590222222222223,False,6.080222222222223,4-6%,<100,Same/next day,5,VA
20351,Not Specified,0.01,30.98,5.09,3285,Ricky Garner,Regular Air,Consumer,Office Supplies,Paper,Small Box,Xerox 19,0.4,United States,South,Virginia,Herndon,20170,2015-01-06,2015-01-08,896.406,9,288.42,90750,1879,False,False,False,Sam,2,2015-01-01,Jan,2,Tuesday,Q1,278.82,2.7882,3.107988350322446,False,2.707988350322446,1-3%,100-500,2-3 days,5,VA
21567,Low,0.08,30.56,2.99,3287,Mary Norman,Regular Air,Small Business,Office Supplies,Binders and Binder Accessories,Small Box,Surelock™ Post Binders,0.35,United States,West,California,Granite Bay,95746,2015-05-25,2015-05-27,352.8798,17,511.42,89897,1880,False,False,False,William,2,2015-05-01,May,22,Monday,Q2,519.52,41.5616,0.69,False,0.33999999999999997,7-9%,500-2k,2-3 days,4,CA
23198,Low,0.04,33.89,5.1,3303,Carole Creech,Regular Air,Home Office,Office Supplies,Storage & Organization,Small Box,"File Shuttle II and Handi-File, Black",0.6,United States,South,Florida,Lake Worth,33461,2015-01-07,2015-01-12,68.67599999999999,6,200.64,87795,1881,False,False,False,Sam,5,2015-01-01,Jan,2,Wednesday,Q1,203.34,8.1336,0.34228468899521525,False,-0.25771531100478473,4-6%,100-500,4-7 days,4,FL
20447,Medium,0.06,11.33,6.12,3306,Claire Warren,Regular Air,Small Business,Office Supplies,Appliances,Medium Box,"Holmes Replacement Filter for HEPA Air Cleaner, Medium Room",0.42,United States,East,Connecticut,New London,06320,2015-04-01,2015-04-03,-15.92,1,17.62,90461,1882,False,False,False,Erin,2,2015-04-01,Apr,14,Wednesday,Q2,11.33,0.6798,-0.9035187287173666,True,-1.3235187287173666,4-6%,<100,2-3 days,3,CT
22732,Low,0.07,16.74,7.04,3307,Edwin Blackburn,Regular Air,Small Business,Office Supplies,Storage & Organization,Small Box,Rogers® Profile Extra Capacity Storage Tub,0.81,United States,East,Massachusetts,Agawam,01001,2015-01-26,2015-02-02,-114.2,5,80.58,90462,1883,False,True,False,Erin,7,2015-01-01,Jan,5,Monday,Q1,83.69999999999999,5.859,-1.4172251178952595,True,-2.2272251178952596,7-9%,<100,4-7 days,4,MA
23451,Critical,0.1,6.64,54.95,3309,Edwin Chung,Regular Air,Small Business,Furniture,Office Furnishings,Small Pack,G.E. Longer-Life Indoor Recessed Floodlight Bulbs,0.37,United States,East,Massachusetts,Natick,01760,2015-03-24,2015-03-26,-25.0,4,25.31,90460,1884,False,True,False,Erin,2,2015-03-01,Mar,13,Tuesday,Q1,26.56,2.656,-0.9877518767285658,True,-1.3577518767285657,10%+,<100,2-3 days,1,MA
23452,Critical,0.05,90.48,19.99,3310,Tiffany Grossman Hardin,Regular Air,Small Business,Office Supplies,Envelopes,Small Box,Tyvek® Side-Opening Peel & Seel® Expanding Envelopes,0.4,United States,East,Massachusetts,Sandwich,02563,2015-03-24,2015-03-25,255.14819999999997,4,369.78,90460,1885,False,True,False,Erin,1,2015-03-01,Mar,13,Tuesday,Q1,361.92,18.096,0.69,False,0.2899999999999999,4-6%,100-500,Same/next day,1,MA
22734,Low,0.06,6.45,1.34,3311,Jackie Flynn,Regular Air,Small Business,Office Supplies,Paper,Wrap Bag,"Wirebound Four 2-3/4 x 5 Forms per Page, 400 Sets per Book",0.36,United States,East,Massachusetts,Winchester,01890,2015-01-26,2015-01-31,39.4266,9,57.14,90462,1886,False,True,False,Erin,5,2015-01-01,Jan,5,Monday,Q1,58.050000000000004,3.483,0.6900000000000001,False,0.33000000000000007,4-6%,<100,4-7 days,4,MA
22733,Low,0.05,122.99,70.2,3314,Billy Hale,Delivery Truck,Small Business,Furniture,Chairs & Chairmats,Jumbo Drum,"Global High-Back Leather Tilter, Burgundy",0.74,United States,East,New Jersey,Fort Lee,07024,2015-01-26,2015-01-30,-722.23,4,498.31,90462,1887,False,True,False,Erin,4,2015-01-01,Jan,5,Monday,Q1,491.96,24.598,-1.4493588328550502,True,-2.18935883285505,4-6%,100-500,4-7 days,4,NJ
19422,Low,0.03,20.98,1.49,3319,Marlene Davidson,Regular Air,Small Business,Office Supplies,Binders and Binder Accessories,Small Box,Avery Legal 4-Ring Binder,0.35,United States,South,Tennessee,Hendersonville,37075,2015-05-21,2015-05-21,30.023999999999997,20,431.43,90104,1888,False,False,False,Sam,0,2015-05-01,May,21,Thursday,Q2,419.6,12.588000000000001,0.06959182254363395,False,-0.28040817745636604,1-3%,100-500,Same/next day,4,TN
20203,Not Specified,0.08,3.28,3.97,3320,Alicia Maynard,Regular Air,Small Business,Office Supplies,Pens & Art Supplies,Wrap Bag,Newell 342,0.56,United States,South,Tennessee,Jackson,38301,2015-04-27,2015-04-28,0.42660000000000337,18,57.24,90103,1889,False,False,False,Sam,1,2015-04-01,Apr,18,Monday,Q2,59.04,4.7232,0.007452830188679304,False,-0.5525471698113208,7-9%,<100,Same/next day,5,TN
20204,Not Specified,0.09,40.97,8.99,3320,Alicia Maynard,Express Air,Small Business,Office Supplies,Pens & Art Supplies,Small Pack,Sanford 52201 APSCO Electric Pencil Sharpener,0.59,United States,South,Tennessee,Jackson,38301,2015-04-27,2015-04-29,66.216,22,824.7,90103,1890,False,False,False,Sam,2,2015-04-01,Apr,18,Monday,Q2,901.3399999999999,81.1206,0.08029101491451436,False,-0.5097089850854856,7-9%,500-2k,2-3 days,5,TN
25330,Medium,0.05,6.48,8.19,3324,Leslie Jacobson,Regular Air,Consumer,Office Supplies,Paper,Small Box,Xerox 217,0.37,United States,West,Arizona,El Mirage,85335,2015-02-12,2015-02-15,-164.18,9,58.5,90985,1891,False,False,False,William,3,2015-02-01,Feb,7,Thursday,Q1,58.32000000000001,2.9160000000000004,-2.8064957264957267,True,-3.1764957264957268,4-6%,<100,2-3 days,3,AZ
20488,Low,0.0,8.74,8.29,3325,Diane Barr,Regular Air,Consumer,Office Supplies,Envelopes,Small Box,"#10- 4 1/8"" x 9 1/2"" Recycled Envelopes",0.38,United States,West,Oregon,Coos Bay,97420,2015-06-24,2015-06-26,-79.4,14,131.62,90986,1892,False,False,False,William,2,2015-06-01,Jun,26,Wednesday,Q2,122.36,0.0,-0.6032517854429418,True,-0.9832517854429418,0%,100-500,2-3 days,4,OR
23476,Critical,0.07,5.58,1.99,3325,Diane Barr,Regular Air,Consumer,Office Supplies,Pens & Art Supplies,Wrap Bag,DIXON Ticonderoga® Erasable Checking Pencils,0.46,United States,West,Oregon,Coos Bay,97420,2015-04-24,2015-04-26,23.046,23,121.46,90987,1893,False,False,False,William,2,2015-04-01,Apr,17,Friday,Q2,128.34,8.9838,0.18974147867610736,False,-0.27025852132389266,7-9%,100-500,2-3 days,1,OR
18259,Not Specified,0.06,113.98,30.0,3327,Bob Gibson,Delivery Truck,Small Business,Furniture,Chairs & Chairmats,Jumbo Drum,Hon Comfortask® Task/Swivel Chairs,0.69,United States,Central,Michigan,Port Huron,48060,2015-03-06,2015-03-08,-127.3,3,356.14,87272,1894,False,False,False,Chris,2,2015-03-01,Mar,10,Friday,Q1,341.94,20.5164,-0.35744370191497726,True,-1.0474437019149772,4-6%,100-500,2-3 days,5,MI
18260,Not Specified,0.05,6.48,6.86,3327,Bob Gibson,Regular Air,Small Business,Office Supplies,Paper,Small Box,Xerox 204,0.37,United States,Central,Michigan,Port Huron,48060,2015-03-06,2015-03-08,-52.77,4,27.08,87272,1895,False,False,False,Chris,2,2015-03-01,Mar,10,Friday,Q1,25.92,1.2960000000000003,-1.9486706056129988,True,-2.318670605612999,4-6%,<100,2-3 days,5,MI
21588,Medium,0.09,5.98,4.69,3331,Elisabeth Shaw,Regular Air,Corporate,Office Supplies,Storage & Organization,Small Box,"Perma STOR-ALL™ Hanging File Box, 13 1/8""W x 12 1/4""D x 10 1/2""H",0.68,United States,South,Florida,Ormond Beach,32174,2015-01-05,2015-01-06,-781.1342,11,65.85,86283,1896,False,False,False,Sam,1,2015-01-01,Jan,2,Monday,Q1,65.78,5.9201999999999995,-11.86232649962035,True,-12.54232649962035,7-9%,<100,Same/next day,3,FL
23294,Not Specified,0.02,4.0,1.3,3331,Elisabeth Shaw,Regular Air,Corporate,Office Supplies,Paper,Wrap Bag,EcoTones® Memo Sheets,0.37,United States,South,Florida,Ormond Beach,32174,2015-01-09,2015-01-09,-23.296,12,50.71,86284,1897,False,False,False,Sam,0,2015-01-01,Jan,2,Friday,Q1,48.0,0.96,-0.4593965687241175,True,-0.8293965687241175,1-3%,<100,Same/next day,5,FL
21429,High,0.08,6.48,8.4,3338,Constance Robertson,Regular Air,Consumer,Office Supplies,Paper,Small Box,Xerox 212,0.37,United States,South,Florida,Tampa,33614,2015-05-07,2015-05-07,58.812,7,45.0,85979,1898,False,False,False,Sam,0,2015-05-01,May,19,Thursday,Q2,45.36,3.6288,1.3069333333333333,False,0.9369333333333333,7-9%,<100,Same/next day,2,FL
25613,High,0.03,2.61,0.5,3339,Lester Copeland,Regular Air,Consumer,Office Supplies,Labels,Small Box,Avery 494,0.39,United States,South,Florida,Titusville,32780,2015-06-14,2015-06-15,4.0443,7,19.02,85981,1899,False,False,False,Sam,1,2015-06-01,Jun,24,Sunday,Q2,18.27,0.5480999999999999,0.2126340694006309,False,-0.17736593059936911,1-3%,<100,Same/next day,2,FL
25614,High,0.01,11.66,7.95,3339,Lester Copeland,Regular Air,Consumer,Office Supplies,Pens & Art Supplies,Small Pack,"Hunt BOSTON® Vista® Battery-Operated Pencil Sharpener, Black",0.58,United States,South,Florida,Titusville,32780,2015-06-14,2015-06-15,-10.368400000000001,16,193.87,85981,1900,False,False,False,Sam,1,2015-06-01,Jun,24,Sunday,Q2,186.56,1.8656000000000001,-0.05348119874142467,True,-0.6334811987414246,1-3%,100-500,Same/next day,2,FL
22857,Medium,0.08,125.99,4.2,3340,Phillip Blum,Regular Air,Consumer,Technology,Telephones and Communication,Small Box,i1000plus,0.57,United States,West,Oregon,Troutdale,97060,2015-01-13,2015-01-14,989.8118999999999,14,1434.51,85980,1901,False,False,False,William,1,2015-01-01,Jan,3,Tuesday,Q1,1763.86,141.1088,0.69,False,0.12,7-9%,500-2k,Same/next day,3,OR
2986,Critical,0.03,194.3,11.54,3342,Paul Tate,Regular Air,Home Office,Furniture,Office Furnishings,Large Box,Electrix Halogen Magnifier Lamp,0.59,United States,East,District of Columbia,Washington,20006,2015-02-13,2015-02-15,2861.01,42,8549.04,21572,1902,False,False,False,Erin,2,2015-02-01,Feb,7,Friday,Q1,8160.6,244.818,0.3346586283372168,False,-0.25534137166278315,1-3%,2k-10k,2-3 days,1,DC
20986,Critical,0.03,194.3,11.54,3344,Jim Hinson,Regular Air,Home Office,Furniture,Office Furnishings,Large Box,Electrix Halogen Magnifier Lamp,0.59,United States,Central,Michigan,Rochester Hills,48307,2015-02-13,2015-02-15,1544.9307000000001,11,2239.03,89928,1903,False,False,False,Chris,2,2015-02-01,Feb,7,Friday,Q1,2137.3,64.119,0.69,False,0.09999999999999998,1-3%,2k-10k,2-3 days,1,MI
18947,Medium,0.07,7.68,6.16,3347,Carrie McIntosh,Express Air,Consumer,Office Supplies,Binders and Binder Accessories,Small Box,GBC VeloBinder Strips,0.35,United States,South,Florida,Royal Palm Beach,33411,2015-01-06,2015-01-08,125.9982,1,22.13,89355,1904,False,False,False,Sam,2,2015-01-01,Jan,2,Tuesday,Q1,7.68,0.5376000000000001,5.693547220967013,False,5.343547220967014,7-9%,<100,2-3 days,3,FL
18948,Medium,0.05,6.64,4.95,3347,Carrie McIntosh,Express Air,Consumer,Furniture,Office Furnishings,Small Pack,G.E. Longer-Life Indoor Recessed Floodlight Bulbs,0.37,United States,South,Florida,Royal Palm Beach,33411,2015-01-06,2015-01-08,-92.92920000000001,5,34.17,89355,1905,False,False,False,Sam,2,2015-01-01,Jan,2,Tuesday,Q1,33.199999999999996,1.66,-2.7196136962247586,True,-3.0896136962247587,4-6%,<100,2-3 days,3,FL
19461,Medium,0.02,110.99,2.5,3347,Carrie McIntosh,Regular Air,Consumer,Technology,Telephones and Communication,Small Box,T18,0.57,United States,South,Florida,Royal Palm Beach,33411,2015-01-27,2015-01-29,-39.809,1,94.3,89356,1906,False,False,False,Sam,2,2015-01-01,Jan,5,Tuesday,Q1,110.99,2.2197999999999998,-0.422152704135737,True,-0.992152704135737,1-3%,<100,2-3 days,3,FL
21485,Medium,0.01,73.98,12.14,3350,Amy York,Regular Air,Small Business,Technology,Computer Peripherals,Small Box,Keytronic 105-Key Spanish Keyboard,0.67,United States,West,Washington,Parkland,98444,2015-01-23,2015-01-25,-29.065600000000003,5,384.22,91296,1907,False,False,False,William,2,2015-01-01,Jan,4,Friday,Q1,369.90000000000003,3.6990000000000003,-0.07564832647962105,True,-0.7456483264796211,1-3%,100-500,2-3 days,3,WA
23248,Critical,0.1,10.89,4.5,3351,Nathan Wyatt,Regular Air,Small Business,Office Supplies,Appliances,Small Box,Belkin 6 Outlet Metallic Surge Strip,0.59,United States,West,Washington,Pasco,99301,2015-02-04,2015-02-06,-19.2972,17,178.68,91297,1908,False,False,False,William,2,2015-02-01,Feb,6,Wednesday,Q1,185.13,18.513,-0.10799865681665546,True,-0.6979986568166554,10%+,100-500,2-3 days,1,WA
23474,High,0.06,6.7,1.56,3351,Nathan Wyatt,Express Air,Small Business,Office Supplies,Pens & Art Supplies,Wrap Bag,Turquoise Lead Holder with Pocket Clip,0.52,United States,West,Washington,Pasco,99301,2015-02-07,2015-02-09,40.6556,12,79.39,91298,1909,False,False,False,William,2,2015-02-01,Feb,6,Saturday,Q1,80.4,4.824,0.512099760675148,False,-0.007900239324852065,4-6%,<100,2-3 days,2,WA
19838,High,0.03,28.53,1.49,3354,Sara Faulkner,Regular Air,Corporate,Office Supplies,Binders and Binder Accessories,Small Box,Lock-Up Easel 'Spel-Binder',0.38,United States,West,California,Calexico,92231,2015-05-16,2015-05-17,137.67569999999998,7,199.53,88589,1910,False,False,False,William,1,2015-05-01,May,20,Saturday,Q2,199.71,5.9913,0.6899999999999998,False,0.30999999999999983,1-3%,100-500,Same/next day,2,CA
19839,High,0.07,5.98,7.15,3354,Sara Faulkner,Regular Air,Corporate,Office Supplies,Paper,Small Box,Universal Premium White Copier/Laser Paper (20Lb. and 87 Bright),0.36,United States,West,California,Calexico,92231,2015-05-16,2015-05-18,-62.0,6,37.05,88589,1911,False,False,False,William,2,2015-05-01,May,20,Saturday,Q2,35.88,2.5116000000000005,-1.6734143049932524,True,-2.0334143049932525,7-9%,<100,2-3 days,2,CA
19666,Not Specified,0.04,3.69,0.5,3354,Sara Faulkner,Regular Air,Corporate,Office Supplies,Labels,Small Box,Avery 487,0.38,United States,West,California,Calexico,92231,2015-03-27,2015-03-29,47.52719999999999,19,68.88,88590,1912,False,False,False,William,2,2015-03-01,Mar,13,Friday,Q1,70.11,2.8044000000000002,0.69,False,0.30999999999999994,4-6%,<100,2-3 days,5,CA
23906,Low,0.1,120.98,9.07,3355,Glenda Simon,Regular Air,Corporate,Office Supplies,Binders and Binder Accessories,Small Box,GBC VeloBinder Electric Binding Machine,0.35,United States,West,California,Camarillo,93010,2015-02-28,2015-03-09,379.3965,5,549.85,88587,1913,False,False,False,William,9,2015-02-01,Feb,9,Saturday,Q1,604.9,60.49,0.69,False,0.33999999999999997,10%+,500-2k,8+ days,4,CA
23907,Low,0.08,8.32,2.38,3355,Glenda Simon,Express Air,Corporate,Technology,Computer Peripherals,Small Pack,"Imation 3.5 IBM Formatted Diskettes, 10/Box",0.74,United States,West,California,Camarillo,93010,2015-02-28,2015-03-04,-41.83,6,48.99,88587,1914,False,False,False,William,4,2015-02-01,Feb,9,Saturday,Q1,49.92,3.9936000000000003,-0.8538477240253112,True,-1.593847724025311,7-9%,<100,4-7 days,4,CA
23908,Low,0.1,125.99,4.2,3355,Glenda Simon,Regular Air,Corporate,Technology,Telephones and Communication,Small Box,V3682,0.59,United States,West,California,Camarillo,93010,2015-02-28,2015-02-28,372.402,7,681.42,88587,1915,False,False,False,William,0,2015-02-01,Feb,9,Saturday,Q1,881.93,88.193,0.546508761116492,False,-0.04349123888350792,10%+,500-2k,Same/next day,4,CA
18628,Medium,0.07,5.34,5.63,3356,Richard Tan,Regular Air,Corporate,Office Supplies,Binders and Binder Accessories,Small Box,"Pressboard Data Binder, Crimson, 12"" X 8 1/2""",0.39,United States,West,Idaho,Eagle,83616,2015-05-04,2015-05-06,-116.3455,13,66.65,88588,1916,False,False,False,William,2,2015-05-01,May,19,Monday,Q2,69.42,4.859400000000001,-1.7456189047261814,True,-2.1356189047261815,7-9%,<100,2-3 days,3,ID
18629,Medium,0.03,160.98,30.0,3356,Richard Tan,Delivery Truck,Corporate,Furniture,Chairs & Chairmats,Jumbo Drum,Office Star - Mid Back Dual function Ergonomic High Back Chair with 2-Way Adjustable Arms,0.62,United States,West,Idaho,Eagle,83616,2015-05-04,2015-05-05,1304.9,18,2934.16,88588,1917,False,False,False,William,1,2015-05-01,May,19,Monday,Q2,2897.64,86.9292,0.4447269405894703,False,-0.17527305941052967,1-3%,2k-10k,Same/next day,3,ID
18630,Medium,0.04,65.99,5.63,3356,Richard Tan,Express Air,Corporate,Technology,Telephones and Communication,Small Box,2190,0.56,United States,West,Idaho,Eagle,83616,2015-05-04,2015-05-04,605.0472,15,876.88,88588,1918,False,False,False,William,0,2015-05-01,May,19,Monday,Q2,989.8499999999999,39.593999999999994,0.69,False,0.1299999999999999,4-6%,500-2k,Same/next day,3,ID
22597,High,0.09,28.53,1.49,3359,Jeffrey Cheng,Regular Air,Home Office,Office Supplies,Binders and Binder Accessories,Small Box,Lock-Up Easel 'Spel-Binder',0.38,United States,Central,Wisconsin,Wauwatosa,53213,2015-04-28,2015-04-30,107.45461999999999,6,157.33,91437,1919,False,False,False,Chris,2,2015-04-01,Apr,18,Tuesday,Q2,171.18,15.4062,0.6829887497616474,False,0.30298874976164736,7-9%,100-500,2-3 days,2,WI
23359,Not Specified,0.02,9.11,2.15,3360,Daniel Huff,Regular Air,Home Office,Office Supplies,Paper,Wrap Bag,"Black Print Carbonless Snap-Off® Rapid Letter, 8 1/2"" x 7""",0.4,United States,Central,Wisconsin,West Allis,53214,2015-03-20,2015-03-22,18.41,3,27.37,91435,1920,False,True,False,Chris,2,2015-03-01,Mar,12,Friday,Q1,27.33,0.5466,0.6726342710997443,False,0.27263427109974425,1-3%,<100,2-3 days,5,WI
23360,Not Specified,0.06,12.64,4.98,3361,Oscar Kenney,Regular Air,Home Office,Furniture,Office Furnishings,Small Pack,Nu-Dell Executive Frame,0.48,United States,Central,Wisconsin,West Bend,53095,2015-03-20,2015-03-22,65.63,8,98.16,91435,1921,False,True,False,Chris,2,2015-03-01,Mar,12,Friday,Q1,101.12,6.0672,0.6686022819885901,False,0.18860228198859008,4-6%,<100,2-3 days,5,WI
24802,Medium,0.04,7.96,4.95,3361,Oscar Kenney,Regular Air,Home Office,Furniture,Office Furnishings,Small Box,Staples Plastic Wall Frames,0.41,United States,Central,Wisconsin,West Bend,53095,2015-01-26,2015-01-26,-7.73,15,116.11,91436,1922,False,False,False,Chris,0,2015-01-01,Jan,5,Monday,Q1,119.4,4.776000000000001,-0.06657479975884938,True,-0.47657479975884937,4-6%,100-500,Same/next day,3,WI
23887,Medium,0.03,4.98,4.95,3361,Oscar Kenney,Regular Air,Home Office,Office Supplies,Binders and Binder Accessories,Small Box,Cardinal Holdit Business Card Pockets,0.37,United States,Central,Wisconsin,West Bend,53095,2015-06-09,2015-06-11,-47.99525,19,95.0,91438,1923,False,False,False,Chris,2,2015-06-01,Jun,24,Tuesday,Q2,94.62,2.8386,-0.5052131578947369,True,-0.8752131578947369,1-3%,<100,2-3 days,3,WI
19749,Low,0.1,80.97,33.6,3366,Dana Boyle,Delivery Truck,Home Office,Technology,Office Machines,Jumbo Drum,Lexmark Z25 Color Inkjet Printer,0.37,United States,East,Ohio,Troy,45373,2015-05-24,2015-05-29,66.22,11,837.57,90501,1924,False,False,False,Erin,5,2015-05-01,May,21,Sunday,Q2,890.67,89.06700000000001,0.07906204854519622,False,-0.2909379514548038,10%+,500-2k,4-7 days,4,OH
19750,Low,0.02,6.48,5.11,3366,Dana Boyle,Regular Air,Home Office,Office Supplies,Paper,Small Box,Xerox 231,0.37,United States,East,Ohio,Troy,45373,2015-05-24,2015-05-28,-23.53,8,56.22,90501,1925,False,False,False,Erin,4,2015-05-01,May,21,Sunday,Q2,51.84,1.0368000000000002,-0.4185343294201352,True,-0.7885343294201352,1-3%,<100,4-7 days,4,OH
23428,Critical,0.08,30.97,4.0,3367,Renee McKenzie,Regular Air,Home Office,Technology,Computer Peripherals,Small Box,Microsoft Multimedia Keyboard,0.74,United States,East,Ohio,Upper Arlington,43221,2015-05-02,2015-05-03,10.680000000000014,26,758.97,90502,1926,False,False,False,Erin,1,2015-05-01,May,18,Saturday,Q2,805.22,64.41760000000001,0.014071702438831593,False,-0.7259282975611684,7-9%,500-2k,Same/next day,1,OH
23429,Critical,0.1,4.13,0.5,3367,Renee McKenzie,Express Air,Home Office,Office Supplies,Labels,Small Box,Avery 506,0.39,United States,East,Ohio,Upper Arlington,43221,2015-05-02,2015-05-04,58.2636,18,84.44,90502,1927,False,False,False,Erin,2,2015-05-01,May,18,Saturday,Q2,74.34,7.434000000000001,0.69,False,0.29999999999999993,10%+,<100,2-3 days,1,OH
26104,Medium,0.06,7.1,6.05,3369,Stacy Byrne,Regular Air,Home Office,Office Supplies,Binders and Binder Accessories,Small Box,"Wilson Jones Hanging View Binder, White, 1""",0.39,United States,East,Ohio,Westerville,43081,2015-02-12,2015-02-13,-42.170500000000004,4,29.99,90500,1928,False,False,False,Erin,1,2015-02-01,Feb,7,Thursday,Q1,28.4,1.704,-1.4061520506835614,True,-1.7961520506835615,4-6%,<100,Same/next day,3,OH
18311,Medium,0.01,179.29,29.21,3374,Jamie Ward,Delivery Truck,Corporate,Furniture,Tables,Jumbo Box,"Bevis Round Conference Table Top, X-Base",0.76,United States,East,Maryland,Odenton,21113,2015-06-02,2015-06-04,66.36222000000001,8,1487.9,87473,1929,False,False,False,Erin,2,2015-06-01,Jun,23,Tuesday,Q2,1434.32,14.3432,0.044601263525774586,False,-0.7153987364742255,1-3%,500-2k,2-3 days,3,MD
18320,High,0.05,73.98,12.14,3374,Jamie Ward,Regular Air,Home Office,Technology,Computer Peripherals,Small Box,Keytronic 105-Key Spanish Keyboard,0.67,United States,East,Maryland,Odenton,21113,2015-06-29,2015-06-30,-1.904000000000019,8,600.4,87474,1930,False,False,False,Erin,1,2015-06-01,Jun,27,Monday,Q2,591.84,29.592000000000002,-0.0031712191872085593,True,-0.6731712191872086,4-6%,500-2k,Same/next day,2,MD
18321,High,0.0,5.98,7.15,3374,Jamie Ward,Regular Air,Home Office,Office Supplies,Paper,Small Box,Universal Premium White Copier/Laser Paper (20Lb. and 87 Bright),0.36,United States,East,Maryland,Odenton,21113,2015-06-29,2015-07-01,-37.048,5,34.25,87474,1931,False,False,False,Erin,2,2015-06-01,Jun,27,Monday,Q2,29.900000000000002,0.0,-1.0816934306569344,True,-1.4416934306569344,0%,<100,2-3 days,2,MD
18322,High,0.09,3.57,4.17,3374,Jamie Ward,Regular Air,Home Office,Office Supplies,Pens & Art Supplies,Small Pack,Barrel Sharpener,0.59,United States,East,Maryland,Odenton,21113,2015-06-29,2015-07-01,-56.888,9,31.45,87474,1932,False,False,False,Erin,2,2015-06-01,Jun,27,Monday,Q2,32.129999999999995,2.8916999999999993,-1.8088394276629571,True,-2.398839427662957,7-9%,<100,2-3 days,2,MD
22378,Critical,0.0,19.98,5.97,3379,Annette McIntyre,Express Air,Corporate,Office Supplies,Paper,Small Box,Xerox 1936,0.38,United States,South,Georgia,Kennesaw,30144,2015-03-26,2015-03-29,-189.714,12,249.07,88837,1933,False,False,False,Sam,3,2015-03-01,Mar,13,Thursday,Q1,239.76,0.0,-0.7616894848837676,True,-1.1416894848837678,0%,100-500,2-3 days,1,GA
20366,Critical,0.05,3.14,1.92,3379,Annette McIntyre,Express Air,Home Office,Office Supplies,"Scissors, Rulers and Trimmers",Wrap Bag,Serrated Blade or Curved Handle Hand Letter Openers,0.84,United States,South,Georgia,Kennesaw,30144,2015-04-25,2015-04-26,1628.37,18,59.22,88839,1934,False,False,False,Sam,1,2015-04-01,Apr,17,Saturday,Q2,56.52,2.8260000000000005,27.496960486322187,False,26.656960486322188,4-6%,<100,Same/next day,1,GA
23181,Critical,0.03,315.98,19.99,3380,Eva Decker,Regular Air,Home Office,Office Supplies,Binders and Binder Accessories,Small Box,GBC ProClick™ 150 Presentation Binding System,0.38,United States,South,Georgia,La Grange,30240,2015-04-20,2015-04-22,-4.48,18,5572.18,88838,1935,False,False,False,Sam,2,2015-04-01,Apr,17,Monday,Q2,5687.64,170.6292,-0.0008039941279714582,True,-0.38080399412797145,1-3%,2k-10k,2-3 days,1,GA
23182,Critical,0.09,276.2,24.49,3380,Eva Decker,Regular Air,Home Office,Furniture,Chairs & Chairmats,Large Box,SAFCO Arco Folding Chair,0.62,United States,South,Georgia,La Grange,30240,2015-04-20,2015-04-21,3193.284,11,2941.42,88838,1936,True,False,False,Sam,1,2015-04-01,Apr,17,Monday,Q2,3038.2,273.438,1.0856266701117148,False,0.46562667011171477,7-9%,2k-10k,Same/next day,1,GA
23183,Critical,0.03,63.94,14.48,3380,Eva Decker,Regular Air,Home Office,Furniture,Office Furnishings,Small Box,"Howard Miller 16"" Diameter Gallery Wall Clock",0.46,United States,South,Georgia,La Grange,30240,2015-04-20,2015-04-21,43.6917,8,522.46,88838,1937,False,False,False,Sam,1,2015-04-01,Apr,17,Monday,Q2,511.52,15.3456,0.08362688052673888,False,-0.37637311947326113,1-3%,500-2k,Same/next day,1,GA
24161,Not Specified,0.05,11.97,5.81,3381,Christopher Norton Patterson,Regular Air,Corporate,Office Supplies,Pens & Art Supplies,Small Pack,Staples SlimLine Pencil Sharpener,0.6,United States,South,Georgia,Macon,31204,2015-03-23,2015-03-25,349.0593,2,25.31,88836,1938,False,False,False,Sam,2,2015-03-01,Mar,13,Monday,Q1,23.94,1.197,13.79135914658238,False,13.19135914658238,4-6%,<100,2-3 days,5,GA
25841,Medium,0.02,28.53,1.49,3381,Christopher Norton Patterson,Regular Air,Home Office,Office Supplies,Binders and Binder Accessories,Small Box,Lock-Up Easel 'Spel-Binder',0.38,United States,South,Georgia,Macon,31204,2015-04-29,2015-04-29,1.9919999999999998,18,513.33,88840,1939,False,False,False,Sam,0,2015-04-01,Apr,18,Wednesday,Q2,513.54,10.2708,0.0038805446788615504,False,-0.37611945532113844,1-3%,500-2k,Same/next day,3,GA
22341,Low,0.04,2.98,2.03,3385,Daniel Richmond,Express Air,Corporate,Office Supplies,Pens & Art Supplies,Wrap Bag,"Premium Writing Pencils, Soft, #2 by Central Association for the Blind",0.57,United States,East,Ohio,Boardman,44512,2015-01-16,2015-01-16,-22.009999999999998,5,15.7,88745,1940,False,False,False,Erin,0,2015-01-01,Jan,3,Friday,Q1,14.9,0.596,-1.4019108280254777,True,-1.9719108280254778,4-6%,<100,Same/next day,4,OH
22342,Low,0.01,125.99,8.99,3385,Daniel Richmond,Regular Air,Corporate,Technology,Telephones and Communication,Small Box,M70,0.59,United States,East,Ohio,Boardman,44512,2015-01-16,2015-01-21,426.46032,6,680.65,88745,1941,False,False,False,Erin,5,2015-01-01,Jan,3,Friday,Q1,755.9399999999999,7.559399999999999,0.6265486226401235,False,0.036548622640123485,1-3%,500-2k,4-7 days,4,OH
23190,Critical,0.0,2.61,0.5,3386,Carmen Elmore,Regular Air,Corporate,Office Supplies,Labels,Small Box,Avery 494,0.39,United States,East,Ohio,Bowling Green,43402,2015-05-03,2015-05-05,19.554599999999997,10,28.34,88746,1942,False,False,False,Erin,2,2015-05-01,May,18,Sunday,Q2,26.099999999999998,0.0,0.69,False,0.29999999999999993,0%,<100,2-3 days,1,OH
23191,Critical,0.04,25.38,8.99,3386,Carmen Elmore,Express Air,Corporate,Furniture,Office Furnishings,Small Pack,"Executive Impressions 13"" Chairman Wall Clock",0.5,United States,East,Ohio,Bowling Green,43402,2015-05-03,2015-05-06,152.48200000000003,35,861.3,88746,1943,False,False,False,Erin,3,2015-05-01,May,18,Sunday,Q2,888.3,35.532,0.17703703703703708,False,-0.3229629629629629,4-6%,500-2k,2-3 days,1,OH
19464,Not Specified,0.03,95.99,35.0,3388,Aaron Shaffer,Regular Air,Corporate,Office Supplies,Storage & Organization,Large Box,Safco Industrial Wire Shelving,0.6,United States,West,California,Fairfield,94533,2015-05-11,2015-05-12,67.01200000000006,9,894.64,90154,1944,True,False,False,William,1,2015-05-01,May,20,Monday,Q2,863.91,25.917299999999997,0.07490387194849331,False,-0.5250961280515066,1-3%,500-2k,Same/next day,5,CA
18640,Medium,0.08,125.99,7.69,3393,Irene Murphy,Regular Air,Consumer,Technology,Telephones and Communication,Small Box,StarTAC 3000,0.59,United States,West,Washington,Pullman,99163,2015-04-29,2015-04-30,374.625,7,710.36,87908,1945,False,False,False,William,1,2015-04-01,Apr,18,Wednesday,Q2,881.93,70.5544,0.527373444450701,False,-0.06262655554929897,7-9%,500-2k,Same/next day,3,WA
19635,Critical,0.08,4.48,2.5,3393,Irene Murphy,Regular Air,Consumer,Office Supplies,Envelopes,Small Box,Ampad #10 Peel & Seel® Holiday Envelopes,0.37,United States,West,Washington,Pullman,99163,2015-02-14,2015-02-15,-3.2448,19,80.2,87909,1946,False,False,False,William,1,2015-02-01,Feb,7,Saturday,Q1,85.12,6.8096000000000005,-0.04045885286783042,True,-0.4104588528678304,7-9%,<100,Same/next day,1,WA
20624,Low,0.0,1270.99,19.99,3397,Andrea Shaw,Regular Air,Small Business,Office Supplies,Binders and Binder Accessories,Small Box,Fellowes PB500 Electric Punch Plastic Comb Binding Machine with Manual Bind,0.35,United States,Central,Illinois,Danville,61832,2015-06-07,2015-06-09,6384.438899999999,7,9252.81,87535,1947,False,False,False,Chris,2,2015-06-01,Jun,23,Sunday,Q2,8896.93,0.0,0.69,False,0.33999999999999997,0%,2k-10k,2-3 days,4,IL
19842,High,0.01,10.9,7.46,3397,Andrea Shaw,Regular Air,Small Business,Office Supplies,Storage & Organization,Small Box,Crate-A-Files™,0.59,United States,Central,Illinois,Danville,61832,2015-03-11,2015-03-12,-116.76,18,207.31,87536,1948,False,False,False,Chris,1,2015-03-01,Mar,11,Wednesday,Q1,196.20000000000002,1.9620000000000002,-0.5632145096715064,True,-1.1532145096715065,1-3%,100-500,Same/next day,2,IL
19843,High,0.1,7.99,5.03,3397,Andrea Shaw,Regular Air,Small Business,Technology,Telephones and Communication,Medium Box,Bell Sonecor JB700 Caller ID,0.6,United States,Central,Illinois,Danville,61832,2015-03-11,2015-03-12,-160.952,22,143.12,87536,1949,False,False,False,Chris,1,2015-03-01,Mar,11,Wednesday,Q1,175.78,17.578,-1.1245947456679708,True,-1.7245947456679707,10%+,100-500,Same/next day,2,IL
26208,Not Specified,0.08,11.97,5.81,3399,Marvin Reid,Regular Air,Small Business,Office Supplies,Pens & Art Supplies,Small Pack,Staples SlimLine Pencil Sharpener,0.6,United States,Central,Illinois,Des Plaines,60016,2015-03-29,2015-03-31,-41.87,5,59.98,87534,1950,False,False,False,Chris,2,2015-03-01,Mar,13,Sunday,Q1,59.85,4.788,-0.6980660220073358,True,-1.298066022007336,7-9%,<100,2-3 days,5,IL
24911,Medium,0.1,9.38,4.93,3400,Florence Gold,Express Air,Small Business,Furniture,Office Furnishings,Small Box,"Eldon Expressions Punched Metal & Wood Desk Accessories, Black & Cherry",0.57,United States,East,West Virginia,Fairmont,26554,2015-04-04,2015-04-04,-24.7104,15,135.78,87537,1951,False,False,False,Erin,0,2015-04-01,Apr,14,Saturday,Q2,140.70000000000002,14.070000000000002,-0.1819885108263367,True,-0.7519885108263367,10%+,100-500,Same/next day,3,WV
25914,High,0.1,105.98,13.99,3403,Tammy Buckley,Express Air,Consumer,Furniture,Office Furnishings,Medium Box,"Tenex 46"" x 60"" Computer Anti-Static Chairmat, Rectangular Shaped",0.65,United States,West,Wyoming,Cheyenne,82001,2015-02-08,2015-02-11,349.48499999999996,5,506.5,87530,1952,False,False,False,William,3,2015-02-01,Feb,6,Sunday,Q1,529.9,52.99,0.69,False,0.039999999999999925,10%+,500-2k,2-3 days,2,WY
